timestamp,voltage_pu,active_power_kw,reactive_power_kvar,frequency_hz,temperature_c,label,attack_type,severity
0,0.9895925072125196,18.047157305658807,1.8047157305658807,50.032299020298716,39.656180018515045,normal,none,none
1,1.0428583121984243,31.28060925203563,3.128060925203563,50.046709777958796,34.310779547418186,normal,none,none
2,0.9923380311809885,18.492046687826992,1.8492046687826993,49.900086707902545,47.81522179465439,normal,none,none
3,0.9996220963970598,16.586369681739946,1.6586369681739948,50.12318918087634,32.7776407706262,normal,none,none
4,0.9917682290840305,9.14352058348734,0.9143520583487341,50.02972648208265,52.58639239871829,normal,none,none
5,1.0225470476439937,29.89436743772366,2.989436743772366,49.979427408309164,33.95444555593287,normal,none,none
6,1.0016077599020126,27.665761519492023,2.7665761519492023,50.09272623193644,28.94575053310972,normal,none,none
7,0.9900228009982439,23.930155096596835,2.3930155096596835,50.031410006932205,44.94128222317003,normal,none,none
8,1.0194560601242542,34.90263637141118,3.4902636371411178,49.89508729256054,33.40565940482682,normal,none,none
9,0.9804262069458193,24.45153504914586,2.445153504914586,50.07056852476376,38.36249567897084,normal,none,none
10,1.0125643574365746,22.192152913710192,2.2192152913710195,50.164777486207406,33.741769842267956,normal,none,none
11,1.0010779777382142,22.3867280465693,2.23867280465693,49.96192486694612,34.34612545181647,normal,none,none
12,1.0419988135267508,23.007540729690902,2.3007540729690903,50.11817976169017,22.909324678456294,normal,none,none
13,0.9975734218957814,28.920781792789985,2.8920781792789985,49.990687134253015,27.788257035325312,normal,none,none
14,0.9922179618278154,20.48630911045758,2.048630911045758,49.998587577268715,41.38807447164947,normal,none,none
15,0.9985907954365812,32.245712532595654,3.2245712532595654,49.963803724798346,40.913158006606594,normal,none,none
16,1.0128067150179163,19.65547203012123,1.9655472030121233,50.08900447793129,31.813728799057298,normal,none,none
17,0.9920586588457843,29.05362851789117,2.9053628517891172,50.02139914183825,50.902845257769776,normal,none,none
18,0.9996511514569217,24.531194114703215,2.453119411470322,50.019575357821076,40.66919456282994,normal,none,none
19,1.009803288733024,21.213555421894146,2.1213555421894146,49.916897511490355,41.299818024162235,normal,none,none
20,1.0077551379177103,31.818711648851004,3.1818711648851004,50.00865337764556,49.559728199328944,normal,none,none
21,0.986984832320685,31.791799383731174,3.1791799383731174,49.96968605545581,33.72814793930212,normal,none,none
22,0.9967364930571582,32.20124129431606,3.2201241294316065,50.116061040601366,44.495993437791654,normal,none,none
23,1.0031689155434755,23.638923780886028,2.363892378088603,49.93346519503527,40.71902344801643,normal,none,none
24,0.9943146362178328,27.57829743559151,2.7578297435591512,50.13132304780561,25.51018465702805,normal,none,none
25,1.0132770216712867,28.996577796892357,2.8996577796892358,50.10123934378878,44.54633543209013,normal,none,none
26,0.9895377819933951,26.37929920872618,2.6379299208726184,50.10606859264616,25.62388205227174,normal,none,none
27,1.0042547208568584,28.339029174069918,2.833902917406992,50.09837689771888,46.36071375377687,normal,none,none
28,1.0211660180986117,23.621335970957407,2.362133597095741,50.013385057757525,31.703422586011204,normal,none,none
29,0.9912279942659274,13.644681563322209,1.364468156332221,50.0979639368377,42.10008615676287,normal,none,none
30,1.0113041467052517,28.522014693979248,2.852201469397925,50.16485805254457,22.760725418609447,normal,none,none
31,0.9741446925511237,29.276027098113094,2.9276027098113095,49.94475654912534,31.56728864934423,normal,none,none
32,1.0126642388717244,24.86149814037626,2.486149814037626,50.0054482842954,33.13327277832592,normal,none,none
33,1.0204999023932275,33.223902596327775,3.322390259632778,49.88388368345581,39.693034198299415,normal,none,none
34,0.9980570276787692,20.400711432438946,2.0400711432438947,49.98815657779774,42.67490333666091,normal,none,none
35,1.0114881763472787,27.935443901043996,2.7935443901043997,49.89505046382375,34.09436084731312,normal,none,none
36,1.0225139121136062,26.397938395355215,2.6397938395355216,49.905884251609365,31.680160929879385,normal,none,none
37,0.9696512636735458,24.740162721736223,2.4740162721736225,49.900676950996704,42.14134616074368,normal,none,none
38,1.004619881795369,22.291233993719878,2.229123399371988,49.997999038614104,36.440459341064035,normal,none,none
39,0.9761185525974418,28.34837558991108,2.834837558991108,49.93408364079385,42.997487697608314,normal,none,none
40,0.9913869000776867,25.667437826156764,2.5667437826156765,49.948001999503944,21.40334567896833,normal,none,none
41,1.033498111875477,25.253606133532372,2.5253606133532376,49.861775696519494,47.09323593735803,normal,none,none
42,1.0213293268473236,28.101430236553362,2.8101430236553364,49.99321771345883,34.31888197576409,normal,none,none
43,0.9675978921663148,28.03172281789676,2.803172281789676,50.046498083418186,38.76632767057471,normal,none,none
44,1.0279052888986273,19.081639087325854,1.9081639087325855,49.99378106983465,41.74309635632901,normal,none,none
45,0.9994052016116693,28.177774769905223,2.8177774769905226,50.00185555631036,15.240061324181188,normal,none,none
46,1.021395675593085,27.38621882191292,2.738621882191292,49.87280706153485,31.21758092468732,normal,none,none
47,0.9762559076624213,28.516824934844657,2.851682493484466,49.92019333572859,44.93574414105912,normal,none,none
48,0.9916219041128524,31.77020648583315,3.1770206485833152,50.0892759906209,32.8621214505204,normal,none,none
49,0.9809764219276103,23.572537788821176,2.3572537788821175,50.017858424321744,37.57900877230628,normal,none,none
50,1.005187489970281,17.86363191599932,1.786363191599932,50.05346672544319,45.97024960279621,normal,none,none
51,1.0002928890750624,22.703891266766522,2.2703891266766525,49.98695627465751,37.471208888543366,normal,none,none
52,1.0005328902770632,22.434257540661573,2.2434257540661573,50.05732027270828,37.95948053874904,normal,none,none
53,0.9828227910644884,27.228925222823754,2.7228925222823754,50.033655056754554,44.88050462765933,normal,none,none
54,0.9982114481947632,25.51664523199519,2.5516645231995194,49.91186255158181,46.13708198274738,normal,none,none
55,0.9827803187368559,12.910510530179419,1.291051053017942,50.21685839580766,34.73247107001152,normal,none,none
56,0.9909017345216141,27.12949163270376,2.7129491632703764,49.797517211520784,33.30743703881946,normal,none,none
57,0.9636478371928565,23.984822754873008,2.398482275487301,50.183869887560675,31.23297668305989,normal,none,none
58,0.9871554761843193,14.264547493862441,1.4264547493862443,49.87268950098382,40.06231747364404,normal,none,none
59,1.0245725639749759,26.017825168104622,2.6017825168104625,50.0007902530893,24.903496637933834,normal,none,none
60,0.9851760010668572,17.78892154254658,1.7788921542546579,50.09411552036122,38.292696115130354,normal,none,none
61,0.9950259012900124,22.170002366907614,2.2170002366907613,50.05952803041307,27.486107524400147,normal,none,none
62,1.0000009322487289,24.957599668977455,2.4957599668977455,50.00547515078695,31.22800304378244,normal,none,none
63,0.983152616314123,19.082978018079416,1.9082978018079417,50.02584363774706,33.24902991107189,normal,none,none
64,1.002023712367944,29.95177020056863,2.9951770200568633,50.074500281269955,37.05898771417255,normal,none,none
65,0.9935856887870359,25.86522046288755,2.586522046288755,50.112270107258226,32.68977732756447,normal,none,none
66,1.0196494716051947,22.219967008130524,2.2219967008130523,49.91839172666093,23.84016627680026,normal,none,none
67,0.9999420060071187,18.468874184025143,1.8468874184025144,50.096413237229875,39.58232105558382,normal,none,none
68,0.9751949167525484,32.23801662146009,3.223801662146009,50.068682618503885,38.52495841196536,normal,none,none
69,1.0257979715106942,17.97704350079508,1.797704350079508,50.01279049383296,19.316619034261834,normal,none,none
70,0.9996872865608966,27.715834451517832,2.7715834451517836,50.039058675889976,29.045302858522895,normal,none,none
71,0.9693547135957343,25.028904557235304,2.5028904557235307,49.871853915753874,33.011608492801926,normal,none,none
72,1.0045284284391227,26.503482543772957,2.650348254377296,50.01497641434286,38.768522636443095,normal,none,none
73,1.018560060940465,27.618862482328574,2.7618862482328574,49.88109668509142,22.776604859866158,normal,none,none
74,0.9916980961077266,32.589108946914514,3.258910894691452,50.00119956768515,29.61328605128107,normal,none,none
75,1.0106869366611613,37.6678801740035,3.76678801740035,50.06101374897997,27.80850077680484,normal,none,none
76,0.9821281177215699,28.061469631894134,2.8061469631894136,49.969575604670126,31.279891989846647,normal,none,none
77,0.996919500698879,20.691256632932085,2.0691256632932085,50.052575701710474,26.789442812400495,normal,none,none
78,0.9654046624591178,34.86113959365257,3.486113959365257,50.149423846637575,42.29805480421526,normal,none,none
79,1.020399865826522,26.77181942368878,2.677181942368878,49.97485638447337,28.33247844614555,normal,none,none
80,1.0118680751723044,33.813742771205945,3.3813742771205946,50.020771151984086,30.07417167837248,normal,none,none
81,0.99791942328479,26.11655949298028,2.611655949298028,50.059005114872626,26.09497787729618,normal,none,none
82,1.0066715353879634,24.104212539283118,2.410421253928312,50.15612463430347,33.15322766562046,normal,none,none
83,0.9968014205635548,29.017329534652397,2.90173295346524,50.06818354784473,25.37668660401878,normal,none,none
84,1.0137291908947952,24.41681116451238,2.4416811164512384,49.89237452777663,31.922673610190174,normal,none,none
85,0.9814053792381006,27.360189541165862,2.7360189541165862,49.92405208634807,34.67502797630636,normal,none,none
86,1.0022542668411025,23.91205974619031,2.391205974619031,49.9852181185581,34.94431995369294,normal,none,none
87,1.0049458867285175,23.984912928008896,2.3984912928008897,49.88504341373618,26.35323271653958,normal,none,none
88,1.008700145575958,33.09432742962265,3.309432742962265,50.027919205594436,28.72325544983734,normal,none,none
89,0.9525908844504313,25.282178007363992,2.5282178007363996,50.006895815506,34.28549056644084,normal,none,none
90,1.0142675083408557,18.328935003624665,1.8328935003624665,49.93155669615866,38.382834687266275,normal,none,none
91,1.0103570113652303,25.276913183645227,2.527691318364523,49.87621433986146,45.46336121340659,normal,none,none
92,0.9614352606439988,22.40873292735815,2.2408732927358153,50.05733983880333,31.199325718371735,normal,none,none
93,0.9821627153120122,26.125886236104687,2.6125886236104687,50.118687677168985,30.026299622105565,normal,none,none
94,1.0259364139608331,30.2788018823844,3.02788018823844,50.020808540714704,34.75269759746062,normal,none,none
95,1.0045985200086458,30.360150302310565,3.0360150302310567,50.149198197674,39.19021197935389,normal,none,none
96,1.0122714325634392,27.433590084030527,2.743359008403053,49.91022714568735,22.33630165166867,normal,none,none
97,0.963950567207435,33.298616601506254,3.3298616601506255,49.97845908945094,41.16407021009266,normal,none,none
98,0.9962226274377086,25.83727926372448,2.583727926372448,49.955738884399395,39.12166525782766,normal,none,none
99,0.9618783472387705,17.36883056403078,1.7368830564030782,49.88829503247296,19.123279133466454,normal,none,none
100,0.9794680527007936,24.10045042156853,2.4100450421568533,49.860808609833164,38.09126936759743,normal,none,none
101,1.0070029452877205,35.35770564286092,3.5357705642860924,50.00636679165505,33.66904015171325,normal,none,none
102,0.9948902069571129,19.500052791448045,1.9500052791448046,49.945254210792875,38.24963015340628,normal,none,none
103,1.0001359846908595,23.75597402827176,2.375597402827176,50.12506410462526,32.00896043148108,normal,none,none
104,1.0133472009316238,26.269719842289376,2.6269719842289376,50.00726157853822,25.91004555274749,normal,none,none
105,1.0001925145262538,26.314279607624012,2.6314279607624016,50.02127883016411,32.637363455735645,normal,none,none
106,0.9710494870432602,27.559707592871018,2.755970759287102,50.06487587611107,24.82780346187826,normal,none,none
107,0.9817598615857414,27.013436506519557,2.701343650651956,49.948666184714405,33.549597067925205,normal,none,none
108,0.9801488049096435,26.081241028503833,2.6081241028503834,49.91964549708664,50.43901167588891,normal,none,none
109,1.016591031157038,29.8807723031555,2.9880772303155503,50.000749148448314,50.25133904147349,normal,none,none
110,1.013756461905756,32.8494637677042,3.2849463767704203,50.07524428379973,42.49547546805205,normal,none,none
111,0.977856809200848,26.240965353200064,2.6240965353200068,49.84604839445405,35.257372594149544,normal,none,none
112,0.9956753813899937,13.706908379775873,1.3706908379775875,50.050498158983146,21.836864585805557,normal,none,none
113,1.0307649997532722,24.236905994462457,2.423690599446246,50.13787303491041,31.644781527893922,normal,none,none
114,1.0143887968963008,24.471564976039122,2.4471564976039124,50.02119979306192,45.358823792846394,normal,none,none
115,0.9853327771984872,21.43633657331965,2.143633657331965,50.08517216775367,34.67004847347325,normal,none,none
116,0.9759525099680213,23.135164306491255,2.3135164306491256,50.014064923937504,28.20893461218813,normal,none,none
117,1.0237645258991688,19.49440441142357,1.9494404411423571,50.12339599909376,34.572817261753634,normal,none,none
118,1.005058233913434,32.67966800283871,3.267966800283871,50.03835324330772,49.182517873483675,normal,none,none
119,1.003641408688794,25.88052461192783,2.588052461192783,49.8498635934707,43.69389690276393,normal,none,none
120,0.9863239522564675,31.48913540322754,3.148913540322754,49.90171025935041,34.09960453520693,normal,none,none
121,0.9749057819050748,13.845656509076846,1.3845656509076847,50.05032866218173,27.949895763435634,normal,none,none
122,0.9998030258575126,13.500906455753565,1.3500906455753565,50.00418754120542,31.29755973013799,normal,none,none
123,0.9927062998759364,26.95172682348792,2.695172682348792,49.944390273366345,21.48144710716887,normal,none,none
124,1.019649587196562,16.377887147182918,1.637788714718292,49.88957166222892,34.35382457923452,normal,none,none
125,0.9936421407858002,27.3320498647738,2.7332049864773804,49.93466477744235,29.31195260427099,normal,none,none
126,1.0420109441364716,25.03888297234223,2.503888297234223,49.96176595418901,45.287106581904524,normal,none,none
127,1.002260000293704,29.442347508879326,2.944234750887933,49.89771506784984,37.62856998075259,normal,none,none
128,0.9974620567655408,19.874201150396498,1.98742011503965,50.10660238318729,39.03201418294651,normal,none,none
129,0.9971747540676031,27.794838033314438,2.779483803331444,49.90059143494274,28.092952949959326,normal,none,none
130,1.0236008906450258,26.945543254980592,2.6945543254980593,50.13578924529033,48.75757508063838,normal,none,none
131,0.9845509745211306,29.80724660269599,2.9807246602695994,49.88160842727428,17.187161279290383,normal,none,none
132,1.0075830992547412,21.608498002326954,2.1608498002326955,50.103651593519984,36.4981885967582,normal,none,none
133,1.0007892169589223,26.74567109650483,2.674567109650483,50.01517841988309,44.608849216661284,normal,none,none
134,0.9950055254126174,18.331876725783722,1.8331876725783722,49.95051723428175,27.4595547679574,normal,none,none
135,0.9846685983591213,28.477085879548532,2.8477085879548536,49.879279769995286,48.043413522220035,normal,none,none
136,1.0179327846467414,23.66885329013673,2.366885329013673,49.94079808822015,24.06475722486463,normal,none,none
137,0.9946388086040785,29.937294267818952,2.9937294267818952,49.7738390928256,35.118977480268015,normal,none,none
138,0.9970439184084855,24.51280074937292,2.4512800749372925,50.053848476650224,31.43162291803273,normal,none,none
139,0.9908609403673261,22.23076075244812,2.223076075244812,50.10770856501633,36.84369055532577,normal,none,none
140,0.9857099394626733,18.915699004790742,1.8915699004790743,49.91485638848324,38.56748826228176,normal,none,none
141,0.9852687586345705,5.269520579011736,0.5269520579011736,50.063272473448485,30.593693266061585,normal,none,none
142,0.9799619867698908,19.74542149057349,1.9745421490573491,50.11568530253462,28.06141446906539,normal,none,none
143,1.011988365804282,18.875951861307783,1.8875951861307785,50.05902817615434,35.12742657099504,normal,none,none
144,0.9821570508259138,36.49890695343758,3.6498906953437587,49.97906677883701,34.63302068776047,normal,none,none
145,1.0252796051622852,20.23811250558599,2.023811250558599,50.12881740936804,39.47456811541636,normal,none,none
146,0.9954924191795089,19.67894778795377,1.967894778795377,49.97466247309329,40.26497534134998,normal,none,none
147,1.0053760815434858,28.92873902541043,2.892873902541043,49.92328962993501,53.63103218919052,normal,none,none
148,0.9699294012373236,20.098911662545227,2.0098911662545227,49.93307263749153,41.30443350069433,normal,none,none
149,1.0279086307671013,27.30366354715512,2.730366354715512,49.83071729924617,31.057206910026373,normal,none,none
150,0.9931192545999864,24.716246712803905,2.4716246712803907,49.965075608408796,43.323936942266066,normal,none,none
151,1.0009404610716761,30.843951965971677,3.0843951965971677,49.95105211580401,32.12765376408997,normal,none,none
152,0.9618115891706596,31.79435922783499,3.179435922783499,49.89213517931527,42.805396221973936,normal,none,none
153,0.9614695236259648,25.366249936331503,2.5366249936331506,50.01612154810423,19.16091578179075,normal,none,none
154,1.0000512879467292,25.94745967225224,2.594745967225224,50.12183416453316,42.96353087682564,normal,none,none
155,1.0203932934415592,25.85414797916875,2.5854147979168753,49.76148598211436,29.336016748899937,normal,none,none
156,0.9952502771511901,25.91577905144799,2.591577905144799,49.872366484257064,33.722729805032905,normal,none,none
157,1.0313931687409317,26.976827110605,2.6976827110605,50.042774935322896,37.844583046766786,normal,none,none
158,0.9866688590968337,22.402956158845996,2.2402956158845995,50.021774154977045,32.37670643112636,normal,none,none
159,1.0171111044647023,21.35139988600143,2.135139988600143,50.09414469386334,31.62793004661999,normal,none,none
160,1.0002123786165533,22.22588291408273,2.222588291408273,49.9631743316667,37.88465956612059,normal,none,none
161,1.011781659725427,27.073117204786502,2.7073117204786503,50.22903593959541,23.581875523185715,normal,none,none
162,0.9991185365804637,19.55224720835463,1.955224720835463,50.04984862248419,31.332243540043645,normal,none,none
163,1.0061194169659227,28.960952836040008,2.896095283604001,49.99219437368668,43.723556002999565,normal,none,none
164,1.0005777268815412,29.529316688304128,2.952931668830413,50.08485349234574,44.405823257970056,normal,none,none
165,0.9733431678873476,16.124338217311674,1.6124338217311676,50.016607801523676,46.4444300038363,normal,none,none
166,0.9819017360682502,23.519808074668216,2.3519808074668216,50.24460491679945,36.752272551387,normal,none,none
167,1.0204833761187269,24.94265093779037,2.494265093779037,49.98606931781968,7.143532961310882,normal,none,none
168,1.0181306570427575,18.53787047831176,1.853787047831176,50.042671939533065,32.90087465859458,normal,none,none
169,1.0015171023890181,25.956394873126168,2.595639487312617,50.07637132877179,45.323969364242195,normal,none,none
170,0.992547836370187,21.33149378405637,2.133149378405637,49.92120311495661,39.691047303944856,normal,none,none
171,0.997905593960204,31.74994137872577,3.1749941378725772,50.06003549738036,44.34689326330477,normal,none,none
172,0.9814098452573397,26.348522353459494,2.6348522353459494,50.02923597643466,43.57338910321534,normal,none,none
173,1.006433746000345,20.505549256161856,2.050554925616186,49.96387357296918,39.791497773287716,normal,none,none
174,0.9999969243243942,30.02634269817807,3.0026342698178072,49.922960743398086,50.106509065186124,normal,none,none
175,1.020710176307332,30.662938330734857,3.0662938330734857,50.06547487595002,35.51139009826194,normal,none,none
176,1.0008046573215783,29.16481929335905,2.916481929335905,49.944743349537376,25.45566136952315,normal,none,none
177,1.010664606991421,26.074848083074393,2.6074848083074396,50.203969237610636,37.34142562294422,normal,none,none
178,0.995365680822908,27.146977832929057,2.714697783292906,49.86621683934527,40.11072303310247,normal,none,none
179,1.0063837845202872,32.776984029121415,3.277698402912142,50.055427621775515,41.63564039811958,normal,none,none
180,1.011232837642348,23.379596884062135,2.3379596884062135,49.90691511514123,18.52389639197076,normal,none,none
181,1.0001699731352205,21.316663084321135,2.1316663084321137,49.96644759916729,46.2045388967866,normal,none,none
182,1.0202157980675497,18.464308048692665,1.8464308048692666,50.06287661663676,31.143251373311337,normal,none,none
183,1.0269686393140927,30.448925506584427,3.0448925506584428,49.94734352869694,34.22206279036464,normal,none,none
184,1.0202947504229245,19.654229000341957,1.9654229000341958,50.17757351016447,23.098513183919245,normal,none,none
185,1.0326767148336295,26.443656234037604,2.6443656234037607,50.23887175696444,26.673317078898926,normal,none,none
186,1.0168932957137213,29.495863218644615,2.949586321864462,50.01135102887074,32.74286814772327,normal,none,none
187,1.0146150915601866,21.20813158968226,2.120813158968226,49.73030982664143,36.19385891477276,normal,none,none
188,0.9717416813432532,17.664372014720858,1.766437201472086,50.1673348303876,45.02398169905214,normal,none,none
189,1.0213835092777679,20.274744336642332,2.027474433664233,49.97137212818769,29.04220911235019,normal,none,none
190,1.0203632242463019,22.176976474348727,2.2176976474348726,50.04262080421246,29.370885475819914,normal,none,none
191,1.0212737408393937,16.61694959382728,1.661694959382728,50.037769041941004,28.1138374391452,normal,none,none
192,1.0358830294859351,29.91464126213212,2.991464126213212,49.97214940958739,45.45178697580441,normal,none,none
193,0.9652890396422713,31.079479751633723,3.1079479751633725,50.098075441125204,35.15204157199747,normal,none,none
194,0.9843989968523312,23.020448910120177,2.302044891012018,50.091351164313615,36.672166338670685,normal,none,none
195,0.9724957815931327,30.1455891688546,3.01455891688546,50.18577028350087,14.618156318750405,normal,none,none
196,0.99532292873525,21.971069575640737,2.1971069575640736,50.06004556500287,36.363556161945326,normal,none,none
197,0.963436614120993,19.806534303249165,1.9806534303249166,49.87269367207481,40.35146904413491,normal,none,none
198,0.9831564754119549,22.686114303804075,2.2686114303804077,49.95977431316562,28.902925299716262,normal,none,none
199,1.009382034533619,13.832019906791732,1.3832019906791733,49.88901495601388,22.831563690865984,normal,none,none
200,0.9964207373049472,17.94117876643492,1.794117876643492,49.8113392689231,22.73048177388434,normal,none,none
201,0.9897246081447986,16.420680352708217,1.642068035270822,50.04902431482727,30.761247523251043,normal,none,none
202,1.022502620857143,29.102797619321237,2.9102797619321237,50.09167326747447,34.1201768289887,normal,none,none
203,0.9798152362422767,17.96729772992346,1.796729772992346,49.851693157099355,26.445334864389146,normal,none,none
204,1.0240640971679758,25.503108765025278,2.550310876502528,50.075953781346286,40.31443185860457,normal,none,none
205,1.0129979318740077,22.199083788527844,2.2199083788527845,49.92249799313492,34.24523007988849,normal,none,none
206,0.9790274606408347,24.261528904088603,2.4261528904088605,49.92065834397908,42.01454166948194,normal,none,none
207,0.9830501543086793,28.829057848805533,2.8829057848805535,49.956516934554124,38.29582912055155,normal,none,none
208,0.9862283600770485,32.90112274218302,3.290112274218302,50.05960406664774,41.06803370919171,normal,none,none
209,1.027416317512751,23.006931477824516,2.3006931477824515,49.943603239637106,35.02261386755375,normal,none,none
210,1.0123417406175585,26.333833937792885,2.6333833937792885,49.961314632226426,44.74588213661167,normal,none,none
211,1.004963455522685,21.060912056519296,2.10609120565193,49.90983384201129,28.867960988286892,normal,none,none
212,0.9670779101867056,26.781269249505634,2.6781269249505635,49.927154441672855,24.03080032529636,normal,none,none
213,1.0056406841804517,30.03424587690992,3.003424587690992,49.96398687729504,40.42621714284091,normal,none,none
214,0.9750258058978729,28.37238002908572,2.837238002908572,49.87319649836033,34.62140318931183,normal,none,none
215,0.9952622334936351,17.348720220569923,1.7348720220569924,49.91331320195137,21.827000902525462,normal,none,none
216,1.0071948653010707,22.958638498017066,2.2958638498017065,49.96715548555018,37.21023412758021,normal,none,none
217,1.0306770861170074,21.486606480750506,2.1486606480750505,50.1180906388365,37.179660443290814,normal,none,none
218,0.9913971072521245,24.55249041901539,2.455249041901539,50.011192831746484,40.8176135927184,normal,none,none
219,0.9736867289028345,21.883583472632257,2.1883583472632258,49.904883142245716,47.58255399218916,normal,none,none
220,0.9731650736570931,25.406430670091154,2.540643067009116,49.97249908779064,44.014821534061234,normal,none,none
221,1.0376303035220724,32.35880391633214,3.2358803916332146,50.012049393640105,48.66613654117677,normal,none,none
222,0.9769536969931188,34.75048239601854,3.475048239601854,50.16388476796279,48.33778199970465,normal,none,none
223,1.031314741532999,26.580567184274813,2.6580567184274813,50.01207786288185,41.81719328232822,normal,none,none
224,1.010072646708788,20.76434484508915,2.076434484508915,50.02380507043614,37.964014463424704,normal,none,none
225,1.002532309180452,20.651839404783964,2.0651839404783963,49.89185528301322,43.30558496884261,normal,none,none
226,0.988089527125991,23.470846694766077,2.3470846694766077,49.98254359289789,33.59497236508344,normal,none,none
227,1.022347177072998,26.29952358025068,2.629952358025068,50.138943683005266,24.40654376979705,normal,none,none
228,0.9866413743454023,26.669904869010292,2.6669904869010295,49.932786652202275,25.85297818917792,normal,none,none
229,0.9786745525112689,28.72168780965231,2.872168780965231,50.115073253217616,30.65424657771491,normal,none,none
230,0.9764172906341089,23.32015522475699,2.3320155224756993,49.915831185659044,25.47997554356962,normal,none,none
231,1.0075076241579286,29.03351441630127,2.903351441630127,49.8435842378299,47.60622883027456,normal,none,none
232,1.0033213798569547,27.59180646197945,2.759180646197945,49.99205891675989,32.00362604288414,normal,none,none
233,0.9696370962663928,21.443635801260093,2.1443635801260092,49.977471848965514,38.099156231904225,normal,none,none
234,1.020324635687787,28.091631816464087,2.809163181646409,50.05568381882856,28.09732617270417,normal,none,none
235,1.0202554299142266,24.077587411020147,2.4077587411020147,49.92516509269166,42.586605678092695,normal,none,none
236,0.9804780818418077,34.58707753830736,3.4587077538307365,50.09206221647045,37.80857170446131,normal,none,none
237,0.9872892855951134,31.40519923882431,3.1405199238824313,50.16929296658601,33.42213723843801,normal,none,none
238,0.9724948806371461,25.106601111742933,2.5106601111742934,49.85414869060845,22.044734070047333,normal,none,none
239,0.988383790468206,24.285999318736117,2.428599931873612,50.11966772444968,37.139872361779034,normal,none,none
240,0.9931136840945407,26.838810495508014,2.6838810495508016,49.85309437479812,30.593943606961176,normal,none,none
241,1.032313645645066,22.020413829432886,2.2020413829432885,50.008498912357915,40.66041649321166,normal,none,none
242,1.0266654372717834,25.88512813748757,2.588512813748757,49.98149601010946,32.4982372224231,normal,none,none
243,0.9905831817344039,24.777170479180665,2.4777170479180666,49.90227821110728,55.928355460668286,normal,none,none
244,0.9859570136938703,25.595890078970005,2.5595890078970007,50.005156380154105,31.393191277329752,normal,none,none
245,1.004883868187876,27.581985596597,2.7581985596597,50.06881974372865,25.507862872240842,normal,none,none
246,1.0273997024979225,29.414955655792745,2.9414955655792747,49.98782045849342,19.376548205142143,normal,none,none
247,0.9960889969735087,26.841502455337825,2.6841502455337825,49.67812399140824,41.14874786412548,normal,none,none
248,0.9826968882403366,21.748366970625312,2.1748366970625312,50.0575297864752,32.57103534010067,normal,none,none
249,0.9982620684104977,27.439068861014643,2.7439068861014646,50.034822850883465,34.799928216809775,normal,none,none
250,0.9860501382622785,31.48751250989949,3.148751250989949,49.91891298692242,32.990523963243355,normal,none,none
251,1.0203515074461051,24.619923378488664,2.4619923378488666,50.07617651672527,34.5368230766294,normal,none,none
252,1.0103662592439222,25.90696636206639,2.5906966362066393,50.0282749250991,25.763572744398875,normal,none,none
253,0.9958408039145067,27.734777800930583,2.7734777800930583,49.961074181848474,31.638336598820544,normal,none,none
254,1.0079400045705487,31.325586158236685,3.132558615823669,49.86447518346241,36.99111056774614,normal,none,none
255,0.9892302669495617,15.961452997405116,1.5961452997405117,50.09494043521119,33.50250572800311,normal,none,none
256,0.9836111230892116,18.655144191890983,1.8655144191890984,49.80059526466983,21.809672357795574,normal,none,none
257,0.968663254067454,32.97342858651615,3.297342858651615,49.89890164833239,28.368360334868385,normal,none,none
258,1.014707783891215,22.96388352165925,2.2963883521659247,50.0371732306909,33.39539027574813,normal,none,none
259,1.0322395268499072,27.175278590092503,2.7175278590092504,49.92397020506353,35.15346428306134,normal,none,none
260,1.0090232156188357,21.77822394093683,2.177822394093683,50.09073167550527,27.75295733981978,normal,none,none
261,0.9942424183825503,19.22989333931275,1.922989333931275,49.82539608063921,45.20264277318613,normal,none,none
262,1.0291917810580262,29.114489828311303,2.9114489828311303,50.01591604256184,46.80421824876534,normal,none,none
263,1.0024345931064045,26.886511062906564,2.6886511062906564,49.86095063401999,37.292574702626595,normal,none,none
264,0.9899360147907368,26.236483104931256,2.6236483104931256,49.971764717050576,27.612959763937685,normal,none,none
265,1.0262294611803335,27.060729872547746,2.7060729872547746,50.11618094510135,33.97756244721138,normal,none,none
266,1.0163563700125027,21.819394931288194,2.1819394931288194,50.04160810834564,35.03525756500806,normal,none,none
267,0.9968248426525612,31.729398186953347,3.172939818695335,50.0010376990417,36.91215152420974,normal,none,none
268,0.9728717583662437,28.68391350869585,2.868391350869585,49.81323391033076,42.31744468484235,normal,none,none
269,1.0109415731586218,19.3309958430003,1.93309958430003,49.966680680176154,34.53554839528873,normal,none,none
270,1.0101820153257168,29.108362252586847,2.910836225258685,50.01428661726876,50.381646261648314,normal,none,none
271,1.0135617624869435,20.473719392901216,2.0473719392901217,49.960541427520575,46.616976357881015,normal,none,none
272,1.008406863781657,15.728184114172532,1.5728184114172532,50.02067827329529,31.16296497716747,normal,none,none
273,0.9881073013257284,22.17398021315117,2.2173980213151174,49.897088912254866,21.806126507577012,normal,none,none
274,0.989308508451864,26.937399397764423,2.6937399397764423,50.12515661154967,38.76030940536002,normal,none,none
275,1.0256780309038036,18.542758354240647,1.8542758354240647,50.09562420395083,45.65334162428046,normal,none,none
276,0.9684030418694919,30.085959101016606,3.008595910101661,49.89841237167491,35.25301738400688,normal,none,none
277,0.9946264216924454,29.759471826164393,2.9759471826164394,50.1004673051284,22.083142093578783,normal,none,none
278,0.982663231255738,21.516994444399383,2.1516994444399384,50.03843812729249,26.162126858116117,normal,none,none
279,0.9847814646308154,27.454986611714613,2.7454986611714616,49.8036060594393,23.174914452408597,normal,none,none
280,0.9834644030514907,23.779506344013992,2.377950634401399,50.00654712029997,30.71524508849843,normal,none,none
281,1.0201004196807029,22.478500304921955,2.2478500304921956,50.19827929666612,31.490271964449303,normal,none,none
282,1.0000589258158181,21.818125522297585,2.1818125522297587,50.01639548615106,35.12834469124878,normal,none,none
283,0.9776909515031278,32.00666723837751,3.200666723837751,50.00573523966773,28.35180637292486,normal,none,none
284,1.0166674577781039,31.595728910415204,3.1595728910415204,49.952402919063594,31.249036459307447,normal,none,none
285,1.0240725139128388,26.323371152187697,2.63233711521877,49.89337833875445,46.017233792413045,normal,none,none
286,1.0359019972825834,15.454187729105612,1.5454187729105613,50.06433056753887,28.192338907164697,normal,none,none
287,0.9969763772154516,17.594485510545184,1.7594485510545184,49.87405072450854,39.83960868301171,normal,none,none
288,1.0224195832638512,26.229746271176765,2.6229746271176766,50.121512521521474,39.959728397882735,normal,none,none
289,1.045753651908373,23.983415064947142,2.3983415064947144,50.04381195537752,34.558116415052545,normal,none,none
290,1.0194297316974732,36.234386251998416,3.623438625199842,49.977962012319395,49.26744659600836,normal,none,none
291,1.0158717126965144,27.97734567635813,2.797734567635813,50.09092963980694,30.42588447446138,normal,none,none
292,0.9784162621724879,22.421440830204972,2.2421440830204973,50.14083588156719,30.93006518926925,normal,none,none
293,1.0154641543739475,22.084680332975122,2.208468033297512,49.95598230427036,47.746763203945065,normal,none,none
294,0.9804356152711184,21.476769369091688,2.147676936909169,50.120589442387384,48.18129153188801,normal,none,none
295,0.9879000524379378,29.035331494392736,2.9035331494392738,49.9952240695137,33.70773251678923,normal,none,none
296,0.9986187883337162,23.708559158267473,2.3708559158267475,50.0803555095046,37.949262558511194,normal,none,none
297,1.018463385799591,23.218835422533676,2.3218835422533677,49.950448891282555,31.638622319650263,normal,none,none
298,1.0187855931522085,28.686949247339513,2.8686949247339513,49.915704776409264,24.39473062307083,normal,none,none
299,0.9981851119117763,29.792133459122986,2.979213345912299,50.02635668556508,26.35194443017619,normal,none,none
300,0.9845988265828319,37.977154834381665,3.7977154834381666,50.08917282662114,39.43403009736073,normal,none,none
301,1.0046887368811384,23.687131703531882,2.3687131703531885,50.20707029985606,41.42171496138675,normal,none,none
302,0.9956963914798952,17.277169740311514,1.7277169740311515,49.9213879260444,30.584310227159555,normal,none,none
303,1.0026937093154207,23.03261926090282,2.3032619260902822,49.95258963516845,49.47767915481615,normal,none,none
304,1.0107652374512135,36.94957978326968,3.694957978326968,49.952223947328434,36.34551633504268,normal,none,none
305,0.9699039744391236,18.419834651204336,1.8419834651204336,49.762785807429566,28.64903274181347,normal,none,none
306,1.0341312627135353,22.07546003327707,2.2075460033277072,49.85451159619531,43.285708779502684,normal,none,none
307,1.005695467367564,29.15500830659513,2.915500830659513,50.06683570475985,39.19779879756873,normal,none,none
308,1.014156736923998,25.2694265546477,2.5269426554647705,49.98302830041886,22.670881096910588,normal,none,none
309,0.9972301779513699,21.729531380867666,2.1729531380867666,50.03552244726387,39.78886769362267,normal,none,none
310,1.0273210972944529,26.25409438430662,2.625409438430662,49.98896644388335,31.612236810546275,normal,none,none
311,1.003115212417137,30.37877776325297,3.0378777763252973,49.99906367215702,36.318043963578305,normal,none,none
312,0.9667865596094178,22.46699826263747,2.246699826263747,50.10777926990353,42.739598776899406,normal,none,none
313,0.9795271154509843,28.87947496938821,2.8879474969388212,49.84744578686393,42.33915917077648,normal,none,none
314,0.9984687846867838,21.95046199263553,2.1950461992635533,50.12693714670589,33.52542988246798,normal,none,none
315,1.0468636217249063,27.431694760039797,2.7431694760039798,50.086577614075445,36.90849067881645,normal,none,none
316,1.0158517153602453,26.54163797740752,2.654163797740752,49.878405934647766,14.015074700485055,normal,none,none
317,1.0061035341547802,21.656293946893506,2.1656293946893506,49.84320309307826,48.084680035414614,normal,none,none
318,1.0224843010033406,30.12040722808026,3.012040722808026,50.129677037609376,29.97398837205965,normal,none,none
319,1.009561814572449,18.08386560957679,1.808386560957679,49.858418745776376,34.12641924270658,normal,none,none
320,0.99967119423894,28.433322595830067,2.843332259583007,49.995693292288884,37.258289788402344,normal,none,none
321,1.016365859125278,23.694330692690937,2.369433069269094,50.16738204393949,32.22147812925984,normal,none,none
322,1.0018630131515038,37.97374114833862,3.797374114833862,49.952393359537204,27.470280569644743,normal,none,none
323,1.0150194622441564,26.846799293248225,2.6846799293248225,49.92421759435852,30.988221322509403,normal,none,none
324,0.9870288966139171,27.10465354510792,2.710465354510792,49.98322462232474,41.17020387057057,normal,none,none
325,1.0095433581248574,26.471337770180877,2.647133777018088,50.131306398121026,34.31240354965458,normal,none,none
326,1.0180727362778095,19.90394064366808,1.990394064366808,50.036120015263705,36.625465910050224,normal,none,none
327,0.9930269142178435,20.80879242342661,2.080879242342661,49.95287989701233,46.452468506790666,normal,none,none
328,1.0346095975671838,25.720234370351395,2.57202343703514,49.9694286145004,46.87525005178438,normal,none,none
329,0.9862743633903764,31.8393901682456,3.18393901682456,50.02352439742154,40.98439716402379,normal,none,none
330,1.0239291112913105,15.975132286867755,1.5975132286867755,50.02528406019221,31.38446536777438,normal,none,none
331,0.9863059096513693,21.913706235246963,2.1913706235246964,50.023064229308446,20.246578791625645,normal,none,none
332,1.0018294061460404,22.797159812256748,2.279715981225675,49.9728134074248,33.921066446668455,normal,none,none
333,1.014811343552049,21.021349373249105,2.1021349373249105,50.02777642825152,26.913761801020552,normal,none,none
334,0.9500400596418626,25.6265120756504,2.56265120756504,50.09183004208989,35.7734751358386,normal,none,none
335,0.9810159323666271,22.504225254553997,2.2504225254554,50.100214977130484,33.83194781122675,normal,none,none
336,1.0096123450480832,28.56076935203303,2.856076935203303,49.99676212948906,32.68614815431237,normal,none,none
337,0.9783115524975247,30.87613075592307,3.0876130755923072,50.13278850183505,37.753161652707206,normal,none,none
338,0.9774396885479342,24.508807497238966,2.450880749723897,49.82679895385982,31.92110135749115,normal,none,none
339,0.9599076988251662,21.983120886873255,2.1983120886873255,50.00939214688007,36.582304123198774,normal,none,none
340,1.0073171806595942,31.140386685971446,3.1140386685971446,50.05460218947895,26.86532167221711,normal,none,none
341,0.9928190599842359,27.6132622721117,2.7613262272111703,49.98386935552288,25.62949291541993,normal,none,none
342,0.9833463780637677,30.198689652302555,3.0198689652302555,50.181479060549016,34.62579545958434,normal,none,none
343,1.0212228690991854,25.58478159688938,2.558478159688938,49.960379095850655,31.508021274359127,normal,none,none
344,0.985875528139566,25.872485917810902,2.5872485917810906,50.01163668219944,34.995954949961735,normal,none,none
345,0.9872249690065399,24.06251227362582,2.4062512273625822,49.92477033989478,30.08589895064232,normal,none,none
346,1.0036008272389667,23.6687716586766,2.36687716586766,50.10087229705465,40.57764355530348,normal,none,none
347,1.0044583240812455,29.255533307699785,2.925553330769979,49.956488236165356,34.92094099889655,normal,none,none
348,1.0031979219568856,30.514838172506817,3.051483817250682,50.08657168954021,27.21739094845777,normal,none,none
349,0.9932177230583817,34.18645426081436,3.418645426081436,49.90050192772992,37.81511488658325,normal,none,none
350,1.0098124877148582,22.299961366275816,2.2299961366275816,50.0141803374867,42.13932142451768,normal,none,none
351,1.0074360537791507,22.33954420315531,2.233954420315531,50.135724519180414,51.179737786312145,normal,none,none
352,0.978509382973775,22.82256903761154,2.282256903761154,49.952963230631596,37.60255904996718,normal,none,none
353,1.0026610916576666,26.613598895868936,2.661359889586894,49.94407270636846,44.561928475573026,normal,none,none
354,0.9926843802271862,31.24149674185295,3.124149674185295,50.11018462791213,29.2375629809873,normal,none,none
355,0.970887500845557,29.182956181214813,2.9182956181214816,49.92308961703957,34.96472459463046,normal,none,none
356,1.0220449924321937,24.39036273929793,2.4390362739297933,49.91477379929015,44.196939587068265,normal,none,none
357,0.9792068873817006,28.357928069632777,2.835792806963278,50.07714805796794,39.41147288122861,normal,none,none
358,0.9924699233548611,29.370683161003505,2.937068316100351,49.86647090712903,43.5460477909882,normal,none,none
359,0.9888440741981948,34.772878207514665,3.477287820751467,50.02782295320699,32.092917029611165,normal,none,none
360,0.9864979694544012,36.02004656214251,3.6020046562142514,49.98088824250514,42.791445229259814,normal,none,none
361,0.9716833716222684,25.5748255135836,2.55748255135836,50.04835250597766,35.95504293724805,normal,none,none
362,1.0142180630845659,21.434036752544305,2.1434036752544308,49.98235402606546,42.55086138499309,normal,none,none
363,1.0150482968792058,20.783316366161557,2.0783316366161557,49.96314488219951,12.356390590001848,normal,none,none
364,0.9900905476172936,30.255061219248546,3.0255061219248547,49.98314604882865,21.05276440111499,normal,none,none
365,1.0107894432612845,18.388384592757216,1.8388384592757216,50.035725322835304,20.664706211475853,normal,none,none
366,0.9980674211819969,25.87456989176024,2.587456989176024,50.020350943016986,48.15058818494637,normal,none,none
367,0.9816981075458596,23.601663888046673,2.3601663888046676,49.921502241601374,38.389764235336976,normal,none,none
368,1.0221566285455157,24.076976955533734,2.4076976955533738,49.955794734282556,32.1961303675443,normal,none,none
369,1.0027451665286777,12.504505411641917,1.2504505411641917,49.95529594076575,38.10392783790272,normal,none,none
370,1.0134688436630237,23.626860145542633,2.362686014554263,50.04456739326184,17.004953342942606,normal,none,none
371,0.9822143072570565,33.76793344970898,3.376793344970898,49.97110023497361,36.860541473721476,normal,none,none
372,0.98447973632421,25.132942601071885,2.513294260107189,50.04906559012752,30.952792684934625,normal,none,none
373,1.0169145240634212,19.941732355532764,1.9941732355532764,50.093538920926115,29.153120183487353,normal,none,none
374,1.0245297631666257,23.108132800671385,2.3108132800671384,50.07499008990196,32.783389968929654,normal,none,none
375,1.001806234120152,33.75596137942013,3.375596137942013,50.018538015438885,40.52479856676083,normal,none,none
376,1.035044188839775,26.315737917315076,2.631573791731508,50.024425630290814,35.487786709083785,normal,none,none
377,1.0046902429702125,23.453943020808563,2.3453943020808565,50.03521568914097,35.8391506468149,normal,none,none
378,1.0144909019033184,29.597468489142816,2.959746848914282,49.90318847040923,36.212924600087646,normal,none,none
379,1.0104249476898692,21.17838974822562,2.117838974822562,49.95922502173261,46.2573403301871,normal,none,none
380,1.0077389408648056,28.228803872779984,2.8228803872779986,49.9554221196105,45.48726736952284,normal,none,none
381,0.9723363497870192,29.255941210764135,2.9255941210764136,50.21117324007684,31.724873590731296,normal,none,none
382,0.9842848515942313,22.927477845006187,2.292747784500619,50.06361004920892,31.914278835424717,normal,none,none
383,1.0274107275405624,29.93966573084538,2.9939665730845384,50.031970723543,30.45491952467718,normal,none,none
384,1.005005532857805,23.57712781457574,2.357712781457574,50.18421907018078,41.11303713791322,normal,none,none
385,0.9982096482425994,24.803127930461034,2.4803127930461035,49.910786246591194,20.919993456088434,normal,none,none
386,0.9786658504418632,25.315484645998957,2.531548464599896,50.017898908767435,33.928210441146234,normal,none,none
387,0.9821899899310639,21.368053690458005,2.1368053690458004,50.137222596909275,36.09270990503812,normal,none,none
388,0.9727604168216708,20.737875008623895,2.0737875008623896,49.95241131488508,30.306232969713157,normal,none,none
389,0.9987095422051517,17.39385669711212,1.7393856697112122,50.18994809563929,43.87124831549885,normal,none,none
390,0.9898730924467156,21.164135162253274,2.1164135162253275,49.994487522325535,36.52589014398376,normal,none,none
391,0.985120586389275,25.175806641931448,2.517580664193145,50.123278726290934,21.80382191423019,normal,none,none
392,0.9626321228437197,20.523614243636437,2.0523614243636437,50.090038185506245,40.18599747550354,normal,none,none
393,1.0409176323456588,21.528830771994617,2.1528830771994616,49.86030481208904,26.07235234434935,normal,none,none
394,0.9987727668792168,27.084186916440146,2.708418691644015,49.92307077443829,33.43009382880116,normal,none,none
395,1.0038412156479313,24.0220631325802,2.40220631325802,50.015365285324826,43.03855399649883,normal,none,none
396,0.9980420669115909,21.190020057250532,2.1190020057250534,49.945278437484816,29.08087684706934,normal,none,none
397,0.9990842331883469,24.489036712992355,2.448903671299236,49.90493419537611,39.779436995318235,normal,none,none
398,1.0279432855170687,25.28568997228152,2.5285689972281524,49.96604476907253,25.634034694634032,normal,none,none
399,1.0074872354684474,25.029779681400985,2.5029779681400988,50.160284956850056,32.19029974639524,normal,none,none
400,1.0185597566367441,18.555287084468162,1.8555287084468164,49.883841720561044,37.77081299232683,normal,none,none
401,0.9931168929623649,27.77141174244497,2.777141174244497,50.055713395268334,33.55956175333085,normal,none,none
402,0.9930940614102447,26.40500981003744,2.6405009810037443,49.9927595214033,41.244626141709446,normal,none,none
403,1.004402827391205,14.941839300587876,1.4941839300587878,49.9213920852453,37.762071471075735,normal,none,none
404,1.0054575671959134,28.04709438387392,2.804709438387392,49.99515717015928,32.62587234339468,normal,none,none
405,1.0104068362504337,26.660148176787555,2.6660148176787555,50.026461624333734,31.457369137336382,normal,none,none
406,0.9869947043291547,19.21610431706889,1.9216104317068892,50.1121805791959,40.77626598418846,normal,none,none
407,1.0318417958805188,28.32847587347918,2.8328475873479184,50.0257595537537,51.77466226388324,normal,none,none
408,1.032680849448611,29.71295191619641,2.971295191619641,49.90399400002213,39.26164526298473,normal,none,none
409,0.9734341753984053,22.061517822875796,2.20615178228758,49.94237825304531,24.85222129520705,normal,none,none
410,0.9775139677118612,23.48667882760317,2.348667882760317,49.941173739638494,35.08673773386811,normal,none,none
411,0.9958676166797951,21.75752186007342,2.175752186007342,50.181669898801616,45.039732332654935,normal,none,none
412,0.9957817696686316,32.82453426886555,3.282453426886555,49.81982527811503,25.76790278489605,normal,none,none
413,0.9919725447460715,26.51276956158059,2.651276956158059,50.007660474110246,33.298890938689546,normal,none,none
414,1.0404858170788738,39.275437258079066,3.9275437258079067,50.01195361431333,29.374225230604267,normal,none,none
415,0.9637380481973086,20.581049380394113,2.058104938039411,49.96585543802713,26.96877253350333,normal,none,none
416,0.9913120894005761,25.874601685049175,2.5874601685049177,50.24805086456078,34.22178925791615,normal,none,none
417,0.999855013218059,20.6221302903893,2.0622130290389302,50.03753118562067,42.185132466602184,normal,none,none
418,1.0235360781716432,28.302165761505833,2.8302165761505833,50.04958616362945,35.224899945657356,normal,none,none
419,0.9747655536948922,27.067964146609693,2.7067964146609693,50.05335980615523,26.23970427668307,normal,none,none
420,0.9724682882939732,27.42617827178066,2.742617827178066,49.95206925845876,27.849493468827397,normal,none,none
421,1.001932764260697,20.74858214856142,2.074858214856142,50.055075625746696,26.506071504524265,normal,none,none
422,0.9812215193645026,16.47279411909717,1.6472794119097172,50.0060141984141,27.026033808103033,normal,none,none
423,0.9779565551564551,28.99919678123856,2.8999196781238563,49.85399335126147,32.566094538183556,normal,none,none
424,1.0036557159128103,32.57633585525144,3.2576335855251446,49.92494930634374,30.611518002407117,normal,none,none
425,1.0345746239856974,19.80647569622041,1.9806475696220411,50.07863188987025,41.12902305218364,normal,none,none
426,1.0234799534470171,19.807430467159392,1.9807430467159393,49.980341628494195,41.819564767682415,normal,none,none
427,1.0040303207411732,22.108684455608262,2.2108684455608265,49.97387694701698,35.293550737065075,normal,none,none
428,0.9930884164694953,30.433122514019963,3.0433122514019963,50.155582729382544,29.437650391418757,normal,none,none
429,1.0189860075653023,21.574079950839582,2.1574079950839584,49.95928242388916,33.26178819142237,normal,none,none
430,1.015729424093523,24.16677209990364,2.416677209990364,50.10235879582413,37.017662143721495,normal,none,none
431,0.9995065620945659,22.262249862186138,2.226224986218614,49.97911888192344,32.4244720179288,normal,none,none
432,0.9839887918582592,18.834346943608278,1.8834346943608278,49.94452791100149,27.014998417086357,normal,none,none
433,1.0023067060044073,27.310384786443436,2.7310384786443436,49.849937870169995,44.36555531169011,normal,none,none
434,0.9895807302872389,29.15091804112088,2.9150918041120883,50.04344106446068,27.759600170245402,normal,none,none
435,1.0524801911058783,24.155329283168278,2.415532928316828,50.067555034284844,38.48208608237037,normal,none,none
436,0.9841526443592045,21.51032378907247,2.151032378907247,49.98365943207793,48.20399311922657,normal,none,none
437,0.9986969173129815,27.180234003269295,2.7180234003269295,50.12167494815557,35.99624837882558,normal,none,none
438,0.9847204604861306,22.854173479783253,2.2854173479783255,49.982131231394995,28.614706660760405,normal,none,none
439,0.982497203726113,31.47401623285047,3.147401623285047,50.01450258118736,35.161116788387226,normal,none,none
440,0.9779827708769168,32.93244192365819,3.293244192365819,49.89366201092546,39.97489915644816,normal,none,none
441,0.9720808032961702,25.606698719070504,2.5606698719070504,49.85368823677918,45.45796415747979,normal,none,none
442,0.9992664989214431,38.4348254623205,3.8434825462320497,50.02794300576077,44.988054142745945,normal,none,none
443,1.004283339266251,31.353547707727113,3.1353547707727114,50.07109070605806,23.80742916169233,normal,none,none
444,0.9891451623305172,31.419897097455717,3.141989709745572,49.93173356993789,32.696226055140045,normal,none,none
445,0.9609872905170397,26.93653003389911,2.6936530033899113,49.896921693458225,41.95858080768604,normal,none,none
446,1.017960919527773,13.394320733326602,1.3394320733326603,49.99939810778646,42.22379952084673,normal,none,none
447,0.9710734928214229,23.596543902441155,2.3596543902441156,49.99292508271946,32.49461099447489,normal,none,none
448,0.9703813836026425,26.549693619242753,2.6549693619242754,49.97094994550214,48.659958103944575,normal,none,none
449,0.9797510867740429,25.613829466616778,2.561382946661678,50.16004160344912,21.413953609836646,normal,none,none
450,1.0107460825114793,21.095791500185364,2.1095791500185364,49.98586897792762,42.09911269755511,normal,none,none
451,1.0185066529064373,25.285244504643988,2.528524450464399,49.88475907609051,45.931256905477206,normal,none,none
452,0.9963542306083445,31.025634721237086,3.102563472123709,49.765396971406794,23.22985618899355,normal,none,none
453,0.9908151520590365,33.06941054987175,3.306941054987175,50.0108994471732,40.24657754978346,normal,none,none
454,0.9865102104569944,28.556151957268565,2.8556151957268567,50.00517676514133,46.01953427971692,normal,none,none
455,0.9967373436656788,27.37854476458485,2.737854476458485,50.05563143983126,26.05331228770435,normal,none,none
456,1.0155122044027245,25.44551337223253,2.544551337223253,50.142898482201595,28.207695020945586,normal,none,none
457,0.9994563516468674,30.752263785708525,3.0752263785708527,50.08475874402701,27.59296672839648,normal,none,none
458,0.9784145253649009,26.976144345587734,2.6976144345587736,50.23099869377102,32.682888846296066,normal,none,none
459,1.0103395592525526,28.456754880849488,2.845675488084949,49.981949908581285,32.797748578837115,normal,none,none
460,0.9898998653293384,25.60542533754662,2.560542533754662,49.82198011234748,35.390773871750085,normal,none,none
461,0.9920318965398328,19.567775347000172,1.9567775347000174,49.91782550446857,28.76899143592367,normal,none,none
462,1.026348016000951,31.911174946166057,3.1911174946166057,49.8568396052226,38.548678848496145,normal,none,none
463,1.00437124556634,27.271355540270783,2.7271355540270785,50.03329757121096,39.110063860441386,normal,none,none
464,1.0030273636813205,23.772922786168742,2.377292278616874,49.89445287983999,39.39605104630323,normal,none,none
465,1.0251053395802465,22.163973988053826,2.2163973988053827,50.07773523470207,40.083011218993825,normal,none,none
466,0.9967870349837025,29.994170503764863,2.9994170503764863,49.97810905492164,38.44788007610205,normal,none,none
467,0.9830871375666348,23.571467936142767,2.3571467936142767,49.918799768576775,27.662219788621066,normal,none,none
468,0.9906757127232776,31.018434446884434,3.1018434446884435,49.86137634355381,25.07985313766852,normal,none,none
469,1.0219184958398888,24.377339946633633,2.4377339946633634,50.01687386849109,51.56168449646119,normal,none,none
470,1.0129645220283172,26.643414282536682,2.6643414282536684,50.17101958265352,41.281121829367706,normal,none,none
471,1.03461464746453,32.40573273965087,3.2405732739650874,49.974940090448236,34.40202929357144,normal,none,none
472,1.0296726033281212,22.364258647562817,2.236425864756282,49.89055539565852,23.365523874589684,normal,none,none
473,1.0106408106142546,23.740102766205563,2.3740102766205564,49.900844615527404,32.228939283445825,normal,none,none
474,1.0033341773873528,33.4899458906135,3.34899458906135,49.878785748585024,26.65576186619334,normal,none,none
475,1.0066182729918407,31.695810978701957,3.169581097870196,49.98693985233905,41.53213882483272,normal,none,none
476,0.998672743028033,28.532192186276873,2.8532192186276877,50.005846033180056,44.24154191691345,normal,none,none
477,0.9728281100393279,24.902307019130284,2.4902307019130285,49.8818429539141,41.88779499304458,normal,none,none
478,0.9879921789939992,25.779160151122984,2.5779160151122986,49.93283875768744,42.66508316591749,normal,none,none
479,0.9938958768107381,36.70409171844349,3.6704091718443497,49.843150049976195,21.100732922775407,normal,none,none
480,0.9869183188497493,27.274844567965793,2.7274844567965797,49.974615537754765,40.855035513749286,normal,none,none
481,0.966155843496379,27.070181779629557,2.707018177962956,50.022482966660164,35.23794363320696,normal,none,none
482,1.0039961482378723,26.500906743987215,2.650090674398722,49.8032395460182,32.841847781237455,normal,none,none
483,0.971522977241473,31.156208426700857,3.115620842670086,49.99130367864032,38.5817723056427,normal,none,none
484,1.0153165345471893,22.640644100101603,2.2640644100101603,50.11698763903853,28.560314755364423,normal,none,none
485,0.98815887666671,22.52944699292541,2.252944699292541,50.111002890525405,33.540268133681494,normal,none,none
486,0.989208104970644,31.1925438233016,3.11925438233016,50.01751633669944,47.29254564523606,normal,none,none
487,0.970820141255538,24.96506223216009,2.4965062232160093,50.01548766752631,25.461129108313585,normal,none,none
488,1.00843272870774,21.656673483798034,2.1656673483798037,50.05336782618867,38.114568127187894,normal,none,none
489,1.0387676268663781,20.740600718680177,2.074060071868018,50.16549008414569,28.460624556414416,normal,none,none
490,0.9893512924581799,20.88963120757501,2.088963120757501,50.06306864198812,34.1811341553151,normal,none,none
491,1.0015144750438958,26.651638472991277,2.665163847299128,50.15565325560195,39.11412467171331,normal,none,none
492,1.0236736594099038,14.845033667004277,1.4845033667004277,50.006912518542116,42.75583169390491,normal,none,none
493,1.0070153404826505,26.15610899606848,2.615610899606848,49.669737291647614,25.36403420174115,normal,none,none
494,1.0167464753361455,28.800223945153874,2.8800223945153878,50.105223825666265,44.87217615146467,normal,none,none
495,0.9793341764915643,31.674510664221373,3.1674510664221374,49.94425283700423,21.017840905096477,normal,none,none
496,0.9863616765407012,27.248729659448067,2.7248729659448068,49.97110211231476,44.15356699890505,normal,none,none
497,1.0180334981619135,28.093343860965092,2.809334386096509,50.00843421348179,37.832872328815014,normal,none,none
498,0.9998984959530756,31.536665639118684,3.1536665639118686,50.05476360947637,25.481509757462604,normal,none,none
499,1.0007218666196227,34.81150113014727,3.4811501130147273,50.03194599228528,39.557466467905634,normal,none,none
500,1.0172339078578496,23.94203921163297,2.3942039211632973,50.1369424205268,38.56243154961432,normal,none,none
501,0.9732004306661666,33.533703875246054,3.3533703875246057,50.015807625883184,29.058418502499258,normal,none,none
502,0.994243813904143,24.12994547242463,2.412994547242463,50.05853712217891,39.641858491639894,normal,none,none
503,1.0016982388809255,23.85239809614479,2.385239809614479,50.085110948002786,37.12752463324123,normal,none,none
504,1.0359054448749656,25.7354363734747,2.57354363734747,49.909147466541114,43.446338957197945,normal,none,none
505,0.9861304865748779,27.717348637335974,2.7717348637335975,49.858696350588325,34.02574675792431,normal,none,none
506,1.0110022506700673,24.520648795325165,2.4520648795325166,50.17020796691159,28.566176398394795,normal,none,none
507,0.9810196280409519,20.507000154082835,2.0507000154082835,50.338553342077844,35.96192007317403,normal,none,none
508,0.9783691844249077,22.2607510574179,2.22607510574179,50.09877514620158,38.88990660200304,normal,none,none
509,0.9667585312544551,31.04202744607886,3.104202744607886,50.01768089431584,40.87391967823077,normal,none,none
510,0.9717539667914349,24.986888440945062,2.4986888440945063,50.06245970844806,36.794321834617946,normal,none,none
511,0.9963562336615792,23.328311476640785,2.3328311476640784,49.900193691103375,48.12513144405358,normal,none,none
512,1.0061250352496618,20.756108610946704,2.0756108610946704,50.131719882349586,21.677764630875956,normal,none,none
513,0.9757168468745514,20.344921962731107,2.034492196273111,49.986412751079406,32.63597828246354,normal,none,none
514,1.0220829139301295,31.6757561812179,3.16757561812179,49.78492048194086,26.829236125436204,normal,none,none
515,0.9742247206672487,33.21061747147367,3.321061747147367,50.13893577535264,36.760274553345276,normal,none,none
516,0.9953246305260011,20.05837764431611,2.005837764431611,50.03231983903618,33.51309066163696,normal,none,none
517,0.9697594587256447,23.552056082701,2.3552056082701003,49.91381220083081,49.08314977237379,normal,none,none
518,0.9899752134239889,22.915885575023864,2.2915885575023864,50.10719970649861,34.13991813703218,normal,none,none
519,1.004831592332834,25.292187338985546,2.5292187338985546,49.84592477673023,21.651116447312127,normal,none,none
520,1.0252167069722937,19.72463074812424,1.972463074812424,50.013315584683944,30.809395351763488,normal,none,none
521,0.9749389736444835,19.248415462259903,1.9248415462259905,49.94700221728695,20.580865493207124,normal,none,none
522,0.9961350584780129,25.541984728880458,2.554198472888046,49.880133914573854,50.94294955330757,normal,none,none
523,1.0004607209520204,25.744476063078086,2.5744476063078086,50.03698471993112,25.29822099010672,normal,none,none
524,0.9964904966433247,31.28406441480054,3.1284064414800543,49.894833962541796,33.91071513711134,normal,none,none
525,1.0243243601250844,24.716754121823545,2.4716754121823548,50.05090430220971,37.98199920226232,normal,none,none
526,0.9698088401247058,22.429287737300232,2.242928773730023,49.970212854572914,48.174600144294224,normal,none,none
527,0.9783963724859471,22.655243692596713,2.2655243692596714,49.863516975522344,26.16939415834422,normal,none,none
528,1.0007473350896017,26.126668985434197,2.61266689854342,49.931179022731705,32.144885209856746,normal,none,none
529,1.0015768538045322,29.15167675327222,2.915167675327222,49.97200306210229,40.335223844716516,normal,none,none
530,1.0026899388616113,23.994377969770444,2.3994377969770446,49.941030250426046,38.18254580216673,normal,none,none
531,0.9926079332704986,19.267781185945772,1.9267781185945774,49.935260293593075,40.5510239408471,normal,none,none
532,1.0028660184335514,29.91047354042289,2.991047354042289,49.84767709048207,41.83595998085472,normal,none,none
533,0.9860122868350931,23.104534337611934,2.3104534337611935,49.93548702872144,37.56022885968404,normal,none,none
534,0.9920439240131655,28.252819485166473,2.8252819485166474,49.914569518551744,38.28571513625235,normal,none,none
535,1.0149598593467308,18.473640875603262,1.8473640875603263,50.11462885250616,36.758843378063716,normal,none,none
536,1.0174613793485596,16.019635154316642,1.6019635154316643,49.87485209901854,34.869796633346624,normal,none,none
537,0.9832671128426553,17.321943416136953,1.7321943416136953,49.9956872234653,29.70035245770623,normal,none,none
538,1.0109325240225664,24.30488980086132,2.4304889800861322,49.99489589265582,32.45634692598913,normal,none,none
539,0.9679669034366535,22.073939981889307,2.207393998188931,49.9650926202838,30.867201340251093,normal,none,none
540,1.0175316177125364,29.869954548651062,2.9869954548651063,49.94054135515304,32.993265648101534,normal,none,none
541,0.9835695549577486,24.261756050286536,2.4261756050286536,49.99559084271591,33.82769960165143,normal,none,none
542,1.0322464783879501,31.869040817413385,3.1869040817413388,49.96988988747432,52.259279227959354,normal,none,none
543,1.0168123706574992,23.49812837169304,2.349812837169304,49.97120344020562,43.98149372912671,normal,none,none
544,1.01841446464752,27.826836263359404,2.7826836263359405,50.07491571245042,43.171317030515986,normal,none,none
545,1.003383830366404,36.37338844221915,3.6373388442219152,50.02984075842117,41.00819929409285,normal,none,none
546,0.9760886877064248,21.07906593428978,2.1079065934289782,49.98995566701958,32.532336256252044,normal,none,none
547,0.9803947861712506,19.912967937234505,1.9912967937234507,49.983996473630036,20.6576959924286,normal,none,none
548,0.9937019399418536,30.897835227213005,3.0897835227213006,49.86881657782985,35.09205233422613,normal,none,none
549,0.9769453311911059,21.760503466101675,2.1760503466101677,49.916559468856384,33.50145588094261,normal,none,none
550,1.0044515795930127,22.389300914199573,2.2389300914199572,50.10795573069875,27.49800068735477,normal,none,none
551,1.0245050325041796,24.67121934600369,2.467121934600369,49.87047404455359,26.956032885412498,normal,none,none
552,0.988392299843904,21.08403905246943,2.1084039052469428,49.934123176861426,35.246931523953755,normal,none,none
553,0.9898878000796365,34.378347722704795,3.4378347722704796,49.85346766471319,28.734323984373805,normal,none,none
554,0.9903541101128521,26.87892334471161,2.687892334471161,50.036871441081814,52.23259002157417,normal,none,none
555,1.0264373616689921,22.519635218358538,2.251963521835854,50.01491123901344,34.540963650940505,normal,none,none
556,1.0393876015132544,19.998365097776663,1.9998365097776665,49.98195094772054,34.38867345106739,normal,none,none
557,0.9980815889920989,24.72793169226552,2.472793169226552,50.041542334897215,29.786420928810614,normal,none,none
558,1.0218722485912353,32.81127721413773,3.2811277214137733,49.898776185634865,22.282527483698665,normal,none,none
559,1.0048229479030462,19.747644327459223,1.9747644327459224,50.11423695066951,51.48849375045491,normal,none,none
560,0.9897605997617053,28.244934048809256,2.8244934048809256,50.00169903568048,39.263805341788924,normal,none,none
561,0.999268463588808,24.63233289438724,2.4632332894387243,50.00072797346561,38.237402063551954,normal,none,none
562,0.9716309202440817,21.183441158195414,2.1183441158195415,49.88979832349437,44.08762160272426,normal,none,none
563,1.0173779793459612,26.572867461376127,2.657286746137613,50.04290242455269,50.12096577104403,normal,none,none
564,0.979039004749226,26.61264509231143,2.661264509231143,49.92701577149326,32.50613240990123,normal,none,none
565,1.0171558334260111,21.021804073175108,2.102180407317511,49.86013577244161,47.398232238204756,normal,none,none
566,1.010695907470716,28.212386374650976,2.8212386374650977,49.86844720027904,31.650446153337967,normal,none,none
567,0.9981476773293287,27.507906897495566,2.750790689749557,50.06919357605772,28.755260605595744,normal,none,none
568,1.0072727078881878,28.377185822627084,2.8377185822627085,50.014282495318916,34.56935844981894,normal,none,none
569,0.9812520503140765,40.82270893463932,4.0822708934639325,50.01324917196216,40.06700582911291,normal,none,none
570,0.9880711246765332,18.198756525540052,1.8198756525540052,50.00511429036092,25.987875180028315,normal,none,none
571,1.0064458874673863,22.566532987028214,2.2566532987028216,49.79158663455877,50.30572632198822,normal,none,none
572,0.9626245809770011,28.121451708962383,2.8121451708962386,49.8759389661175,36.066268283024485,normal,none,none
573,1.0176989904547635,26.870323295593998,2.6870323295594,49.972180242938386,34.588591479901794,normal,none,none
574,0.9792211593519521,22.18839199889049,2.2188391998890493,49.86284158809031,32.044956670639166,normal,none,none
575,0.9959983404301911,23.060201067579257,2.306020106757926,50.13791860786629,32.80930288608931,normal,none,none
576,0.9933451590663117,24.32056514651966,2.432056514651966,50.00795039444375,28.315128456660897,normal,none,none
577,0.9949365619287347,24.7963055601039,2.47963055601039,50.14420211439285,42.13193148196964,normal,none,none
578,0.9936949804193448,23.564975180372432,2.3564975180372434,49.87441190937937,11.698417979557885,normal,none,none
579,0.9898081191706835,14.2880208058628,1.42880208058628,50.039137671745685,28.25399848120233,normal,none,none
580,1.0179483020137516,20.902074230940883,2.0902074230940886,49.97236785700403,30.244118227422124,normal,none,none
581,1.0008893896395945,29.92826071615928,2.9928260716159283,49.88395227575885,21.391150602946702,normal,none,none
582,0.9947822071364537,29.715607088589998,2.971560708859,49.84727642629268,35.71023943203428,normal,none,none
583,1.0064356443656604,22.27394480892674,2.227394480892674,49.96423320792802,17.07911053807605,normal,none,none
584,0.9638737967196265,30.303399868955477,3.030339986895548,49.991500243200406,19.823422988356082,normal,none,none
585,1.0067799449052566,20.259472667711982,2.0259472667711984,50.00180422098434,31.181200604588167,normal,none,none
586,1.0343457388358885,28.0265166280979,2.80265166280979,50.031348875550485,41.84944705343696,normal,none,none
587,1.0062012798885194,29.526973287633314,2.952697328763332,49.93499929983304,37.06483249822813,normal,none,none
588,1.012154298494597,25.529698875789105,2.552969887578911,50.08565848985655,28.366782214093007,normal,none,none
589,1.0090306597538556,21.848258689783478,2.184825868978348,50.02307510399964,32.57531958280807,normal,none,none
590,1.0278833394816922,27.197230751444433,2.7197230751444437,49.908605652069504,37.47206593137293,normal,none,none
591,0.9900909590062924,28.709799962324748,2.870979996232475,49.99668532481461,30.215422702042712,normal,none,none
592,1.0054902906806327,24.308459061506255,2.430845906150626,50.04166472260264,23.298929228613506,normal,none,none
593,1.0181080919393946,33.44718060185714,3.3447180601857145,50.075727242682746,27.97223564877784,normal,none,none
594,0.9954056227437572,17.901031428183547,1.7901031428183547,49.9755399526543,29.82333988292703,normal,none,none
595,0.9879186762711396,24.460541899699628,2.446054189969963,50.17452281382081,33.05263881624063,normal,none,none
596,1.0122523437092552,20.711005074243573,2.0711005074243576,50.126429039252265,36.867981702269105,normal,none,none
597,1.0139367411345175,15.58880829833925,1.5588808298339252,49.8099192576839,24.275651677920113,normal,none,none
598,1.0028308308971865,31.27626354423109,3.127626354423109,50.13499281828259,20.93290852856221,normal,none,none
599,1.0015829959590508,30.271654949207864,3.0271654949207867,50.006802702477195,15.468101156064002,normal,none,none
600,1.0264418793180425,21.980158063930865,2.198015806393087,50.27088189392229,24.562361269747463,normal,none,none
601,0.9615207850222574,24.449837808905663,2.4449837808905666,50.06032404630173,43.24589060421975,normal,none,none
602,1.0206365320269886,16.20109741631547,1.620109741631547,49.92275212076664,21.962242058401635,normal,none,none
603,1.0558159175069837,22.586453924529692,2.2586453924529692,49.99710607145773,32.802847592492405,normal,none,none
604,1.0073632000575548,24.784528193816275,2.4784528193816278,50.05627003576366,32.32770535888098,normal,none,none
605,1.0408148214566786,19.68490002715052,1.968490002715052,50.090350049558914,39.758156006026546,normal,none,none
606,0.9828753931381727,32.29601707034258,3.229601707034258,50.08628579166281,29.44247818708981,normal,none,none
607,1.0140615443417786,24.268901634588698,2.4268901634588698,49.87009720686845,27.121399560842875,normal,none,none
608,1.0486467961948482,27.911034028255294,2.7911034028255295,49.94797572510119,39.406753404198575,normal,none,none
609,1.023292396381231,22.865874609912538,2.286587460991254,49.96265072575995,35.42992038228076,normal,none,none
610,0.9861128634400421,26.51323482980606,2.6513234829806063,49.94305605063057,46.86610317509073,normal,none,none
611,1.0007588762410355,31.14827083791311,3.1148270837913112,50.13451490162341,45.97326145031436,normal,none,none
612,1.0104412216180811,20.299109635122154,2.0299109635122154,50.07482774496858,35.56235543618569,normal,none,none
613,0.9881231150727416,22.361241026889683,2.236124102688968,49.94557403167953,28.97531340344194,normal,none,none
614,0.993517036503715,26.732179601711596,2.6732179601711596,50.090628506824174,39.31091548369749,normal,none,none
615,1.0333597744398355,16.479933322353872,1.6479933322353872,50.07096667834095,51.91764938047184,normal,none,none
616,0.9865370350869371,24.430885621146547,2.4430885621146547,50.00049289275548,38.50169964558447,normal,none,none
617,1.0198944008771946,31.44990042788485,3.144990042788485,50.027754011015304,38.29103572705434,normal,none,none
618,0.9900592224966017,25.623302285159294,2.5623302285159295,50.032666130753356,25.38690963066538,normal,none,none
619,0.9877397902460777,17.38748091753758,1.738748091753758,49.93669953379309,37.935398793569846,normal,none,none
620,0.9899056437656067,21.534839955108712,2.153483995510871,50.14052346262288,29.621811360845083,normal,none,none
621,0.9669974580654471,23.199582474440426,2.3199582474440428,49.99941978058236,48.15702253265079,normal,none,none
622,1.0176170052175253,20.316810599099902,2.03168105990999,49.86093209443709,27.154531808495545,normal,none,none
623,0.9919927838756925,24.205648820318636,2.4205648820318637,49.761333207980826,26.334849062173248,normal,none,none
624,1.0032051918778786,24.50545946995047,2.4505459469950472,50.11893090862453,40.1644266938261,normal,none,none
625,0.9740866222071785,25.036696869801315,2.503669686980132,50.27175255459422,23.66245061653018,normal,none,none
626,0.9793887543430846,21.762548481818925,2.1762548481818924,50.09555023185036,28.31173186939808,normal,none,none
627,0.9808280577834866,30.250166543818526,3.0250166543818526,49.913534547238704,36.519989612336836,normal,none,none
628,0.9826291456130404,27.755224175897375,2.7755224175897375,49.8830814811168,26.18857200267245,normal,none,none
629,0.9981096134775824,32.11632564527461,3.211632564527461,50.05193775216592,51.437872952053795,normal,none,none
630,1.028106698475683,31.39014070119137,3.139014070119137,50.18992745109736,55.2132056903795,normal,none,none
631,1.015763371616957,27.13925973106872,2.713925973106872,49.946126742389474,46.90013376530559,normal,none,none
632,0.9949449361428192,27.487496514553737,2.7487496514553738,49.86191015348907,35.21359128539281,normal,none,none
633,1.0043430861929612,21.04802948544254,2.104802948544254,50.00272779691796,44.136760277311545,normal,none,none
634,1.0301929638405636,25.62044887790097,2.562044887790097,49.84824228423772,33.26059903317619,normal,none,none
635,0.9982051474379788,28.526277773667207,2.852627777366721,50.00769967965623,47.878103940622694,normal,none,none
636,0.9929465737902802,27.564929187029342,2.7564929187029343,49.92263537318065,35.22295814843419,normal,none,none
637,0.9872863429894083,23.53530069649715,2.353530069649715,49.84436559615265,38.86904833422558,normal,none,none
638,1.0269468674116697,25.289612198368484,2.5289612198368485,49.924846863816725,43.29327925271333,normal,none,none
639,1.0237329457569035,36.20753884627088,3.620753884627088,49.98308003700024,36.420136420903255,normal,none,none
640,0.9999305138309392,22.351535611733922,2.235153561173392,50.1168051102921,43.00532512733686,normal,none,none
641,1.0184185806656612,28.956361044676093,2.8956361044676093,50.0235312743422,28.165272973314632,normal,none,none
642,0.984329904919752,31.59336490639951,3.1593364906399515,50.01433879193621,23.496351477986977,normal,none,none
643,0.9739354916134376,26.201938898208187,2.620193889820819,49.82237282194849,40.17833899360745,normal,none,none
644,1.0220884848256246,24.868106347003955,2.4868106347003955,50.012760410009534,39.780161028080045,normal,none,none
645,1.0173965269555234,31.24357258476453,3.124357258476453,50.04548767718903,13.047418922437966,normal,none,none
646,1.0313036386913055,29.60237624755035,2.960237624755035,49.92227645426998,17.28677511587779,normal,none,none
647,1.0027083482283128,31.070904161186732,3.107090416118673,49.9719362240831,38.12750397856955,normal,none,none
648,1.0025710838199786,17.962613351598687,1.7962613351598689,50.011320294178255,31.527930270833135,normal,none,none
649,0.9885518508203941,28.243781330563095,2.82437813305631,49.75580404107454,44.2582297314533,normal,none,none
650,1.0030106905969423,30.50250885454529,3.0502508854545294,49.91934438092812,41.16298552918833,normal,none,none
651,1.0085321165981134,22.49302664011794,2.249302664011794,49.954610129699525,35.6042105640239,normal,none,none
652,1.0066977784212205,17.17676247703409,1.7176762477034089,50.05685403375437,30.940762741739725,normal,none,none
653,0.9958551605963871,19.531083550489456,1.9531083550489456,49.89403916636944,34.852205353005616,normal,none,none
654,0.9885917591023131,26.670588346243402,2.6670588346243402,49.98552062059932,51.48325525766049,normal,none,none
655,0.9930982538549481,32.26799253578908,3.226799253578908,50.00427596319399,46.53422787976159,normal,none,none
656,0.9790833360965487,21.753752033471653,2.175375203347165,50.01968004251126,35.6443691632816,normal,none,none
657,0.9915045757649522,25.899298629262404,2.5899298629262404,50.08063402564146,39.43346081264589,normal,none,none
658,0.9705610269237172,22.356003137055886,2.235600313705589,49.883325142993435,35.37230824429482,normal,none,none
659,0.9710949082965665,27.00749963400713,2.700749963400713,49.9972147608983,22.56402386941527,normal,none,none
660,1.05100264755904,31.06807311446392,3.106807311446392,49.965288318673515,33.65144891744627,normal,none,none
661,1.0237851586967528,26.911981267737442,2.6911981267737444,50.129854710337916,48.413389704521016,normal,none,none
662,0.9889071629942644,21.760479006402583,2.1760479006402584,49.91051760806659,51.06777473884562,normal,none,none
663,0.9971652117327824,26.02724011198155,2.602724011198155,49.85330796944027,26.85910803148807,normal,none,none
664,1.0257871215463679,21.364712901988497,2.1364712901988496,50.11530297467863,29.450317840587825,normal,none,none
665,0.9900656595042322,23.178726100840574,2.3178726100840574,50.09207272307564,31.521728820090573,normal,none,none
666,1.0218809817365333,29.195417049339547,2.919541704933955,50.05689103338731,26.666926679847784,normal,none,none
667,1.0010911805224436,26.63782263055913,2.663782263055913,50.07293700165606,22.08089394596163,normal,none,none
668,0.9819673602771974,14.595425455071702,1.4595425455071702,49.90183777140532,30.50697260801858,normal,none,none
669,0.9937449055305575,20.61412123959888,2.061412123959888,49.893829249525346,39.826744791631626,normal,none,none
670,1.0229054127902844,28.675262609592895,2.8675262609592895,49.95397630371756,39.10762316765895,normal,none,none
671,1.0468487549833336,27.39498477507294,2.739498477507294,49.78308968847152,35.55724533844693,normal,none,none
672,1.0263174347328856,29.868611651353426,2.986861165135343,50.05502631854306,51.74349903522002,normal,none,none
673,1.0297664295047946,24.12561904469458,2.412561904469458,50.017771060234,34.8831825254397,normal,none,none
674,1.009577780243846,26.36820188663115,2.6368201886631155,49.953009585202906,23.369868750771055,normal,none,none
675,1.00382973502251,31.772068214858727,3.177206821485873,50.008891608536466,30.510291319888854,normal,none,none
676,0.9944522803070771,15.29990297458984,1.529990297458984,49.96696226842671,36.15938154401929,normal,none,none
677,1.0185417602058664,26.91028765652334,2.691028765652334,49.96109470336635,42.729262490504205,normal,none,none
678,0.9997766818832063,27.649753804497163,2.7649753804497164,50.10337593752413,40.389717148941195,normal,none,none
679,0.989385485979084,27.38153838875958,2.738153838875958,50.13513153983651,39.70014915527722,normal,none,none
680,0.9843899836011215,24.969444315476597,2.49694443154766,50.071889800080875,37.33954340730853,normal,none,none
681,0.9997949093302456,20.57729043942198,2.057729043942198,50.013775903417454,25.663940180124854,normal,none,none
682,0.974342003697178,23.27012832111008,2.327012832111008,50.06769969218596,50.185117886018794,normal,none,none
683,1.0377818351017558,29.467374571906262,2.9467374571906264,49.99237917417817,34.30521549691838,normal,none,none
684,1.0001681268526939,16.141313915488837,1.6141313915488837,50.232361131889206,39.14632778464713,normal,none,none
685,1.0270642279545998,28.324696769700658,2.832469676970066,50.06724812627764,38.09214906293284,normal,none,none
686,0.9859820530167906,37.50389939284567,3.7503899392845668,49.87455961602553,28.731992801061804,normal,none,none
687,0.9888278527735836,27.96214355049289,2.796214355049289,50.00210049697582,30.738292263103055,normal,none,none
688,1.0072908333716124,25.356757517407047,2.5356757517407047,50.07670735391151,41.97074285364302,normal,none,none
689,1.0210528055302925,29.826169719642976,2.9826169719642976,49.87644081506713,40.42106571180853,normal,none,none
690,1.0317733517071284,25.88370648973344,2.5883706489733442,50.03168828190494,46.45893880073353,normal,none,none
691,0.9985484153429915,22.894029133692655,2.2894029133692655,49.83753123008811,30.885476853769028,normal,none,none
692,1.0502732363855163,17.492684368523022,1.7492684368523024,49.915439299393285,44.95339656512984,normal,none,none
693,1.0099668211002635,25.21814032267793,2.521814032267793,49.984574584912565,42.64577893594522,normal,none,none
694,1.015288480650964,23.460753952581683,2.3460753952581683,50.09623995672263,45.38902043580244,normal,none,none
695,0.9549532218673701,22.57631360907868,2.2576313609078684,50.19054970369923,47.13276339156946,normal,none,none
696,0.9829499801501164,23.786554163711372,2.3786554163711373,50.08969629165562,38.83903372946719,normal,none,none
697,0.985311063751117,24.715087908829066,2.4715087908829068,50.21092758924664,32.37252752162111,normal,none,none
698,0.9952520587284612,18.59994478958731,1.8599944789587308,49.96791343460023,32.15303050896681,normal,none,none
699,1.0485241562636258,26.452609156270583,2.6452609156270586,49.95951154323389,46.616675107539294,normal,none,none
700,1.009308713954303,22.102365645591046,2.210236564559105,50.00273276834398,35.94932313000481,normal,none,none
701,0.9887102095837064,24.511800417956625,2.451180041795663,50.00903621518806,28.44006758559323,normal,none,none
702,1.0497323481756522,21.562004356163918,2.156200435616392,50.01436100263437,35.48402155096808,normal,none,none
703,0.9957181099751432,29.415942628750933,2.9415942628750935,49.889154918605314,27.152208362748496,normal,none,none
704,0.9882578971807304,31.342312635499674,3.1342312635499674,49.94105512892448,41.30581985010101,normal,none,none
705,1.0283798868788812,28.667440098343626,2.866744009834363,50.054029515482114,36.128556612938574,normal,none,none
706,1.0036472780524097,21.471108253819438,2.1471108253819438,49.98889938933846,35.08480657637522,normal,none,none
707,1.0307074111522347,21.500258043189902,2.1500258043189904,49.90174506777352,41.694189993015485,normal,none,none
708,1.0127647290667714,22.93956750800973,2.293956750800973,50.11428100881971,28.623935087451105,normal,none,none
709,0.9667210683545214,36.620246836423576,3.6620246836423576,50.03709942418715,50.10599427979643,normal,none,none
710,0.9983241549484599,19.94877887155661,1.994877887155661,49.93982729223906,53.49972062429367,normal,none,none
711,0.9945255894136912,25.092138893970617,2.5092138893970617,50.09945891363608,42.52016764675961,normal,none,none
712,1.0226111059612335,25.64067598272737,2.5640675982727372,50.00576316613378,31.446561325821172,normal,none,none
713,0.9999868816989286,26.112913484939714,2.6112913484939715,50.2140565509968,30.807219804603523,normal,none,none
714,0.9865829392576586,18.356175168948496,1.8356175168948496,49.972359783748786,41.1687311175573,normal,none,none
715,1.0162572900938085,31.593751004370823,3.1593751004370825,49.952416629111546,24.907124095463335,normal,none,none
716,1.0125812304207586,20.483169155227554,2.0483169155227556,50.10675968305095,31.80036449055919,normal,none,none
717,1.0110258776428083,24.400729986366475,2.440072998636648,50.00693476780965,39.302081762286846,normal,none,none
718,1.0076614223359512,28.990305379261898,2.89903053792619,50.03827654105733,38.28822262721282,normal,none,none
719,1.0131662932172834,26.985868252371095,2.6985868252371095,50.11166699967953,42.87379209810566,normal,none,none
720,0.9675715301964737,18.412760928336937,1.8412760928336938,49.89090686391502,37.091864045808556,normal,none,none
721,0.9863635112394137,17.74451475992079,1.774451475992079,49.92084372180729,26.482587339084454,normal,none,none
722,1.014262244005942,22.119542820618822,2.2119542820618823,49.94927117357392,31.748636059998844,normal,none,none
723,0.9859576989703763,30.955848878747577,3.095584887874758,49.997387888125274,39.70881320519619,normal,none,none
724,0.9951592166231538,21.677336747167917,2.167733674716792,49.93940629742682,40.73940022099314,normal,none,none
725,0.9758282515000521,19.043934863174723,1.9043934863174723,50.01445333497524,20.55418635041726,normal,none,none
726,0.9954036764300634,24.15898846796357,2.4158988467963574,50.00876836999802,34.867103248346574,normal,none,none
727,1.0251042061651874,18.220519166547298,1.82205191665473,50.1626777558446,37.707811744987275,normal,none,none
728,0.9873208181639075,25.253053252256393,2.5253053252256397,49.98353519939012,26.089396706148136,normal,none,none
729,0.9875618438863702,23.391503415393405,2.3391503415393404,49.93282693038615,31.522586474890836,normal,none,none
730,0.9993498663541315,37.61760867408432,3.7617608674084324,50.0617899181776,35.291438524342915,normal,none,none
731,1.0181329604189882,19.16357971866978,1.916357971866978,49.8371418134042,34.28995826149581,normal,none,none
732,0.9974955386261144,28.546114184967912,2.8546114184967912,50.036630781549505,53.896080084739594,normal,none,none
733,0.9911625228289564,21.709253749120112,2.170925374912011,49.97705086442425,34.11780166265022,normal,none,none
734,0.9890268750067642,16.29768118578533,1.629768118578533,49.92620746619746,26.054843425291068,normal,none,none
735,1.0079191527907774,25.599910756488566,2.5599910756488566,49.970894938556995,38.416625642539046,normal,none,none
736,0.965341324765598,18.483079888663344,1.8483079888663345,50.058287658568936,37.335743820061545,normal,none,none
737,1.0232366039535188,19.481291267673058,1.9481291267673058,49.955824486923014,35.99441839312195,normal,none,none
738,1.0036173538457633,20.03797864542493,2.0037978645424928,50.01057444468435,40.28474013435685,normal,none,none
739,1.0083119720088445,15.888037794447989,1.588803779444799,50.01422593592836,38.77337749678952,normal,none,none
740,1.0119160197612231,29.793306131416742,2.9793306131416744,49.83797563776532,26.338209218495262,normal,none,none
741,0.9972102464029767,24.706011798494874,2.4706011798494876,49.91462180224751,30.198152281565797,normal,none,none
742,1.0005832625763695,23.225615544037836,2.3225615544037836,50.03556042210677,38.787402194601675,normal,none,none
743,0.9927723313584088,30.386889342103288,3.038688934210329,49.80684367083365,30.849510464047704,normal,none,none
744,1.0246094091322824,26.061354610330632,2.6061354610330634,50.151879851528676,41.09298995105035,normal,none,none
745,1.0021280876196574,23.05786336640798,2.305786336640798,49.845780027390255,30.605977542402176,normal,none,none
746,1.0333019385411588,28.399812580076343,2.8399812580076347,49.873477196400536,22.770947701168758,normal,none,none
747,1.0189722999201694,22.62289072016876,2.262289072016876,49.94501334459346,24.214656264307777,normal,none,none
748,1.0165314408251926,25.506609279004273,2.5506609279004273,50.101538733473824,29.609121568651517,normal,none,none
749,0.9983700466402381,27.13624578544783,2.713624578544783,49.96015466126308,46.67137718583848,normal,none,none
750,1.0202154264273897,23.703091216960537,2.370309121696054,49.93784843844024,39.14821004561757,normal,none,none
751,0.9974443370182132,27.854463474447723,2.7854463474447724,49.9339063956984,27.946911702843884,normal,none,none
752,1.0096075740015091,19.961281393503487,1.9961281393503487,50.06297792121541,29.98434662595804,normal,none,none
753,0.9683751783140818,21.289821601449724,2.1289821601449725,50.114713748177884,31.023383517788066,normal,none,none
754,1.0015884626411728,18.585702192662055,1.8585702192662055,50.02467919646969,33.60782688456282,normal,none,none
755,0.9781592489249351,27.485334046662626,2.748533404666263,50.10093816330166,22.522795270427295,normal,none,none
756,1.0070330718303349,29.769978547895125,2.976997854789513,49.87386873154831,37.73373927181306,normal,none,none
757,1.0350531026091456,28.83260281792972,2.883260281792972,50.13074726223589,17.2598208091169,normal,none,none
758,0.9974099225245585,20.677507181449418,2.067750718144942,50.03923374329313,36.22250997747464,normal,none,none
759,0.9672668857006743,17.78092351165228,1.778092351165228,49.88143304170686,34.468833018957454,normal,none,none
760,1.026739262893048,23.146993537724548,2.314699353772455,50.155755370860305,40.81487401952026,normal,none,none
761,1.0333417342074707,25.706659178396905,2.5706659178396905,50.093679338007234,32.25029205484673,normal,none,none
762,1.0147826892127907,23.153582672753785,2.3153582672753785,49.98318723563818,26.296154771242378,normal,none,none
763,0.9787409751146872,20.433472201280676,2.0433472201280676,49.921039950878054,46.3562987709858,normal,none,none
764,1.050235384599375,28.69279477173198,2.869279477173198,49.95499161669384,40.24067672022093,normal,none,none
765,1.0228075635118377,25.43473306609183,2.543473306609183,49.89907495663297,30.600138081003287,normal,none,none
766,0.9884355266432634,25.989833242798394,2.5989833242798395,50.09021961208876,39.14320959971375,normal,none,none
767,0.9796090038958146,29.05803227448353,2.905803227448353,49.83431809611972,36.97474805216229,normal,none,none
768,1.0077709803230717,25.490526156414518,2.549052615641452,50.02400583672099,43.279515076783326,normal,none,none
769,1.0109838908061786,25.453791984751792,2.5453791984751795,49.930622267356576,39.143106965984195,normal,none,none
770,1.0163334255347487,30.15311432673062,3.0153114326730623,49.99502636085975,45.31698350118301,normal,none,none
771,1.0295950975291253,28.625420180370995,2.8625420180370997,50.00184573165361,36.065298523036546,normal,none,none
772,1.0018357402248212,23.102203329780814,2.3102203329780813,50.058829207738405,45.860334694773314,normal,none,none
773,1.0289999712551992,29.02315750723503,2.902315750723503,50.078042198510744,35.51881324904461,normal,none,none
774,1.0043071896411073,20.882141299579562,2.088214129957956,49.85403437506409,29.224492450297124,normal,none,none
775,0.9834199423118121,24.196039533783303,2.4196039533783305,49.84858063732669,46.884797830436625,normal,none,none
776,1.023972645808649,21.786693105068515,2.1786693105068515,50.00620704772979,37.78332757352764,normal,none,none
777,1.0012378939275726,23.678194340308302,2.3678194340308303,50.08715340333917,33.63810635417742,normal,none,none
778,1.0148588997961132,25.55004547674137,2.5550045476741374,50.046890125164516,15.846444898627496,normal,none,none
779,0.9953923726901286,23.11558751884361,2.311558751884361,50.205363392557,40.7974744973061,normal,none,none
780,1.018903163489834,32.356471096723716,3.235647109672372,50.08780444515398,38.34113544572645,normal,none,none
781,1.0406990408522105,22.89310192855794,2.289310192855794,50.124520702565206,34.81589709093995,normal,none,none
782,0.9974290603836133,30.053847564144146,3.005384756414415,50.07607245275412,28.779337246969884,normal,none,none
783,0.9950493994915138,26.29031320388076,2.6290313203880764,49.99173217770259,28.55141660066073,normal,none,none
784,1.0032704363777716,24.24509608654823,2.424509608654823,50.12889115538362,29.092695376101307,normal,none,none
785,0.9811167889337934,26.281944774114297,2.62819447741143,50.00145811948886,42.07583868001129,normal,none,none
786,0.980613743689775,27.97486580311258,2.797486580311258,49.98605939950355,26.73298760102024,normal,none,none
787,0.9805841760263548,15.264469187402877,1.5264469187402878,50.16364713715579,42.034277607821224,normal,none,none
788,0.9910984677669282,27.14452996145458,2.714452996145458,49.99235708432172,39.33147470208986,normal,none,none
789,0.9972810358053731,19.833312558229856,1.9833312558229856,49.91441803091725,39.142323945645366,normal,none,none
790,0.9883961132356682,15.575344532894306,1.5575344532894306,49.96123632736143,45.06115397426858,normal,none,none
791,1.0197538065337404,27.413093771129276,2.7413093771129278,49.96005547916697,28.492077060416115,normal,none,none
792,0.9752086581622983,28.51200004259312,2.851200004259312,49.88006961244477,45.5006441878322,normal,none,none
793,1.0305208358953628,24.325702517237694,2.4325702517237695,50.045361169763794,35.73599192133302,normal,none,none
794,0.9861169454012741,24.348946990638243,2.4348946990638245,50.142529431583114,37.33345313774862,normal,none,none
795,0.9835773429338762,31.883571195029567,3.1883571195029567,50.1376757173204,35.18261273854189,normal,none,none
796,0.9809712071304603,24.87936516622746,2.487936516622746,50.01576938859392,41.751864974005564,normal,none,none
797,0.9858170175796949,22.437954011490877,2.2437954011490877,50.16578873672015,30.682863566618472,normal,none,none
798,0.980792571890814,27.47572393785123,2.7475723937851235,50.13764344837753,45.867315382052254,normal,none,none
799,1.0141252795637357,25.50552845341402,2.550552845341402,49.9496144183699,53.10323481619511,normal,none,none
800,1.0051248615502195,23.503166949504525,2.3503166949504526,49.98544970335128,32.53135712077251,normal,none,none
801,1.0166888143209962,22.25544582701601,2.2255445827016014,49.957391153202224,31.616861117449734,normal,none,none
802,1.01801681068418,27.582834608423333,2.7582834608423337,49.96443002855823,38.209003536326854,normal,none,none
803,0.9887067358584843,23.001352568157955,2.300135256815796,49.97902804629032,39.84637562926156,normal,none,none
804,0.9943096531842853,13.855252279997508,1.385525227999751,49.92511235425944,40.237338033649614,normal,none,none
805,0.99589381955082,25.44710822762069,2.544710822762069,49.95077002923601,42.82912782427091,normal,none,none
806,0.9995714262463852,22.21505487890798,2.221505487890798,50.07225193662046,32.24149221230082,normal,none,none
807,0.9921055981160672,30.591934239912838,3.059193423991284,50.034950857084944,32.7449057956917,normal,none,none
808,0.9901827556598031,24.21975194253244,2.4219751942532444,49.893813420272515,25.183810350129,normal,none,none
809,1.0199021491016567,22.794988185373857,2.2794988185373857,50.04861339138225,45.990915707375564,normal,none,none
810,1.0030608716923541,33.05988311233974,3.3059883112339743,49.892686349465336,30.058582609110545,normal,none,none
811,0.9875611909946346,18.02154887598209,1.8021548875982092,49.925720950934995,33.84145684207471,normal,none,none
812,0.9907529801941384,19.027072435584472,1.9027072435584473,50.047683217255255,42.16257416995036,normal,none,none
813,0.9791930946619475,23.957136933271823,2.3957136933271825,50.02325647817975,44.275309202648465,normal,none,none
814,0.9972368757611323,31.550413280628003,3.1550413280628007,49.9776172711172,32.295394946451516,normal,none,none
815,0.993876170412422,29.030655778962213,2.9030655778962213,50.02036611812702,31.65851542880352,normal,none,none
816,0.9891275023395506,26.162920100114444,2.6162920100114446,50.04021757796493,48.72592217516902,normal,none,none
817,0.9932153015659303,22.35164123626302,2.2351641236263022,49.86388984132033,34.444078540645435,normal,none,none
818,1.0317035455177856,23.25758569456903,2.325758569456903,50.08390837513939,38.07202123177119,normal,none,none
819,1.0253756156968865,26.53763721981996,2.653763721981996,50.0652653559037,28.8957672871605,normal,none,none
820,0.998741222406321,29.457463222805472,2.9457463222805473,50.01064540645243,19.9351655507367,normal,none,none
821,0.9992253481936649,23.66057129992958,2.366057129992958,49.92291377649947,48.61735933938662,normal,none,none
822,1.014974345971894,24.713508130940394,2.4713508130940394,50.007647060558156,36.726003557265216,normal,none,none
823,0.9924584904060041,24.45323863164846,2.4453238631648464,49.950114918206516,31.369933087314774,normal,none,none
824,0.997475952362235,29.025210384560452,2.9025210384560456,50.15594767846349,38.62600029147927,normal,none,none
825,1.0064126673484932,26.799055481581743,2.6799055481581746,50.03633132269478,38.28269814800237,normal,none,none
826,1.0091959455801305,23.968729004086434,2.3968729004086433,49.9140074600851,15.616616986524491,normal,none,none
827,1.0135582484733823,27.882456267635977,2.7882456267635978,50.01815944836899,31.351051894673816,normal,none,none
828,1.020882809931698,26.305819299191825,2.630581929919183,50.07660731582298,43.99208653430621,normal,none,none
829,1.0269890909655428,18.497054819637047,1.8497054819637047,50.19011814266667,34.892854036913654,normal,none,none
830,1.0023702024891152,28.762579346696636,2.8762579346696637,50.037381668222025,33.95185485069323,normal,none,none
831,1.0240562152734038,25.970091157037924,2.5970091157037927,50.03716411616807,42.53370792691267,normal,none,none
832,0.9991230701935371,25.183890308823724,2.5183890308823726,50.10447660627681,24.78518945066453,normal,none,none
833,1.0115541919604218,36.990700746028935,3.6990700746028935,49.91332733988315,33.01332216728946,normal,none,none
834,0.9941550481248992,30.95668148995395,3.0956681489953954,49.94833814739177,29.76291456092495,normal,none,none
835,1.025665499792087,21.247660842533286,2.1247660842533285,50.065687984218435,17.901389034025254,normal,none,none
836,0.9792979938467075,31.061487110292777,3.106148711029278,50.00247459483937,32.79064332396552,normal,none,none
837,0.9997556559609206,24.153999762721654,2.4153999762721656,50.08616818718179,35.84561975042939,normal,none,none
838,0.9983463886668377,24.83849079442576,2.4838490794425763,50.2372457752114,18.539103859143307,normal,none,none
839,0.9926077732843888,37.28489664243378,3.7284896642433782,50.093567179428,33.26749012637223,normal,none,none
840,1.0173519660294585,25.640973832970413,2.5640973832970415,49.94546936190352,27.963896430289008,normal,none,none
841,1.0052367326132272,18.53882623656635,1.8538826236566353,50.11700692443323,42.100102190022334,normal,none,none
842,1.0164597678105036,23.550184082347037,2.3550184082347037,49.889108900507,39.02745994935429,normal,none,none
843,0.9215372444975387,26.33212141366807,2.633212141366807,49.96104194560573,34.34555415866905,normal,none,none
844,0.9874545736813874,23.09877229927256,2.309877229927256,49.77593535179083,33.28790208917368,normal,none,none
845,0.9950119414679602,22.539654104073172,2.2539654104073175,50.16624984440273,31.544270306280424,normal,none,none
846,1.0023779949411202,30.304474328139634,3.0304474328139634,50.00222236286449,39.52644399643692,normal,none,none
847,1.01075130147444,24.1788790438175,2.4178879043817503,50.19786666827534,24.132576514308298,normal,none,none
848,1.003329913824326,35.6905819580022,3.56905819580022,49.93024341632692,39.80407933808325,normal,none,none
849,0.9859797963589481,23.725955903745657,2.3725955903745657,49.883774692495074,37.14647154086686,normal,none,none
850,0.9841286149345528,16.620661118481557,1.662066111848156,50.112674056396436,35.73167192563942,normal,none,none
851,0.992598654494402,25.34313427977385,2.534313427977385,50.12627386741153,38.92699616145132,normal,none,none
852,0.9878781874978214,25.89673916892551,2.589673916892551,50.0736995934544,38.51095465744658,normal,none,none
853,1.0274095838458173,21.70744729518741,2.170744729518741,50.19511784765853,37.632795764177736,normal,none,none
854,1.0121055018870022,23.91233349776655,2.391233349776655,49.82692151488932,23.504175279964556,normal,none,none
855,0.9872451643435426,15.24972425063115,1.5249724250631151,50.00812906060166,35.432404138148634,normal,none,none
856,0.9813878124322182,25.644317113400742,2.5644317113400743,50.01632157502929,41.325006154045056,normal,none,none
857,1.004445484133965,26.835714542825794,2.6835714542825797,50.06451426413297,46.29614739890444,normal,none,none
858,0.9969308820650585,27.338238638494868,2.733823863849487,50.0732101273722,35.66870847647349,normal,none,none
859,1.037850664854643,31.751776045794582,3.175177604579458,49.96978921783875,32.015663708928344,normal,none,none
860,0.9648062184556637,24.085285382135172,2.4085285382135173,50.12084802804262,30.173637090114436,normal,none,none
861,0.9786098095475482,22.38439747229404,2.238439747229404,50.030091554001,35.91906432736599,normal,none,none
862,1.0125964707597148,20.320328049946518,2.032032804994652,49.89266970065493,28.431514092331312,normal,none,none
863,1.032056370461771,24.891086846733813,2.4891086846733814,50.03616868924191,46.688213875165076,normal,none,none
864,0.9764942278065235,29.281148285752312,2.9281148285752314,50.01108943099784,38.71040266464517,normal,none,none
865,0.9819894669986292,32.95780321409275,3.295780321409275,50.07384538618704,22.579187354614813,normal,none,none
866,1.0308383977412845,19.32951130166227,1.932951130166227,50.003563724151064,28.69903153022319,normal,none,none
867,0.9861524242193878,17.109881234212274,1.7109881234212274,49.89110598719245,25.672460993456028,normal,none,none
868,0.9834650064095551,24.337594518718802,2.4337594518718806,50.04930979452531,20.54708975466439,normal,none,none
869,0.9808057792509766,24.056717842301126,2.4056717842301127,50.0673367665107,34.265886008111,normal,none,none
870,1.0063083630882919,27.966772364472863,2.7966772364472865,49.92583730977568,33.75829117830383,normal,none,none
871,0.9869571353396395,14.676567980728034,1.4676567980728035,50.15295619977921,34.20977621073899,normal,none,none
872,0.9814947936831453,28.30386580854722,2.830386580854722,50.06213535942711,31.53847936133303,normal,none,none
873,0.9771340346820591,31.708455741038506,3.1708455741038506,50.14941786582972,31.82369955765009,normal,none,none
874,0.9987284867230896,32.12230156845664,3.2122301568456644,50.05043575885439,36.24809244456471,normal,none,none
875,1.0147673006669018,15.801562856581805,1.5801562856581806,49.849282322278995,18.923454929681903,normal,none,none
876,1.02446461131074,27.973908862391365,2.797390886239137,49.9624320564167,44.372800879628294,normal,none,none
877,1.003776083538777,24.476084409769765,2.4476084409769765,49.92013103930954,33.478085520959375,normal,none,none
878,1.0403473772217497,24.23587433213208,2.4235874332132084,49.884851499734644,35.98193440637535,normal,none,none
879,0.9701238881092066,22.295532950379886,2.229553295037989,49.976015169844764,26.21912663021719,normal,none,none
880,1.0118369990930636,26.915024649393313,2.6915024649393313,50.06248869413976,28.889157707053204,normal,none,none
881,0.9908822554925695,23.88475007952563,2.388475007952563,49.91208942813667,35.00663284517587,normal,none,none
882,0.988867374135571,18.648111167203638,1.8648111167203638,50.04180121933025,37.392875952859896,normal,none,none
883,0.9988509230496883,21.15840888534721,2.1158408885347213,49.95674388274417,31.89473138527277,normal,none,none
884,0.9703782605585018,27.406236611829467,2.740623661182947,50.032460833047146,37.418749278988265,normal,none,none
885,0.9609210612175247,18.08795506105004,1.808795506105004,49.90450039667077,50.22274509757355,normal,none,none
886,1.0214023299704584,14.375235442793636,1.4375235442793637,49.982967950998955,46.05086059977431,normal,none,none
887,0.9896821869011303,24.9270211908318,2.49270211908318,50.001012071534184,34.041546139197,normal,none,none
888,0.985082510564814,28.277916717721766,2.827791671772177,50.113756917533166,40.924454914766756,normal,none,none
889,0.9965157007655899,37.514190759456,3.7514190759456003,50.03489300461593,35.98112577405706,normal,none,none
890,0.988752646436128,28.34041388340134,2.8340413883401343,50.04465712505328,45.97233555698513,normal,none,none
891,0.9603447231718688,33.53378181427359,3.353378181427359,49.98759933462798,23.970895487448395,normal,none,none
892,0.9772230552272564,18.849610760101225,1.8849610760101225,50.07404893363866,41.648487779885926,normal,none,none
893,1.0055841912993686,22.01275582773779,2.2012755827737793,50.00634891717593,37.93717100751554,normal,none,none
894,1.0470808440561332,24.043215194795245,2.4043215194795247,50.009667326933574,21.60081291833904,normal,none,none
895,0.9981591120298969,20.673528978587633,2.0673528978587634,50.12174219116837,15.71530793450976,normal,none,none
896,0.9924712838732643,19.625181782780977,1.9625181782780978,50.14747777580774,25.9130941110299,normal,none,none
897,0.9925662183859781,33.211387728603796,3.3211387728603796,49.87616466246683,57.17016274315646,normal,none,none
898,0.9913520566945466,26.73261776360526,2.673261776360526,49.75607390771407,36.17479641287702,normal,none,none
899,1.0178973839282044,25.931440692106687,2.593144069210669,50.063463693047,34.3683961181817,normal,none,none
900,0.9913590754765916,22.53205794383186,2.253205794383186,50.20837338847205,36.954643131944906,normal,none,none
901,0.9924060584207922,19.830744968584398,1.98307449685844,50.012793265883154,41.13636326438551,normal,none,none
902,1.0153049905955818,32.054014128633746,3.2054014128633748,49.973727800482685,33.065626701177464,normal,none,none
903,0.9938481290226482,21.89051998403813,2.189051998403813,50.05533584602037,27.651381073236927,normal,none,none
904,1.002116632070821,21.58673587385685,2.158673587385685,49.98227293150171,31.455160622425584,normal,none,none
905,1.028627146753401,25.181034752067603,2.5181034752067606,50.111495994092344,18.568387894083727,normal,none,none
906,1.007686485749116,26.70122663197946,2.670122663197946,49.891532419915,35.008971045353505,normal,none,none
907,1.0185130059380685,24.484071591923815,2.4484071591923815,49.88011231216908,45.08049665914369,normal,none,none
908,1.0142309009597037,26.651369430549003,2.6651369430549003,49.849281110537106,33.987229445388245,normal,none,none
909,1.0039491856247855,29.322749769433862,2.9322749769433862,49.94629056157072,38.36470000604088,normal,none,none
910,0.9780166686572348,24.322462725867705,2.4322462725867706,49.99191895891529,58.1177336106911,normal,none,none
911,0.9937031916446216,26.91884951300819,2.6918849513008194,50.01771012109008,39.95695706892414,normal,none,none
912,1.0103370326435497,23.27966871595231,2.327966871595231,49.93774255442367,31.261305827196093,normal,none,none
913,1.0072488712699523,20.082538640759005,2.0082538640759005,49.77491963776709,29.100083875939156,normal,none,none
914,1.0422897425987105,29.11354073012148,2.911354073012148,50.07115653662574,39.917689111907464,normal,none,none
915,1.01523222321229,28.065139906135744,2.8065139906135745,49.89203998246856,42.90376876394235,normal,none,none
916,1.0034466943429843,28.462054190888317,2.846205419088832,50.0011598751406,37.43393685440804,normal,none,none
917,1.0455486592698646,23.20897901634817,2.320897901634817,50.03329926203408,40.83370783021193,normal,none,none
918,1.0171189619870555,18.687331525619587,1.8687331525619588,50.14046202641666,41.15096394548467,normal,none,none
919,1.0050505809573496,30.49297667655768,3.049297667655768,49.69994486449944,29.556557923581124,normal,none,none
920,1.029929720784391,27.238372687345798,2.72383726873458,50.03289195446958,21.767664016066192,normal,none,none
921,1.0117967047777296,24.256398450170256,2.4256398450170256,50.16798327133502,40.428895067825344,normal,none,none
922,0.9799380398998407,32.55411773448492,3.255411773448492,49.88950124335747,31.145325872565444,normal,none,none
923,1.0278826340355178,19.046498121077025,1.9046498121077027,49.80907550271356,30.33340928227381,normal,none,none
924,0.9894653369862348,36.726507939165444,3.6726507939165445,50.033295661916895,40.52393057342817,normal,none,none
925,1.014638192733266,17.371167295350386,1.7371167295350387,50.11086064359014,40.41299499145332,normal,none,none
926,0.9450991128198079,23.642958993489497,2.36429589934895,50.228261517172115,30.944822808148928,normal,none,none
927,1.0291491808749904,15.490968461712061,1.5490968461712062,50.22703816401759,39.70422654936954,normal,none,none
928,0.9830602588361199,16.610510736758435,1.6610510736758437,49.974858042573054,38.470924660893644,normal,none,none
929,1.0042290209927434,24.585665086631348,2.458566508663135,49.859669931194716,42.01121302926204,normal,none,none
930,0.9943736805386062,33.968110948002064,3.3968110948002064,50.08868930060295,33.54081457917605,normal,none,none
931,0.9905489689027689,23.917300847286892,2.3917300847286893,49.94119686915749,42.82993259136548,normal,none,none
932,1.0008441539720485,28.965885972868456,2.8965885972868457,49.922810451284725,30.49917849698975,normal,none,none
933,0.9759952233983754,17.63209679896613,1.7632096798966133,49.85522054925014,29.094581168783467,normal,none,none
934,1.008012337952191,22.125404784976453,2.2125404784976452,49.924679034253145,34.58534928310015,normal,none,none
935,1.0024934383377397,18.85893821967019,1.8858938219670192,50.00251618272796,27.828823049458656,normal,none,none
936,1.0065978875211687,19.892243748529584,1.9892243748529586,49.953996395614155,25.078694614076557,normal,none,none
937,0.9666985653796613,24.850724358709964,2.485072435870997,49.88381081165213,36.0769813459428,normal,none,none
938,0.988806532823621,21.19965962639989,2.119965962639989,50.075466368772595,23.712515708157266,normal,none,none
939,0.9803173833121039,28.51432522846848,2.851432522846848,49.959037912780396,31.83821882857271,normal,none,none
940,1.016521105697531,19.742924983028516,1.9742924983028516,50.04724250824746,52.28784969515408,normal,none,none
941,0.9812023722003428,32.45440341330236,3.245440341330236,50.131125282526405,49.19186375452124,normal,none,none
942,1.0212918430296916,34.39532206385446,3.439532206385446,50.00074753401923,46.320642096608516,normal,none,none
943,1.0139267367537868,18.022645149037402,1.8022645149037402,50.22666244068248,45.864009534709844,normal,none,none
944,1.032088390077122,19.782528044426936,1.9782528044426937,49.841159856278324,28.685912719695256,normal,none,none
945,1.000803344307898,17.599385263539368,1.7599385263539369,49.97062862732428,35.904276849589834,normal,none,none
946,1.0517919198349321,28.021694280880762,2.8021694280880762,50.22868969891557,27.93301005108548,normal,none,none
947,0.974637585378752,19.22718640419618,1.922718640419618,49.957300166100296,38.1695014676146,normal,none,none
948,1.0190360544524937,30.358781234597057,3.035878123459706,50.08846479703386,40.2492761576573,normal,none,none
949,1.0145363712612039,17.804015036370238,1.780401503637024,50.01866291174323,34.500858411612725,normal,none,none
950,0.9855737115614709,21.527380201533067,2.152738020153307,49.87011188181928,43.00789571177508,normal,none,none
951,1.0015775532315605,25.289941978711422,2.5289941978711425,50.08738487902513,34.52527996575961,normal,none,none
952,1.0089392169905596,27.252251014216952,2.7252251014216955,49.861995914077006,47.69092587781916,normal,none,none
953,0.9965055261601597,27.862191533305047,2.7862191533305047,50.05533849646316,30.27384267380051,normal,none,none
954,1.00392149293803,25.71441021253581,2.571441021253581,50.062761967488335,36.899231865529835,normal,none,none
955,1.0272404997933449,24.910472828129794,2.4910472828129797,50.02999636024312,38.83427518189688,normal,none,none
956,0.9711174446508872,24.19017597608226,2.419017597608226,49.93177991115272,33.18876766483228,normal,none,none
957,1.0021808772393153,20.91093129579753,2.091093129579753,50.10444388688154,32.60008123604013,normal,none,none
958,1.0160987560054577,34.025745759874226,3.4025745759874226,49.906935506012296,41.10859516116567,normal,none,none
959,1.0065849015108006,28.846583374835614,2.8846583374835615,49.96615624150757,38.72070543669114,normal,none,none
960,0.9715112872069757,21.437527678651684,2.1437527678651684,50.0378964160281,23.763887542807158,normal,none,none
961,1.0096269455011941,23.805869145534576,2.3805869145534575,49.95035161908301,25.797010680650814,normal,none,none
962,1.0279510139384016,28.849748748296424,2.8849748748296427,50.176774977913716,28.318541248387852,normal,none,none
963,1.0072984286285402,33.06204582597199,3.3062045825971995,49.99419433870705,31.126713165804755,normal,none,none
964,0.9848878041996995,28.513130639616392,2.8513130639616393,50.104994333175306,39.26965433704376,normal,none,none
965,1.0183851637404289,29.29653058555428,2.929653058555428,49.893403061322076,41.40112969725259,normal,none,none
966,1.0099780486751369,27.296507150745814,2.7296507150745817,50.07182549349142,51.61809321939823,normal,none,none
967,1.0306815198257304,28.407389334995624,2.8407389334995625,49.899627334660124,41.03303281968389,normal,none,none
968,1.0098875176301656,20.87362279438608,2.087362279438608,49.97044541466998,31.23757993270423,normal,none,none
969,1.006661556123381,29.051850777488845,2.9051850777488846,50.15054612402279,47.82759891912448,normal,none,none
970,1.008729833764705,30.101179613353807,3.010117961335381,50.08066154586539,27.36270901962442,normal,none,none
971,0.9980323885838421,27.47312781577579,2.747312781577579,50.00065341143999,26.280698690929235,normal,none,none
972,1.015377842090784,30.400692101987204,3.0400692101987206,49.94470740045191,35.24942112598541,normal,none,none
973,1.0141948894839907,21.6598948555283,2.16598948555283,49.915876477698326,34.184466397144085,normal,none,none
974,1.0092537914977724,23.070271652344115,2.3070271652344116,49.97503747643695,46.13490925506704,normal,none,none
975,0.99982893042308,25.458495944762706,2.545849594476271,49.928628395104454,31.840854257962253,normal,none,none
976,0.9788244919187093,31.272126591995583,3.1272126591995586,50.16452843245792,38.775809606038145,normal,none,none
977,1.024067208679542,21.217323004066316,2.1217323004066317,49.845929931724264,29.698843862137,normal,none,none
978,1.0266504013439033,14.835255120281818,1.4835255120281818,49.947393935938884,22.160959476159725,normal,none,none
979,0.9946941644906429,15.916018451532848,1.591601845153285,50.10459487718105,37.32744798756575,normal,none,none
980,0.9932114302216956,24.88347438677749,2.4883474386777493,49.953120229705505,55.47787771829047,normal,none,none
981,1.0013909998514827,32.5123903216386,3.25123903216386,50.0013856042009,31.92292822630409,normal,none,none
982,1.006057846785768,25.31438430768365,2.531438430768365,50.035393338788396,28.16747705480536,normal,none,none
983,1.0228260795005426,25.78422742327485,2.578422742327485,49.86865448389384,46.2835445092194,normal,none,none
984,0.9861804630828517,23.613594764423365,2.3613594764423365,50.003542225257696,45.525123806138346,normal,none,none
985,1.0153157175794603,25.850003809866323,2.5850003809866324,49.932062761664085,29.1906262469267,normal,none,none
986,0.9941045167207694,30.554441914200897,3.05544419142009,50.05128083815904,44.562036532169984,normal,none,none
987,1.021112994270383,20.507983432907224,2.0507983432907224,49.961927068363806,32.28522331867218,normal,none,none
988,1.0035849897076776,22.201521599784066,2.2201521599784066,50.00286053528882,38.792463976700695,normal,none,none
989,0.9861844686118103,20.25904112363353,2.025904112363353,49.891426358974726,30.82391902712023,normal,none,none
990,1.0051392949688565,25.974202612500353,2.5974202612500354,49.92034938964684,24.63952815496851,normal,none,none
991,1.0317343372502563,16.310444576220178,1.6310444576220178,49.89895431298667,33.49568433005529,normal,none,none
992,0.9910741476937499,23.626768245106643,2.362676824510664,50.167141737579925,22.601468482880684,normal,none,none
993,1.0082837159878695,25.52779839047274,2.552779839047274,50.16830372972989,18.831338396455298,normal,none,none
994,0.9938351926936095,19.924218038751498,1.9924218038751498,50.02376413691033,32.92464094126652,normal,none,none
995,0.9993652161108,21.53728421256138,2.153728421256138,49.964448925812334,43.69753113556741,normal,none,none
996,0.9451122488680535,24.380992087759797,2.43809920877598,50.13389099230665,29.475965878045685,normal,none,none
997,1.005314231869691,27.702369281274088,2.770236928127409,50.02442641393144,33.099424770798606,normal,none,none
998,0.9953764584957148,13.377600641896237,1.3377600641896237,50.13381456601823,42.890138317979485,normal,none,none
999,0.989387260485826,26.709915723077952,2.6709915723077953,49.99756258425059,44.10665553952418,normal,none,none
