timestamp,voltage_pu,active_power_kw,reactive_power_kvar,frequency_hz,temperature_c,label,attack_type,severity
28,1.1148942609434442,32.209577039623206,3.2209577039623207,50.000743259977924,47.67543291733918,attack,overvoltage,medium
159,0.9861718051836948,23.27115562235701,2.327115562235701,49.94789044774811,30.940792333614045,normal,none,none
773,0.9829342596463383,13.789599759101396,1.3789599759101396,50.01181842573621,33.649093111903305,normal,none,none
584,1.0015909675013814,22.314388712411798,2.23143887124118,49.94334693714022,39.847396883300966,normal,none,none
864,0.9931094832247458,18.79112738766017,1.879112738766017,50.135536349903674,22.483044807274396,normal,none,none
371,1.0274419660964342,25.744895856021976,2.5744895856021976,52.08387367855277,38.00164843279265,attack,frequency_attack,critical
210,1.0041013829856293,20.60199807766496,2.060199807766496,45.491469233810726,35.15465271115886,attack,frequency_attack,critical
17,1.0105076406473585,22.696114611315135,2.2696114611315137,50.12543486760626,33.184619757113026,normal,none,none
222,1.008315025975368,33.991224806510914,3.3991224806510916,50.01546108281424,24.75734923688082,normal,none,none
79,0.8715581000875842,35.07356254515428,3.5073562545154284,49.830765726615454,24.76724628819862,attack,undervoltage,medium
25,1.012842831544228,31.19088790058064,3.1190887900580644,49.86754160760935,38.29352392402394,normal,none,none
102,1.0202373698727696,32.406442271621735,3.2406442271621736,50.062881195673604,18.057267553456914,normal,none,none
116,1.1855674422969829,33.02851764938122,3.302851764938122,49.93977813003117,40.12920525759974,attack,overvoltage,high
443,1.0145193872126106,73.49273200106116,7.349273200106116,50.07285141187295,33.60754401527798,attack,false_power,medium
456,1.0073801660085364,23.156217295819623,2.3156217295819626,50.141445439341226,30.47486137612141,normal,none,none
228,1.0215574722311553,75.7635542625734,7.57635542625734,49.90776592947111,34.83821428788986,attack,false_power,medium
473,0.9789094348423075,23.739259330866467,2.373925933086647,49.840008469662294,41.4999527917397,normal,none,none
463,1.0092443154500979,29.6070214646183,2.96070214646183,50.04232307359266,29.40894603986204,normal,none,none
85,0.9895510629416195,19.905081730281033,1.9905081730281033,50.074041963186815,40.05006393600414,normal,none,none
14,0.989800874818337,29.822432759102526,2.982243275910253,49.8369986202886,36.94101433168801,normal,none,none
97,1.021581651059486,32.78887571310767,3.2788875713107672,50.05397216043374,17.059553772892002,normal,none,none
340,1.0169844608997993,19.74052563280704,1.974052563280704,50.15327815592717,32.699240271708746,normal,none,none
32,1.0255566497047504,53.31001138494003,5.3310011384940035,50.00941522237183,27.79735456236621,attack,false_power,medium
363,0.9963413247380216,26.114003694735228,2.611400369473523,50.1661511377122,32.005361716131574,normal,none,none
269,0.9772880639363755,28.930930018687352,2.8930930018687353,50.13468568782166,37.59827837880992,normal,none,none
77,0.9770901075449098,72.60300852247332,7.260300852247332,49.985386000155025,29.639821660877125,attack,false_power,medium
306,1.0152970950551634,21.64928286039347,2.164928286039347,49.9358177690601,48.638794206264166,normal,none,none
457,0.994271412141726,89.4408576558804,8.94408576558804,50.12550166649825,26.291470262313904,attack,false_power,medium
236,0.9937679541451537,19.031644382185284,1.9031644382185284,46.893530703812104,34.568502971027776,attack,frequency_attack,critical
607,1.0149584702606735,18.617236475399743,1.8617236475399743,50.039110890565524,41.39389634288126,normal,none,none
304,0.9803137719042438,19.598397407089557,1.9598397407089558,49.82561751743492,44.09702403422153,normal,none,none
117,1.2407103336105367,24.98521924695893,2.4985219246958934,49.956903888204394,20.686238811180246,attack,overvoltage,high
364,1.0035875280884923,80.68638878819884,8.068638878819884,49.97133026757325,38.454726901589524,attack,false_power,medium
79,1.0067254556374512,25.688346444804637,2.568834644480464,49.8851108653077,44.49992242226097,normal,none,none
833,0.9750108390413301,18.809582794076363,1.8809582794076363,50.13482351104933,42.44530309395641,normal,none,none
90,0.8626209285039714,31.444449199896297,3.14444491998963,50.07231608947307,39.16417725446796,attack,undervoltage,medium
168,1.1106418636307969,16.391081027978267,1.6391081027978267,50.00484375728303,27.19660979009069,attack,overvoltage,medium
470,1.0217419669676306,25.102931558710896,2.5102931558710897,50.13217531602405,60.120148834203256,normal,none,none
658,0.9818644192797213,28.19759058809269,2.8197590588092694,49.99100343894017,17.431106770049066,normal,none,none
487,1.0117400963284364,15.573284298187298,1.55732842981873,49.9923997341296,40.163803898808965,normal,none,none
282,1.0016109179159747,17.672653231187596,1.7672653231187596,50.216411659094994,33.72670490394496,normal,none,none
29,1.0267203336038566,54.87191747128111,5.4871917471281115,50.19403290134026,27.70649303786692,attack,false_power,medium
716,0.9879384009764914,29.854134710434728,2.985413471043473,49.90409484176082,39.928980320886865,normal,none,none
998,0.9969227706399901,23.418143624609893,2.3418143624609895,50.19512536837155,27.910703386749972,normal,none,none
212,0.9898129621766233,24.183551576101355,2.4183551576101356,49.83020278981267,32.547745837575995,normal,none,none
501,0.9666462706212343,24.11916391028823,2.4119163910288233,50.091948805942735,39.76241644589934,normal,none,none
316,0.9685361569830445,68.04101150083453,6.804101150083453,49.92473951620683,48.170254629914936,attack,false_power,medium
760,0.9638367888537382,16.84280383309186,1.6842803833091862,50.05518938172299,26.56634639014353,normal,none,none
600,1.0013795190017791,17.345556513632275,1.7345556513632276,49.95955290975262,26.652828876004534,normal,none,none
549,1.0212019277826017,13.996284626070912,1.3996284626070912,50.06519270912046,39.515580845878965,normal,none,none
172,0.997234874437497,22.971056648099015,2.2971056648099015,49.99732894474493,40.64526752302411,normal,none,none
965,0.9934121122078582,18.274296460950453,1.8274296460950454,49.79389300919417,24.325313401861735,normal,none,none
741,0.9873470006273012,24.55701466483632,2.455701466483632,50.02296537002485,24.173236172753636,normal,none,none
339,1.036664654364334,16.717966067581315,1.6717966067581316,46.256048075498185,32.47231376873729,attack,frequency_attack,critical
49,1.0059614106897419,25.812697594253073,2.5812697594253073,49.84416520141016,33.19698774645686,normal,none,none
231,1.1087870962020385,30.163844375542148,3.016384437554215,50.075102015963026,36.86395444173096,attack,overvoltage,medium
93,1.047802507113068,90.95926389308467,9.095926389308467,50.04229788519712,37.39790375168734,attack,false_power,medium
541,1.007961455654133,19.04411818702994,1.9044118187029941,49.97363778638286,35.68894506593695,normal,none,none
653,0.9924857761599594,30.50323328867708,3.0503233288677083,50.083633921917574,48.022938431285304,normal,none,none
620,1.0197017232260714,18.42331960596355,1.842331960596355,49.92735389988326,40.663397168914386,normal,none,none
27,0.9749503125796567,32.8689231228107,3.2868923122810703,45.27538066604262,17.664687194629835,attack,frequency_attack,critical
519,1.0027755720850429,39.11635911929817,3.911635911929817,49.94226511171012,27.86693962876021,normal,none,none
262,0.8312270538928006,34.038403850576536,3.403840385057654,50.04579052512657,30.68607485102952,attack,undervoltage,high
645,1.0196836261077882,21.714777134507827,2.1714777134507828,49.91603430720114,28.164382753965434,normal,none,none
358,0.9880236120501859,33.69023481641595,3.3690234816415954,50.0012407990188,36.78014557804363,normal,none,none
617,1.0235583626044085,22.802162717882705,2.280216271788271,50.059865366581725,43.25358409403332,normal,none,none
999,1.0139310054902027,22.626730767254966,2.2626730767254966,50.0087374890085,39.19565082208325,normal,none,none
87,0.996622339296295,24.38968469172818,2.4389684691728184,49.90542870481588,38.17894438765617,normal,none,none
776,1.0043549759628936,24.749426772052736,2.4749426772052736,50.08456755914786,30.272198366587467,normal,none,none
177,1.259871093607118,24.582093394926908,2.458209339492691,50.009059646515645,45.310184584588825,attack,overvoltage,high
138,0.8189406371179202,33.29640753670371,3.3296407536703714,50.012062045140524,23.980864230880286,attack,undervoltage,high
364,1.0119145621457368,26.551865937080343,2.6551865937080343,50.126397491112364,31.45107160469548,normal,none,none
475,0.9919554887038126,89.39616318457225,8.939616318457224,49.99765919722148,34.18746321483091,attack,false_power,medium
435,1.0098560870860007,28.035941565980803,2.8035941565980806,49.97708559672669,40.83355281320241,normal,none,none
211,0.9874721033191824,24.77382999106209,2.4773829991062093,49.96261472577299,44.50583328144949,normal,none,none
857,1.031003100695445,25.38214307105849,2.538214307105849,49.94304600906253,42.683849962885404,normal,none,none
488,1.194653863144167,25.997507440827384,2.5997507440827388,49.97231992526752,46.66644705674417,attack,overvoltage,high
25,1.2304162687330875,24.459007276138447,2.4459007276138447,49.96384537599095,36.470684253786544,attack,overvoltage,high
244,0.9819352177303229,21.534632669454687,2.1534632669454687,54.19187369654304,29.38165446210621,attack,frequency_attack,critical
33,0.7965769733999694,15.408483477939454,1.5408483477939454,50.033597411435956,31.81138891238411,attack,undervoltage,high
362,0.811236838581432,22.862904131479453,2.2862904131479453,49.88870823452208,30.384759866235477,attack,undervoltage,high
230,1.029800287336916,24.236916346572084,2.4236916346572084,50.0146698037834,31.034611061282806,normal,none,none
669,0.9885612677757348,29.878566937057265,2.9878566937057265,50.17499671149697,40.06153184507867,normal,none,none
273,0.7752458193451229,25.52157905434465,2.552157905434465,49.909792833509734,26.34971040746477,attack,undervoltage,high
248,0.8590848139283612,24.508892024125846,2.4508892024125846,49.95331812391663,33.495747423761735,attack,undervoltage,medium
460,1.0015132715097115,24.415530741500543,2.4415530741500544,50.13685924818232,31.106587323381277,normal,none,none
649,0.960277556927827,28.102102420396218,2.8102102420396218,50.20873263222679,37.57884378100633,normal,none,none
180,1.0196531482788018,23.718054672616812,2.3718054672616815,50.039787003780326,27.659224868941777,normal,none,none
462,1.0089414691606575,20.470955562130314,2.0470955562130313,49.85091091478795,30.545065289047194,normal,none,none
687,1.0172124546650152,30.32084518486817,3.0320845184868173,49.90610103599801,19.423998832558347,normal,none,none
333,0.9852784340969075,50.77978642603781,5.077978642603782,50.20314075168333,28.054875916434547,attack,false_power,medium
717,1.0091709871769106,18.321729100277054,1.8321729100277055,49.91307786835937,41.743629635638705,normal,none,none
303,1.0213926798598958,14.494474669629138,1.4494474669629138,49.91244377866608,31.533801358262757,normal,none,none
155,1.0375884741921295,20.708693323933776,2.070869332393378,50.019446875357936,44.749025147830416,normal,none,none
91,0.9887198120068921,22.335206585330816,2.233520658533082,49.8807800896142,38.75277620100487,normal,none,none
20,0.967247476081733,21.618826377468018,2.161882637746802,49.92215084351045,33.806889749673644,normal,none,none
781,0.9463161207672444,25.91426355046643,2.591426355046643,50.02468868906888,24.003492160520437,normal,none,none
419,1.000055568156713,27.827675286428402,2.7827675286428404,50.14790295587982,25.764804396477615,normal,none,none
457,1.0020570297651115,20.458831282146527,2.0458831282146526,49.97260720910148,39.98139324762958,normal,none,none
375,1.0289573803448393,22.496281148367164,2.2496281148367165,46.33501470058236,40.57772939551057,attack,frequency_attack,critical
203,1.0142749793758292,22.722657625970218,2.272265762597022,47.762352130536875,36.14306142938413,attack,frequency_attack,critical
475,1.0181388463221572,25.735496600129174,2.5735496600129175,50.163186568582894,34.951596241240075,normal,none,none
374,1.0069492896895684,22.79392653405442,2.2793926534054423,49.858191057611876,17.918541581491464,normal,none,none
696,1.0194112110727318,32.86039418521354,3.2860394185213546,50.022403658856604,44.56686939398825,normal,none,none
439,1.0233550184363658,24.083309662825588,2.408330966282559,50.09721931736446,55.193540515220036,normal,none,none
297,0.9708603636083546,89.09477494198569,8.909477494198569,50.08078983379856,33.005242759688436,attack,false_power,medium
708,1.0206673377905713,22.16992946471859,2.216992946471859,50.10523256418366,51.829221724099305,normal,none,none
647,0.9786094507668375,21.40090120100354,2.140090120100354,49.914658844718105,37.767997876230204,normal,none,none
76,1.0205631296249766,23.331290719059307,2.333129071905931,49.94880791331621,33.527882305554215,normal,none,none
906,0.9709326957968135,28.779078681431066,2.8779078681431067,49.96608852075255,38.777106187942806,normal,none,none
785,1.020721702638209,27.63845615656561,2.763845615656561,50.074086270981404,38.7033580754612,normal,none,none
473,0.9976637095312496,62.41476747496108,6.241476747496108,50.04034801918102,37.6504826178695,attack,false_power,medium
927,1.009895971142125,33.20432655300629,3.320432655300629,50.02977692884149,26.47589491780224,normal,none,none
459,0.8238151662180586,21.609119790934677,2.1609119790934677,49.993860994382025,46.64806930957323,attack,undervoltage,high
328,0.9982791506958674,29.579889446721097,2.9579889446721097,50.02866033256869,38.39788202063514,normal,none,none
839,0.9893791999265098,29.901556467485563,2.9901556467485566,49.9955061193739,25.230744569604212,normal,none,none
842,1.034383626093143,18.348761532457925,1.8348761532457925,50.12660794894119,32.902400531141,normal,none,none
250,1.004958346604933,24.751628888867884,2.4751628888867887,50.04483927364679,33.36602472946807,normal,none,none
995,0.9983781883211571,25.299642327913837,2.529964232791384,49.83016039770636,32.475594230121125,normal,none,none
225,0.9904988108685073,18.019229750404953,1.8019229750404955,50.14104322435576,40.2966780512722,normal,none,none
901,1.0275882846418452,25.64925562395652,2.5649255623956524,49.94040353150498,44.48825067219447,normal,none,none
884,1.0003489480422991,16.565190712425192,1.6565190712425193,50.0914430083585,49.35126533197662,normal,none,none
201,0.8805216692897266,12.382364002115287,1.2382364002115287,50.024751790332445,38.96715320374156,attack,undervoltage,medium
316,0.9995597777517683,23.449594867901865,2.3449594867901866,50.105171223817784,30.489181644526077,normal,none,none
89,0.9906907295820027,70.9270085584975,7.092700855849751,50.10160399702846,27.2437241778299,attack,false_power,medium
509,1.0105049678683142,22.991072651241012,2.299107265124101,49.89046369533854,38.99515888989322,normal,none,none
691,1.0244212871960323,36.398885252906545,3.6398885252906545,50.00256894499832,46.99859137663305,normal,none,none
148,0.9837570899244724,35.73338567981594,3.573338567981594,45.47541294790258,27.883668738682516,attack,frequency_attack,critical
379,0.9462527493991322,22.331526738423324,2.2331526738423326,49.92498943434465,42.51056060213522,normal,none,none
370,1.1164074351068696,29.61592800145907,2.9615928001459073,50.104148540868835,31.564022322571404,attack,overvoltage,medium
416,0.8662295168126846,25.047709833327104,2.5047709833327105,50.00812048848145,23.585766498977577,attack,undervoltage,medium
986,0.963904512627367,24.00778121864117,2.4007781218641173,49.87381193316672,34.27962712805176,normal,none,none
288,1.0169277222272004,24.042837348173364,2.4042837348173367,49.97334690934328,33.91866107345897,normal,none,none
879,1.0071944980871104,15.336815890700722,1.5336815890700723,50.04362492474965,47.18377967308608,normal,none,none
418,0.9940738879702736,15.545728171617375,1.5545728171617377,50.058217599781884,54.80201404818855,normal,none,none
591,0.9870254997389342,27.385739865559295,2.7385739865559295,49.95266462606629,28.447257358577346,normal,none,none
430,0.9792390167198831,21.499823802637724,2.1499823802637725,50.142695937638344,31.78959439500686,normal,none,none
820,0.9732116645951127,28.32692314693287,2.832692314693287,50.011053381374,44.186688161068105,normal,none,none
313,0.9955721161219815,22.21890250336864,2.221890250336864,49.97300536372814,30.863361412620165,normal,none,none
481,0.998224299655651,24.619243574644226,2.4619243574644227,50.1027194801203,41.23444393361504,normal,none,none
57,1.1552193375526374,22.62406839879127,2.262406839879127,50.03827181433325,44.32334740407952,attack,overvoltage,high
242,0.8955794069831517,25.19054823571593,2.5190548235715933,49.96168098319041,43.51721803288545,attack,undervoltage,medium
343,1.0181878998101452,72.89343546302439,7.289343546302439,50.02187807629892,38.858200603207294,attack,false_power,medium
321,1.2045308683877172,17.91229706982017,1.7912297069820171,50.00507442249545,33.17579107786409,attack,overvoltage,high
72,1.0139473782210864,26.366366812053375,2.6366366812053377,53.57146645937144,32.3025873555838,attack,frequency_attack,critical
95,1.0087686770904056,33.367337849630104,3.3367337849630108,50.027122071778145,37.92400706891075,normal,none,none
388,0.984549627072617,16.549055800472868,1.654905580047287,50.10647611176097,35.43654246794613,normal,none,none
226,1.014956175436959,24.8865883283856,2.48865883283856,45.4496303309526,29.805087827412386,attack,frequency_attack,critical
144,0.9215499397402784,29.634572581529472,2.9634572581529475,50.0119672029399,28.124523781411316,normal,none,none
139,0.9826299283977449,31.55799703259951,3.155799703259951,50.11837272944247,41.77151063472772,normal,none,none
106,0.9592238002357839,23.309422960924927,2.3309422960924926,50.135284574022975,35.95370906510879,normal,none,none
414,0.9990842969058027,24.196959342198742,2.4196959342198743,50.02859897872129,40.55914027762361,normal,none,none
498,1.016758290029074,19.945137593288372,1.9945137593288373,49.90303863289792,39.240497021570214,normal,none,none
7,1.0003106915201012,29.528390300732273,2.9528390300732275,50.166472878643944,48.868763003959074,normal,none,none
742,0.967130458414889,29.52904522800977,2.9529045228009774,50.10240141316691,39.76608616524175,normal,none,none
327,0.7307941982274397,25.71682380868482,2.571682380868482,49.82794355503288,53.47405510903378,attack,undervoltage,high
156,0.7699736637073086,25.39440725918354,2.5394407259183542,49.856784259282264,34.604579297264685,attack,undervoltage,high
207,1.0134705501562686,65.7617963142167,6.57617963142167,49.983768165429936,27.17774144908294,attack,false_power,medium
193,0.991466862973297,21.721171016948503,2.1721171016948504,52.926676969071366,29.035387510611645,attack,frequency_attack,critical
571,1.0050030223697692,24.55017153349217,2.455017153349217,50.1162219218411,39.74758445954935,normal,none,none
444,1.0257684421058169,35.05169102281025,3.5051691022810254,49.793780165156285,26.733896211212944,normal,none,none
841,1.0022313577374196,28.53519763130074,2.853519763130074,50.063364843257794,31.304471066726055,normal,none,none
545,0.9860674160692512,23.47957926094763,2.347957926094763,50.00043713696194,30.792217492879615,normal,none,none
962,1.0285310960921046,19.102143400597548,1.9102143400597549,50.099604117780096,45.67147730568706,normal,none,none
255,1.0091514792331249,75.57794783185776,7.557794783185776,49.9642553515384,39.54691097256098,attack,false_power,medium
29,1.009360265068809,19.671698988258857,1.9671698988258859,50.00520949029063,35.11449936272609,normal,none,none
413,0.9822365807714027,29.39715475384058,2.9397154753840584,50.07629738779979,39.44293791752639,normal,none,none
246,0.8246073440807126,25.646804689064908,2.564680468906491,50.06954070840424,29.45679983524672,attack,undervoltage,high
154,0.9877998474827804,28.0108419555986,2.80108419555986,50.04139670358315,29.136281570213175,normal,none,none
597,0.965048030491285,23.221654658880684,2.3221654658880686,49.970318908147945,43.955502499722684,normal,none,none
356,0.7085460727347618,31.821928073844536,3.1821928073844536,50.088490476778254,49.711051795672944,attack,undervoltage,high
200,0.8456815873991683,36.872781487850766,3.6872781487850768,50.06096793474359,41.35324650536559,attack,undervoltage,high
814,0.9958344168824929,25.278705896511486,2.527870589651149,50.155509608897496,21.153472332715616,normal,none,none
95,0.9957349971072362,92.96313511611575,9.296313511611576,49.98665663836324,39.28899113452101,attack,false_power,medium
806,1.0229744876247615,26.37093191626634,2.6370931916266342,50.06998215012794,29.594763956227634,normal,none,none
352,0.885233375514998,22.208767851110395,2.2208767851110394,50.1679229257953,35.38352333469729,attack,undervoltage,medium
105,0.9920501845558193,23.09126844393194,2.309126844393194,50.11115880731102,29.106437055416468,normal,none,none
128,1.021716343847089,22.898923009839475,2.2898923009839476,50.01475535635874,46.510300396908114,normal,none,none
952,0.9878451621101353,29.516296924883203,2.9516296924883205,50.170592229378244,34.78474909589993,normal,none,none
403,0.9580317063544423,62.73387356247945,6.273387356247945,50.08901929048742,40.22348893238325,attack,false_power,medium
253,0.7174892400471526,31.756274854585282,3.1756274854585285,49.84176312573313,27.094258681015184,attack,undervoltage,high
747,0.9841708786144411,26.473838535215457,2.647383853521546,49.77957172967975,34.75536436791313,normal,none,none
122,1.0290789674088199,35.35371998401827,3.535371998401827,50.04692730411575,44.90888876668798,normal,none,none
275,1.009564632414212,26.529222433197987,2.6529222433197988,49.97113386764093,38.34485089826892,normal,none,none
578,0.9985163085912107,19.250921442184293,1.9250921442184294,49.99861720799237,39.87365295505374,normal,none,none
6,1.2717932468489725,31.29546091968278,3.1295460919682783,49.977497596150194,41.000632309341704,attack,overvoltage,high
692,1.060464139345539,17.205043757383404,1.7205043757383405,49.934368331512864,40.17293090604946,normal,none,none
9,0.9743019485454515,20.93818302982762,2.093818302982762,50.11620003381846,30.166906287649628,normal,none,none
187,1.0154676123519757,29.72889678393145,2.972889678393145,49.86999901038135,41.402734812155124,normal,none,none
436,0.9984750918887727,25.226334718804058,2.5226334718804058,52.278308225138154,37.11343770657595,attack,frequency_attack,critical
284,1.008219400041763,24.007697775380414,2.4007697775380414,50.08011704306067,18.087409134590583,normal,none,none
500,1.0074365243066956,32.35719277660818,3.2357192776608183,50.00659905063371,29.395603953905454,normal,none,none
633,0.9989476395461265,24.470901675930055,2.4470901675930055,49.92513361271617,10.943593143106156,normal,none,none
181,0.7454631524166683,23.101434302270853,2.3101434302270856,49.86846114255499,25.621078175415533,attack,undervoltage,high
1,0.9553705909167602,32.25831612612911,3.225831612612911,50.09970558877621,38.31126171629463,normal,none,none
535,1.0215404879339351,23.833377636383485,2.3833377636383486,49.923750951672666,22.255918058671398,normal,none,none
671,1.0355740107709481,25.8849720783508,2.58849720783508,50.203851368937876,37.75581637267429,normal,none,none
255,1.001826162422963,28.806893980468033,2.8806893980468034,50.11565868733261,41.4367635660559,normal,none,none
289,1.0230047774506872,18.511339312062802,1.8511339312062802,49.93965885988606,39.85873567974777,normal,none,none
130,0.995913563611338,29.198642011975167,2.919864201197517,49.959880919406295,38.89276087991228,normal,none,none
180,1.0395949546521173,59.84505323627105,5.984505323627105,50.00488493553169,35.544552579770155,attack,false_power,medium
157,1.0201410652096574,20.950429679139347,2.0950429679139346,50.04316203670297,23.388749134712462,normal,none,none
138,0.9778481013585075,22.09960931247405,2.209960931247405,50.0243005366158,24.62446060160476,normal,none,none
721,0.9599903701870288,29.61396522728248,2.9613965227282484,49.9912729312886,35.978037245155804,normal,none,none
887,0.9799955833764551,27.41100309294654,2.741100309294654,50.00651437452109,34.94506454036849,normal,none,none
651,0.9765204756793717,31.874943105641577,3.187494310564158,49.93288304667635,37.147959150549234,normal,none,none
402,0.9959466197998574,90.47941652517059,9.047941652517059,49.99969932054911,30.082246991411374,attack,false_power,medium
132,1.0130170471566406,22.62716265115073,2.262716265115073,49.94257578669619,46.97810972425612,normal,none,none
189,0.774049019299988,28.341888096204386,2.834188809620439,49.8357927239093,40.64148931670914,attack,undervoltage,high
912,1.0098543679046141,16.673638438683874,1.6673638438683875,50.141172378485365,42.55958775206329,normal,none,none
701,0.9674300059360588,24.056679979396744,2.4056679979396747,50.05440420248822,42.7320532574918,normal,none,none
974,0.9652761573604232,21.04897821295614,2.104897821295614,50.052113016662126,40.67555448185841,normal,none,none
856,1.0044797170328421,20.20923303167403,2.0209233031674034,50.08671030203982,33.638936636310824,normal,none,none
694,1.0004048349574062,24.453892770974733,2.4453892770974734,49.9657193748822,35.78427578249984,normal,none,none
750,1.034728581712883,23.85067873458589,2.3850678734585893,49.895951231119646,35.6953670221992,normal,none,none
854,0.9738679822287752,16.871340164326305,1.6871340164326307,50.00888805504375,8.939945960765051,normal,none,none
452,0.9707235953097154,21.905977251422133,2.1905977251422133,49.931402511330084,36.94184919519883,normal,none,none
359,1.1263204916885383,33.15222023361737,3.3152220233617373,50.21899987500602,30.669647520279607,attack,overvoltage,medium
332,1.184218866573879,28.076175488589502,2.8076175488589503,49.84957717223483,38.655228757277776,attack,overvoltage,high
892,0.9863772365380222,30.822200446950387,3.0822200446950387,50.154146902097516,44.215449424768494,normal,none,none
396,1.0035973518147525,19.47336205681828,1.9473362056818282,49.906220312605434,42.073892499954745,normal,none,none
75,0.9802099870699326,19.888014830473587,1.9888014830473588,50.154290881612006,29.342678316787588,normal,none,none
367,1.008662973935479,27.99762823892126,2.799762823892126,49.95055577455779,27.07061660298123,normal,none,none
399,0.981530011583584,26.03703887957993,2.6037038879579932,50.10860122562797,30.301880309954196,normal,none,none
563,0.9739063844193605,30.52081287957057,3.052081287957057,49.77389364396643,37.58961145528298,normal,none,none
9,1.2549231120669775,25.217510345037667,2.521751034503767,50.122532140728076,37.13353845281966,attack,overvoltage,high
132,0.9979568522079213,56.70756492470786,5.670756492470787,50.130784553862156,35.579807873500684,attack,false_power,medium
393,1.1220935840602082,17.984817570689827,1.7984817570689828,49.97250683096737,32.13037383763891,attack,overvoltage,medium
219,1.1552929505088858,28.003386727800947,2.8003386727800947,50.055627199449134,34.83688910522821,attack,overvoltage,high
522,1.0436615620472476,27.850219454927295,2.78502194549273,49.98737386185683,22.19550101681155,normal,none,none
248,1.018534138880276,26.47214631640099,2.6472146316400993,49.90087259092193,45.41828635045418,normal,none,none
994,0.9996572608580561,15.994824554412094,1.5994824554412095,49.886423794131545,32.21356606286778,normal,none,none
777,0.9871523582075087,35.8736478941603,3.5873647894160303,49.86064813542281,38.02981136469859,normal,none,none
68,0.7779760855579093,24.887673320305545,2.488767332030555,49.9033280126679,35.46883680009598,attack,undervoltage,high
533,0.9890171625907204,22.190190657126927,2.219019065712693,49.99921428787464,27.008459720478818,normal,none,none
183,0.9951536613418779,29.74611858647171,2.974611858647171,50.07850548211995,32.60452342976063,normal,none,none
937,1.007282581400595,23.987648014819207,2.3987648014819207,50.1901953824735,34.09832509512273,normal,none,none
688,1.0216473461481823,27.274041743013555,2.7274041743013555,49.967884512208954,31.597037226650066,normal,none,none
232,0.991247971320577,20.356333333536867,2.0356333333536867,49.8750489705819,52.22130545549608,normal,none,none
136,0.7335294989439629,33.70955665707384,3.3709556657073843,50.189986659284344,33.04295615437667,attack,undervoltage,high
665,1.0029078347981422,31.50581043373267,3.150581043373267,50.13088085067364,37.75625680315378,normal,none,none
826,0.9955016959321363,30.275132384417063,3.0275132384417063,50.063940763549226,32.60042027117169,normal,none,none
732,1.0014202228113893,25.120209184720586,2.512020918472059,50.00300673340967,36.69102004823284,normal,none,none
710,0.9794877330598873,22.697134978360634,2.2697134978360634,49.975144094341026,35.82187463463534,normal,none,none
85,0.9671641754497238,14.64821987399614,1.4648219873996142,46.67632095780057,49.20764773262437,attack,frequency_attack,critical
167,0.9679649589781815,18.87731003333201,1.8877310033332009,49.90552440479233,30.872888023789645,normal,none,none
945,0.9690031476888312,21.900223665396705,2.1900223665396705,49.96927161823916,41.96692660539166,normal,none,none
206,0.9882453012510354,31.489613311743653,3.1489613311743656,45.40384676853749,40.66032083487129,attack,frequency_attack,critical
641,1.0190625164640512,27.47862928261202,2.747862928261202,49.91867776765433,31.059120280036257,normal,none,none
199,1.0058809481158768,25.92629505893789,2.592629505893789,52.559745305669,36.35942322341808,attack,frequency_attack,critical
176,1.0215266638720533,21.979037064076575,2.1979037064076574,50.11700081274302,33.007087913304595,normal,none,none
233,0.7259212256185886,23.65068397924963,2.365068397924963,50.104858869246556,26.03769989131962,attack,undervoltage,high
298,0.7837888272996927,23.476138789534687,2.3476138789534686,49.944728319564874,35.50786532527125,attack,undervoltage,high
735,0.9840545240813662,28.81546339950976,2.881546339950976,49.85600832221094,32.080424208406725,normal,none,none
185,1.0096399541392544,21.16778335802603,2.116778335802603,50.150099721963485,32.41283187261894,normal,none,none
882,1.0044823365869293,22.23949299627265,2.223949299627265,50.17764329338808,31.521859018135558,normal,none,none
227,0.9849683132643964,29.046544403806404,2.9046544403806407,53.0672588144175,35.12933620507111,attack,frequency_attack,critical
922,1.027372891120009,25.160281914674595,2.5160281914674596,49.93521124750036,38.86532219789097,normal,none,none
526,1.0093086757429874,28.928849407872878,2.892884940787288,49.930745650991796,28.807424858791673,normal,none,none
740,1.0160152529819817,27.039879589488137,2.703987958948814,49.918324247495725,35.19877195157872,normal,none,none
105,0.8634737766493595,21.437293681819224,2.1437293681819223,50.095520786040574,26.102502467622056,attack,undervoltage,medium
326,1.0020611039684417,31.783659618761266,3.1783659618761266,50.07328024277781,36.558783713979956,normal,none,none
693,0.9963135683822746,17.487343610503558,1.7487343610503558,49.98409617879045,30.871155859620497,normal,none,none
992,1.0336289051803838,27.523713057319352,2.7523713057319354,49.982068905100206,36.54204955873128,normal,none,none
230,1.0235799681563744,19.755842168288467,1.9755842168288469,54.78353840410238,58.59453666965487,attack,frequency_attack,critical
262,1.0342689287033522,26.20173226688285,2.6201732266882853,50.09638051650064,50.5288194708173,normal,none,none
461,1.031713485156672,24.10663305907163,2.410663305907163,50.02715305905088,35.226728748320554,normal,none,none
244,1.0100434821378155,13.945300153538039,1.394530015353804,50.021507023183275,39.570963833356686,normal,none,none
406,0.98936474888512,30.714497828029543,3.0714497828029543,50.007961109466535,44.12822490725246,normal,none,none
465,0.8841807044309056,22.571723493830362,2.2571723493830365,49.916021737511045,23.55181025510663,attack,undervoltage,medium
397,0.9897194085179891,28.898608621682516,2.889860862168252,49.903213056226306,45.62408794185774,normal,none,none
592,0.9861778304040622,17.19376563384153,1.7193765633841531,50.10143054972633,46.976068003195095,normal,none,none
113,1.004976456170596,28.96224175321948,2.896224175321948,50.216916513128105,32.53360116532714,normal,none,none
621,1.0098521804978855,20.862398955518827,2.086239895551883,50.117499486790905,34.25634220694609,normal,none,none
62,1.0068511981811896,26.685163011209173,2.6685163011209174,50.03837319732141,41.93462389572232,normal,none,none
451,1.0013357333834838,27.391984490168003,2.7391984490168007,50.02379524857932,32.5820126315846,normal,none,none
134,0.9997472175792856,27.826805149136312,2.7826805149136313,49.992124717160046,28.47919392111701,normal,none,none
369,0.9856306104859421,23.84434816857768,2.3844348168577683,53.775604187981294,23.88413387806498,attack,frequency_attack,critical
389,1.0300649123188073,17.382759629835995,1.7382759629835995,45.555324251052994,15.543614624502577,attack,frequency_attack,critical
268,0.9870052256819203,33.461980593056545,3.346198059305655,50.00174566623257,31.45808827499094,normal,none,none
52,0.7556317802967142,27.26719901054755,2.7267199010547554,49.836139394324235,41.353863573749166,attack,undervoltage,high
275,0.8193540976424345,10.393393392659362,1.0393393392659362,50.07448619077685,37.45493515742267,attack,undervoltage,high
568,1.0340484117023958,30.12205374061471,3.0122053740614714,50.23319725307152,36.01950247688465,normal,none,none
34,1.0332637288731394,29.239108245489778,2.9239108245489778,50.012245525185975,41.931561310679456,normal,none,none
99,0.9913348833017606,16.837909630591657,1.6837909630591659,50.005210157981004,25.968093366734788,normal,none,none
36,1.159418265981898,30.39881587822719,3.0398815878227192,50.171919498923,45.42559712080374,attack,overvoltage,high
387,1.012067813491445,26.259657198235082,2.6259657198235082,49.937542946236206,38.96160225274513,normal,none,none
214,1.0062709194937904,28.228704139545265,2.8228704139545266,50.147011737567816,23.056822406516176,normal,none,none
972,0.985083898796071,21.192812358122758,2.119281235812276,50.07558421925504,31.418024547545343,normal,none,none
404,1.101447870551912,25.684018486970032,2.5684018486970035,50.154623318418786,39.91836676062484,attack,overvoltage,medium
515,1.0156646392293822,28.738001144357046,2.8738001144357046,49.94481949424215,45.50475660155437,normal,none,none
294,0.9922309064533064,16.338355546965662,1.6338355546965664,52.67475475534799,39.36487701860942,attack,frequency_attack,critical
98,1.0329457914658369,72.96090479912789,7.296090479912789,50.00034622143469,42.982814427708156,attack,false_power,medium
21,1.1132122144558336,20.229181352614134,2.0229181352614134,49.96946648540877,36.84871817644167,attack,overvoltage,medium
91,1.0203297043849433,23.317303673946164,2.3317303673946164,54.91676730573018,13.705461609764185,attack,frequency_attack,critical
101,1.2132878732815418,22.54173835043523,2.2541738350435234,50.05199568898845,44.82720174703779,attack,overvoltage,high
42,0.9863337072629282,21.60845979118338,2.160845979118338,45.68273178986382,20.251447773397416,attack,frequency_attack,critical
499,0.9993637002312873,25.397947178518343,2.5397947178518345,49.92862276338704,25.552106228724316,normal,none,none
365,0.9914828638439929,14.389044117045204,1.4389044117045204,49.90811355141984,39.98481193434825,normal,none,none
371,0.9960118417707637,24.719623048372693,2.4719623048372696,49.94590014088377,32.213197301894425,normal,none,none
38,1.020591623685461,81.15299937418035,8.115299937418035,49.98054315053323,40.73009655513447,attack,false_power,medium
983,0.9832065913914315,25.29811927241589,2.529811927241589,50.08569461690744,41.636883992901446,normal,none,none
288,0.8831289970338244,29.62987645968279,2.9629876459682793,50.027140239523405,42.72243615339436,attack,undervoltage,medium
845,0.9903863762528456,20.1889101124533,2.01889101124533,50.010497310868054,31.171541319486714,normal,none,none
189,1.0058682612072678,22.67621540658889,2.2676215406588893,49.96951333242401,31.523238692433893,normal,none,none
298,1.0094068849145632,26.37454296080354,2.6374542960803544,50.03949368807708,33.47323859653905,normal,none,none
270,0.707579922853212,37.17815139212876,3.717815139212876,50.11146493170611,29.58864474000431,attack,undervoltage,high
306,1.036900440222781,25.689836386625412,2.5689836386625413,54.22744678294024,31.01685065230574,attack,frequency_attack,critical
975,0.9772179243187599,21.169057074009146,2.1169057074009148,50.02957797372887,40.15355004479221,normal,none,none
551,1.0198688588237423,30.334990967103277,3.0334990967103277,50.004314440888415,41.82718266204249,normal,none,none
485,1.1661789273344303,36.65944629694381,3.6659446296943816,50.058864176208914,35.35730637264806,attack,overvoltage,high
65,0.9932702997955324,24.150369317766806,2.415036931776681,50.035610868479495,43.86920368394408,normal,none,none
347,0.9786839321691604,27.65637251811284,2.765637251811284,49.98597896653482,30.284625562856966,normal,none,none
399,0.9956305772423265,77.57759271905523,7.757759271905524,50.14275670731552,23.08006909273506,attack,false_power,medium
464,0.981233712410805,23.417113796967662,2.341711379696766,49.85415393377531,33.31812976746132,normal,none,none
932,0.965328695779826,22.21604562638866,2.221604562638866,49.908079595168395,39.05048837977892,normal,none,none
471,0.9646334780037648,24.631260532672744,2.4631260532672745,52.491820975253226,24.851643182974875,attack,frequency_attack,critical
844,0.973199212389221,24.576023688233033,2.4576023688233035,50.04274495708536,44.96392244047131,normal,none,none
59,0.9872812826071646,92.540015435582,9.254001543558202,49.95968044072506,33.0986719642235,attack,false_power,medium
280,1.031647132593404,53.34625507994599,5.334625507994599,50.0012039671936,30.180586975889646,attack,false_power,medium
69,0.9924166559368733,25.114707713309976,2.511470771330998,49.950153966545436,33.047897377532884,normal,none,none
915,1.001413329668879,25.478815276718706,2.547881527671871,50.173715602708306,35.84137163357272,normal,none,none
61,1.1438192913002976,25.075387401336723,2.5075387401336724,49.95549025690982,32.895392697006436,attack,overvoltage,medium
382,0.8984915942511726,19.917178726829547,1.9917178726829547,49.932638028984464,32.58793016856834,attack,undervoltage,medium
169,1.0220716176102782,18.527598811954107,1.8527598811954107,49.92234338496417,32.10103020783269,normal,none,none
943,0.9998765868141251,23.77404193227858,2.377404193227858,49.91597014687666,43.5464217141776,normal,none,none
813,1.013565429321125,22.798015878067552,2.2798015878067552,49.90938965486979,41.85545309969912,normal,none,none
588,1.0128033914580914,21.806659410618057,2.1806659410618057,49.89754806709529,48.30640183273616,normal,none,none
916,1.0130198376532515,29.005265038847423,2.9005265038847425,49.94514196987722,35.73151751652044,normal,none,none
829,0.9958660665478584,26.330535390787414,2.6330535390787415,50.07883296837648,29.22065799585681,normal,none,none
478,1.0336208391458568,26.28561905405875,2.628561905405875,54.7871073780197,35.70242772677208,attack,frequency_attack,critical
330,1.0284446221038006,25.247578342900976,2.5247578342900976,49.93063849684636,23.216244754973808,normal,none,none
365,1.0124978282245602,30.36558175584001,3.0365581755840014,52.81653624008321,41.71402664823058,attack,frequency_attack,critical
391,0.8168494658659375,30.21507625898066,3.021507625898066,49.92230395782969,30.9431880990508,attack,undervoltage,high
149,1.0277601170530581,22.858935872315428,2.2858935872315427,50.18493127010136,36.84274703100353,normal,none,none
313,1.010952360963668,85.0759706700158,8.507597067001582,49.911031799811,41.6064703097581,attack,false_power,medium
543,0.9831733119484435,35.64930152617677,3.564930152617677,49.966270848938166,29.63836332662593,normal,none,none
703,0.9737317075967835,28.251161429297593,2.8251161429297595,50.00863410359514,33.78611718397097,normal,none,none
310,0.9939487075518069,31.730163421272888,3.173016342127289,47.647959877491374,31.340330049591003,attack,frequency_attack,critical
897,1.0164518786971806,30.908241795772614,3.0908241795772615,50.07931634125435,43.406210939019815,normal,none,none
476,1.1900353464442008,33.70304990374123,3.370304990374123,49.716989575525574,42.992278419693925,attack,overvoltage,high
157,0.9656241886566521,24.56921099135775,2.456921099135775,47.83083452137216,41.19709346622753,attack,frequency_attack,critical
322,1.1177586869370622,27.390649302438657,2.739064930243866,50.00478993062852,41.46914099753798,attack,overvoltage,medium
438,0.9941097051266847,23.968398427069474,2.3968398427069473,53.39125306133739,29.945622180837837,attack,frequency_attack,critical
261,0.98403147104957,13.074128701372874,1.3074128701372876,49.97796880380955,26.329676725989845,normal,none,none
403,1.00075051753292,22.220405681157423,2.2220405681157422,50.000328417271504,33.81987409757091,normal,none,none
220,1.0125452260419177,24.38533225203086,2.438533225203086,50.212110348903025,31.142169808074797,normal,none,none
339,1.00151973413685,27.076669932154353,2.7076669932154354,49.93156513625243,27.995846521649334,normal,none,none
825,1.020687156870618,27.815068520571952,2.7815068520571953,49.83193335759007,38.92864915086679,normal,none,none
579,1.0187120044663227,24.90210305448379,2.490210305448379,49.952168162031484,30.479606022679043,normal,none,none
788,0.9829804230065896,18.07875553370909,1.807875553370909,49.93910654944549,30.564769132220356,normal,none,none
495,0.999119480393244,30.57683292782503,3.057683292782503,50.03452900462543,39.15123343875303,normal,none,none
662,1.037929482690362,17.92934002313595,1.7929340023135951,49.93393530420185,24.985808278615924,normal,none,none
637,1.0012621283653087,21.186527141446295,2.1186527141446296,49.91043496166074,25.15074627183703,normal,none,none
938,1.0122730732509286,18.930711498350938,1.8930711498350938,49.84190895798113,34.98875267586182,normal,none,none
223,0.9990825494095749,26.623264954869047,2.662326495486905,45.111509336593755,37.938533117444194,attack,frequency_attack,critical
257,0.9916254511803283,26.392593397995306,2.6392593397995308,50.07905925571381,29.827727513548645,normal,none,none
644,1.0152231608139162,26.67512421715931,2.6675124217159314,50.152737398236226,24.138467711793304,normal,none,none
279,1.0468934270799788,84.86928758002517,8.486928758002518,49.975730329105474,49.977182902567115,attack,false_power,medium
546,1.0035235226089265,33.86619723047396,3.386619723047396,49.9873723915137,20.443464195878917,normal,none,none
497,1.0065268555461528,21.47184048665064,2.1471840486650637,49.99499685202221,29.908083353866463,normal,none,none
489,1.1084253587811377,33.429329222565904,3.3429329222565904,49.97056887168785,29.056362504979518,attack,overvoltage,medium
270,0.9849267987384791,19.260855831573025,1.9260855831573025,50.206460547722806,50.83875614598796,normal,none,none
274,0.9636040227318101,33.12107495450757,3.312107495450757,50.12448297598616,35.88759074034694,normal,none,none
863,0.9996468969044582,23.064280215449795,2.3064280215449795,49.97382185381097,27.44871704223695,normal,none,none
13,0.9808364611182078,25.788203426276898,2.57882034262769,49.98686721052321,40.78959882643475,normal,none,none
948,0.9944121831345039,30.0466823698329,3.0046682369832904,50.03237926506174,42.254479728408626,normal,none,none
385,0.9847623254368332,20.501057660995745,2.0501057660995747,50.06602573408114,40.31666171849301,normal,none,none
131,1.0181549145391378,24.95914392637337,2.495914392637337,50.04736906155125,30.124411628464195,normal,none,none
914,0.9820830084974769,25.785923729234177,2.578592372923418,50.09527211539943,34.063082735872,normal,none,none
100,0.7859372667325142,25.169831458352604,2.5169831458352605,49.89921169086615,23.935089788850362,attack,undervoltage,high
335,0.9648691153826023,34.598279268751035,3.4598279268751035,50.04547228484269,37.96341422324794,normal,none,none
188,0.98980432302713,21.923365374517054,2.1923365374517054,49.924483363160995,25.26193100167248,normal,none,none
982,0.9918770499888777,29.827956120610573,2.9827956120610573,49.82502172943006,37.907889751447414,normal,none,none
24,1.0030253620225653,30.19114367257986,3.019114367257986,49.850103794758006,32.199125858648564,normal,none,none
782,0.9878663191434227,23.982482649545993,2.3982482649545993,49.81705507440672,37.30327397839378,normal,none,none
350,1.0020119210048481,36.920335541182254,3.6920335541182254,49.98103686996121,34.652582803107656,normal,none,none
769,0.9830558499176167,30.717053764778555,3.0717053764778557,50.13197240775346,36.72912974271447,normal,none,none
83,1.0044094889277688,26.72132276265467,2.672132276265467,50.09617125812779,30.07521701191809,normal,none,none
726,0.9880124149904596,27.22322685089026,2.722322685089026,50.055371406391345,19.08658929860014,normal,none,none
580,0.9769311762623659,21.430459754599667,2.143045975459967,50.170160293480585,41.74540840838586,normal,none,none
129,0.9821214954971882,34.264110578952945,3.4264110578952947,49.948631343343536,41.19486464781124,normal,none,none
285,0.9863922502530398,19.889272677248968,1.9889272677248968,50.12897093173953,28.4613684394118,normal,none,none
315,1.0178437104593407,51.673260013147036,5.167326001314704,49.99858798659089,25.167546243113804,attack,false_power,medium
524,0.9928647694687414,16.305730188318826,1.6305730188318828,49.960172074023404,44.78825084475196,normal,none,none
467,0.9892584182832047,35.028084575891256,3.5028084575891256,49.9840227658428,25.610017495684488,normal,none,none
603,0.982360942384698,32.952063335491765,3.2952063335491766,49.94658594290537,23.327991974131645,normal,none,none
51,0.979314245819067,30.001474756239844,3.0001474756239848,52.32451729375671,31.65922738485065,attack,frequency_attack,critical
240,1.011053310501213,24.481722863191866,2.4481722863191866,49.96374883030447,27.232263686908833,normal,none,none
46,0.9991705572555354,27.550500610576563,2.7550500610576565,50.00726239405712,25.490417721297987,normal,none,none
585,1.0100980762985114,24.209408965836325,2.4209408965836325,50.082292735294466,29.349686663132484,normal,none,none
682,1.0397401329888523,22.126437845193948,2.2126437845193947,50.02427249443411,34.929319748368904,normal,none,none
75,0.781669937483588,27.137866893613285,2.7137866893613287,49.883112143714975,25.222491034455786,attack,undervoltage,high
122,0.7905268666163501,12.377114483233553,1.2377114483233553,50.01302089966906,35.10874657235573,attack,undervoltage,high
622,1.000766010424463,27.29367460611397,2.7293674606113973,49.924933944514784,35.11584802063296,normal,none,none
450,0.9670917583084696,94.99033996106908,9.499033996106908,49.95945748185256,24.55375074584572,attack,false_power,medium
481,0.9829515293681633,14.90236848985089,1.490236848985089,46.8898228099029,35.28109989166184,attack,frequency_attack,critical
80,0.892736308289847,18.136865882943276,1.8136865882943276,50.02956955132559,36.28532319263508,attack,undervoltage,medium
30,0.9905155302703973,27.429737977000233,2.7429737977000235,49.89117986869448,28.530734408350657,normal,none,none
214,0.9701439071766451,21.45725390521355,2.145725390521355,45.99993765025674,31.367783115205878,attack,frequency_attack,critical
419,1.2015925459330135,30.832334498576948,3.083233449857695,49.76477478672792,13.926969175416094,attack,overvoltage,high
926,0.9843385218662574,20.91118073644001,2.091118073644001,50.01720389266077,30.045145980276335,normal,none,none
86,1.0198378742299286,20.016720217513566,2.001672021751357,50.04400060277331,36.57132675652013,normal,none,none
171,0.9994274699706476,29.74828920054744,2.974828920054744,49.97493154385721,32.83040086514903,normal,none,none
423,0.9891412138528545,26.916749702953695,2.6916749702953697,50.047660777457494,31.33285087966876,normal,none,none
429,1.0008870989172052,28.48703227811459,2.848703227811459,49.92200873665683,38.14159633310342,normal,none,none
137,1.0324362971032044,27.38261629879444,2.738261629879444,49.94945820886976,24.487531983077027,normal,none,none
789,1.019087293688024,25.923223156901226,2.5923223156901227,49.84028468310012,40.216779342109014,normal,none,none
467,1.1062118587917167,17.22065583600679,1.7220655836006793,50.092770062951075,33.14507825401965,attack,overvoltage,medium
66,1.009595604101091,91.01831717926721,9.101831717926721,50.04069303963429,30.35260974754422,attack,false_power,medium
431,0.8838972736052253,29.057962235342007,2.905796223534201,49.9985060811257,31.465570849106918,attack,undervoltage,medium
409,1.0234482733076644,24.170125506053264,2.4170125506053264,49.97169785004902,23.830870041191375,normal,none,none
702,0.9965612706293256,32.72499378189797,3.2724993781897975,49.85138908500701,40.256764513387466,normal,none,none
173,1.1810746332483293,24.674747456330078,2.467474745633008,49.85971400467671,39.676656732457715,attack,overvoltage,high
258,1.0146484871556036,24.237384865582,2.4237384865582,49.98067318197865,38.4877936656139,normal,none,none
767,1.0328522253153647,21.230720091634968,2.1230720091634967,49.90137008940002,29.868397673967806,normal,none,none
3,0.7276165955859336,26.511354036395364,2.6511354036395365,49.87204073972041,27.549150807251237,attack,undervoltage,high
65,0.7415973250776549,22.94154700086375,2.294154700086375,49.92354536409994,37.56247038179759,attack,undervoltage,high
486,1.1475220755174318,17.579715006635602,1.7579715006635603,49.95470383169133,36.254320088369795,attack,overvoltage,medium
386,0.9969681936471064,20.12979075637381,2.0129790756373813,50.12533974923426,25.681248925078883,normal,none,none
661,1.0017537377095038,26.344614989439584,2.6344614989439585,50.03012873386441,31.698997886686126,normal,none,none
590,0.9968400840793925,20.245899063600447,2.024589906360045,50.050097161514294,36.840583982016724,normal,none,none
221,0.9738055757569103,67.57930201064875,6.757930201064875,50.067893073710984,36.05473524861781,attack,false_power,medium
8,1.003373811386137,26.18081042699401,2.6180810426994015,45.12748479705602,38.387860271531,attack,frequency_attack,critical
312,1.006827525383159,23.791971089900123,2.3791971089900126,49.95246306308363,55.08330016364751,normal,none,none
818,0.9379824479429963,24.267741688732524,2.4267741688732527,50.00038121508222,37.44513109868997,normal,none,none
538,0.959687439284172,22.17639050498943,2.2176390504989434,50.130669976299465,38.810138114146696,normal,none,none
76,1.1186853595501072,15.625800015817408,1.5625800015817408,49.85485433988073,31.43206230920906,attack,overvoltage,medium
917,1.019749011198952,18.748093060767758,1.8748093060767759,49.889662654580896,38.834504542940415,normal,none,none
939,1.0030111290616321,22.52771114071073,2.252771114071073,50.09438075598153,38.0573036448437,normal,none,none
437,0.9825254704778542,25.527842656558402,2.5527842656558404,49.97960292878835,35.24506749715222,normal,none,none
333,0.9946342980705327,24.923237697641305,2.4923237697641305,49.93807824712605,47.30840107580423,normal,none,none
4,0.9853281159919329,21.836749239704876,2.1836749239704876,50.00282222444793,27.794708847028886,normal,none,none
888,1.0052765929336205,29.597926086921667,2.959792608692167,49.89817723826211,29.716963502722358,normal,none,none
324,1.2084483205212038,26.547780419214245,2.654778041921425,50.07994418744674,47.84040500789615,attack,overvoltage,high
251,0.7435054699623277,19.37162942535653,1.9371629425356531,49.84900081095439,36.886639073927604,attack,undervoltage,high
434,0.9944179953268644,28.315658262304108,2.831565826230411,49.88971916626102,41.50345807875015,normal,none,none
821,0.9848690210527549,21.306163836279243,2.1306163836279244,49.97413779271578,36.512936822544646,normal,none,none
278,1.2184367688846462,19.691131574207642,1.9691131574207643,50.14729231598159,40.643932107767796,attack,overvoltage,high
598,1.0051825335313354,37.55350813095731,3.755350813095731,50.13359252775478,29.280215948897805,normal,none,none
474,1.001216608968519,25.224401546104023,2.5224401546104023,49.958159474934135,30.58336347910859,normal,none,none
334,0.7632208393411613,27.089126535341148,2.708912653534115,50.013838324513664,43.97085019132025,attack,undervoltage,high
846,0.9973593514972547,17.362779356135817,1.7362779356135818,50.138694325419586,24.723026680116927,normal,none,none
850,0.965874476530248,13.417760048154463,1.3417760048154463,50.01523800343069,35.26627622411483,normal,none,none
384,1.012662316387556,21.307058079377132,2.1307058079377135,50.07918615827139,29.989538223637286,normal,none,none
596,0.9838484445645583,23.843118083561208,2.384311808356121,49.81284646998959,29.628828050869405,normal,none,none
394,0.8065201050140376,18.946027962935368,1.8946027962935368,50.001750125346156,34.99677569626024,attack,undervoltage,high
167,0.7551361242915314,33.43213023091332,3.3432130230913324,50.13521614157092,46.18047069179867,attack,undervoltage,high
609,1.0198235765542654,19.95821267496494,1.9958212674964941,49.96217319408665,31.968866083639412,normal,none,none
47,1.1622310577941122,31.85575928573841,3.1855759285738414,49.81618610153335,32.45162834181082,attack,overvoltage,high
201,1.029958245800966,22.875255092378442,2.2875255092378444,49.94669592352151,32.76324288809673,normal,none,none
420,1.0227424093280868,57.230913168899555,5.723091316889956,49.87822928005884,32.56446136921628,attack,false_power,medium
128,1.0259732273049753,79.85169811711768,7.985169811711768,50.20823864519164,37.6749910929469,attack,false_power,medium
432,1.0107061828168886,82.2636864219219,8.22636864219219,50.04463319631398,47.71112497587765,attack,false_power,medium
433,0.9756671702504456,19.115573056031298,1.9115573056031299,49.994814853336244,30.98211971400116,normal,none,none
497,1.0066727322118372,24.040208217169894,2.4040208217169896,47.82984154671821,37.50546857943874,attack,frequency_attack,critical
108,1.009067803119531,96.46671988320679,9.64667198832068,49.992416124085054,39.03699878703006,attack,false_power,medium
853,1.000619174047712,27.34293583800383,2.7342935838003832,49.918626619244755,40.14008123115663,normal,none,none
218,1.0186349573475892,17.617528938506346,1.7617528938506348,53.06426976951102,35.52327246316246,attack,frequency_attack,critical
396,1.193172169013261,26.613831356611755,2.6613831356611755,50.05855791181581,31.167943575492448,attack,overvoltage,high
424,1.1563242713888113,21.924695543000855,2.1924695543000854,50.04134443446099,47.75599047218661,attack,overvoltage,high
369,1.020153260823592,18.865797316046287,1.8865797316046287,49.985232633790226,24.905605924354823,normal,none,none
317,0.9642740274850083,39.8025445093038,3.98025445093038,49.88641297025358,20.502202478254652,normal,none,none
203,1.0031873420452575,31.396329918192954,3.139632991819296,49.877159412053295,36.411882822295176,normal,none,none
386,0.9814475950760636,66.69339228947752,6.669339228947752,50.169517805040016,41.48657611950538,attack,false_power,medium
134,0.7585933710853247,30.462538178730057,3.046253817873006,50.13916999303808,34.07894074496922,attack,undervoltage,high
778,0.9964705290523909,30.035815008301444,3.0035815008301445,49.96338060457496,36.74227867857981,normal,none,none
5,0.8047175027909306,24.63874135321448,2.4638741353214484,49.958996798407476,20.943186677346095,attack,undervoltage,high
953,0.9965427403846735,23.497370018291804,2.3497370018291805,49.93273336560331,34.369568344230686,normal,none,none
517,1.0059193219457563,20.548375320547272,2.0548375320547274,50.10040973890908,23.541940159026407,normal,none,none
966,0.993333972544109,14.859777435623435,1.4859777435623436,49.93850235512258,20.59625664399428,normal,none,none
440,0.9592550499252371,31.16009285427432,3.1160092854274324,49.85714078698632,24.34359871630579,normal,none,none
263,1.016191938505985,24.35478799525716,2.435478799525716,53.7085800500487,17.18066325201531,attack,frequency_attack,critical
855,0.9876763658935441,25.67233417355616,2.567233417355616,49.99796270873826,35.44531885041172,normal,none,none
140,0.9987123830729773,25.995725520033012,2.5995725520033015,54.62404510147685,39.62509754849736,attack,frequency_attack,critical
406,1.2775292087603773,22.12441659174748,2.212441659174748,50.042415576414705,40.03803731313874,attack,overvoltage,high
286,1.1108704421930353,28.303381788359573,2.8303381788359574,50.00605121872628,34.6087507486097,attack,overvoltage,medium
757,1.001236208547713,20.34124786920875,2.034124786920875,49.96930606459366,27.53111390644629,normal,none,none
234,0.9960853601443626,30.84534816039764,3.0845348160397643,46.05679597225108,35.158238408351174,attack,frequency_attack,critical
5,1.0044244588023248,23.2381794175144,2.32381794175144,50.015845191350465,47.47609825880116,normal,none,none
484,1.0217640679712647,21.743777472405245,2.174377747240525,54.53065423155607,38.47953368417186,attack,frequency_attack,critical
216,0.9686194464908594,24.320699177453566,2.432069917745357,50.088243077693726,43.58986961448544,normal,none,none
45,1.0429750937656175,15.908251253809507,1.5908251253809507,50.067193603100904,32.07229384882293,normal,none,none
334,0.9815313975049741,30.66884432492789,3.066884432492789,50.048546383034655,40.514308741372226,normal,none,none
477,0.9928863267165359,17.02929728105626,1.702929728105626,49.9600864043218,29.500510485637392,normal,none,none
828,0.972647532610985,18.360723036488704,1.8360723036488704,49.850576597880725,35.72256403917666,normal,none,none
1,0.9736393532943576,61.56915113071105,6.156915113071105,49.962251090625784,20.21063946145069,attack,false_power,medium
198,0.9967600046949859,29.100418961310133,2.9100418961310135,50.02568603697728,49.02707918363437,normal,none,none
604,1.038946425563898,33.01860950886552,3.3018609508865517,49.87111105674263,28.380549751048267,normal,none,none
115,0.994401206760647,20.48946682640747,2.048946682640747,49.924656376426206,30.29916277357866,normal,none,none
249,1.0319138093303981,21.85239598060224,2.185239598060224,50.05634126762495,31.998282444083276,normal,none,none
42,1.006006940926999,22.73074423902262,2.273074423902262,50.03506897725742,36.42166563655294,normal,none,none
195,0.9871177494907591,33.900292270248826,3.3900292270248826,50.12357599264095,29.743335738545262,normal,none,none
390,1.1074144692439194,26.899692736490085,2.689969273649009,50.053860380180936,42.03343706206805,attack,overvoltage,medium
260,0.9963020837660386,23.63495140343484,2.3634951403434843,54.168635340175925,39.32315985118755,attack,frequency_attack,critical
494,1.0630589330191558,16.96829269687636,1.6968292696876361,45.2654620931826,28.459662103712088,attack,frequency_attack,critical
812,0.9810425681791727,18.972712120526516,1.8972712120526518,49.98320141031928,38.72263084135411,normal,none,none
537,0.9903390498677922,20.508641606365973,2.0508641606365976,49.99214892078406,50.49716572131731,normal,none,none
608,1.0106354035370875,31.634268852037735,3.1634268852037737,50.056190788385486,36.08991303612647,normal,none,none
407,1.045142582159724,21.46133180427543,2.1461331804275434,49.9476934909446,43.530963982964,normal,none,none
765,0.9726975108619459,30.86145533112378,3.086145533112378,50.05066615487436,44.13276763764031,normal,none,none
130,1.0231552835671862,90.01394487278014,9.001394487278015,49.940449416671264,32.181247726412714,attack,false_power,medium
291,0.8984231863227357,20.84781322778795,2.084781322778795,49.999004683003015,23.041155117649353,attack,undervoltage,medium
400,0.98239319485342,31.891429549128787,3.189142954912879,50.160005254528855,42.177716868042985,normal,none,none
164,0.9772394704612177,95.63813014968139,9.563813014968138,50.13160634232315,31.70890700332561,attack,false_power,medium
165,0.9606408938735121,20.61908320482287,2.0619083204822872,49.91824114666718,32.15992709779093,normal,none,none
861,0.9898457825922643,30.089133312003383,3.0089133312003384,50.01633916248262,20.250861343800686,normal,none,none
94,0.9823487202992452,28.383587583211728,2.838358758321173,50.039346473583215,33.18383848532408,normal,none,none
280,0.970564338492391,27.333054726472263,2.7333054726472263,49.976328032963664,26.47188618963549,normal,none,none
437,0.9849763650340638,72.84607135785257,7.284607135785257,50.08260860362834,31.299177333423913,attack,false_power,medium
683,0.985374803073458,29.599720197890196,2.95997201978902,49.96334002625388,39.214860573134985,normal,none,none
331,1.1514825698798823,28.25466892902751,2.8254668929027513,50.01097257597066,40.73253910439921,attack,overvoltage,high
182,0.8407366173051921,36.37336330038462,3.637336330038462,49.99539191892831,40.71502468764152,attack,undervoltage,high
245,1.0004631241052575,25.40246753717196,2.5402467537171964,49.96091568494569,30.523922607744204,normal,none,none
582,0.9854083313656506,18.850945797437145,1.8850945797437146,50.16671833501579,47.25649155409836,normal,none,none
205,0.9958882701210142,96.4150736654698,9.641507366546982,49.95646936584465,40.193675990101184,attack,false_power,medium
640,1.0190001343427533,17.198261801297864,1.7198261801297865,50.038074198993584,46.22597415871597,normal,none,none
266,1.006774297038105,51.23284056222092,5.123284056222093,50.06378411454332,31.293455358706364,attack,false_power,medium
569,1.0100430240152733,20.31346647950388,2.031346647950388,50.11656408665919,38.406053951136144,normal,none,none
197,1.1004191968654498,13.014757765439509,1.3014757765439509,50.033076334753545,35.50676898788681,attack,overvoltage,medium
366,0.9989992736806461,50.27779840518244,5.027779840518244,49.805710279333105,44.83398761910345,attack,false_power,medium
170,0.8985015485225563,30.174086444534854,3.0174086444534858,50.03842861662599,57.40214763853525,attack,undervoltage,medium
807,0.9950947485661569,30.370754885030074,3.0370754885030076,50.02193374704513,29.35935136985242,normal,none,none
290,0.8171574210268527,27.855222481076872,2.7855222481076876,50.03659075480019,23.749879803895993,attack,undervoltage,high
118,1.015755868696907,27.508329267845948,2.750832926784595,49.93892007214782,24.6088110485642,normal,none,none
115,1.0094964431181217,22.174413080407426,2.2174413080407427,45.921203359012324,27.86754703008221,attack,frequency_attack,critical
602,0.9895071552303387,22.214371668936543,2.2214371668936543,49.75311905111272,34.288161374952075,normal,none,none
815,0.995207344229478,30.279733631975557,3.027973363197556,50.06298126306279,29.126268310278896,normal,none,none
117,0.9919885937867707,28.83918205721495,2.883918205721495,50.01248814588089,36.27956872657647,normal,none,none
44,1.231438768978377,27.74389873590205,2.7743898735902053,49.98203573463052,29.88895723952423,attack,overvoltage,high
868,0.9988587160702396,34.21844126381751,3.4218441263817514,50.05210952178021,28.609621327395285,normal,none,none
924,0.9746010905671365,29.117497996667847,2.9117497996667847,49.95540223448022,36.339697961329385,normal,none,none
451,0.8708802557381004,20.71751855685378,2.071751855685378,50.0609840491203,31.41063661590336,attack,undervoltage,medium
300,1.2427696260737744,20.686530998161764,2.0686530998161765,50.014124213507245,43.65386868188055,attack,overvoltage,high
385,0.9872036208378291,66.90251855799563,6.690251855799564,49.99695476173295,40.71406055108885,attack,false_power,medium
506,0.9955831121378683,28.302071842145324,2.8302071842145327,49.902476577679934,22.138025018818432,normal,none,none
758,1.013931382463759,21.410977021043323,2.1410977021043323,49.86225138389069,35.61105159370519,normal,none,none
303,1.173937628406057,25.327455418024723,2.5327455418024725,49.91867180022386,26.756360727441354,attack,overvoltage,high
15,0.9638976618474072,25.943126290070925,2.5943126290070926,50.08792085370436,28.515168029924826,normal,none,none
397,1.2850277671091697,30.99477576031391,3.0994775760313913,50.07207679148076,38.65325438055069,attack,overvoltage,high
594,1.0309710682516846,24.0373241641419,2.40373241641419,50.023133632068784,35.65751286039808,normal,none,none
599,0.9994235864069717,23.90820707053447,2.390820707053447,50.091775474537634,38.82926886055306,normal,none,none
18,0.9983504393496573,25.59206951947724,2.559206951947724,50.122924676187026,47.365140766885936,normal,none,none
754,0.9883243336523174,30.755020943467418,3.075502094346742,49.915021931338465,34.21928270208309,normal,none,none
243,1.0001723553405781,34.85269533580236,3.485269533580236,50.04621309206118,35.43300466964202,normal,none,none
63,0.731348662660884,24.308675724545083,2.4308675724545084,49.993548264463904,31.938621761614684,attack,undervoltage,high
819,0.9911598094618878,27.28997876774399,2.728997876774399,50.03046547978083,26.141089556620948,normal,none,none
570,1.017774433311875,23.166353916953742,2.316635391695374,50.21082871406304,36.11027453992822,normal,none,none
253,0.9966220035682947,24.951198296534812,2.4951198296534813,49.95623443700502,23.65937261711068,normal,none,none
119,1.0458742184976386,38.493873777933146,3.849387377793315,50.11890188232367,31.72831442062767,normal,none,none
714,0.989550812846174,19.26827784436231,1.926827784436231,50.01501238777893,28.167423971927477,normal,none,none
790,0.9916400822615647,32.76183777217898,3.276183777217898,49.95933732192732,45.455504079646644,normal,none,none
282,1.0209102011276756,22.77652439223736,2.277652439223736,54.447889258376435,29.728515569177166,attack,frequency_attack,critical
34,0.7116296621161607,26.76631076561525,2.676631076561525,50.0746974213487,32.404159718887755,attack,undervoltage,high
197,1.0101995209171437,21.855155797030925,2.1855155797030927,50.02038714608262,44.9993784737524,normal,none,none
211,0.7619015519503456,27.15945469180112,2.715945469180112,49.98702839236967,40.826874708945915,attack,undervoltage,high
103,0.994029685553329,55.79066945923797,5.579066945923797,49.914480860756065,34.47984675475311,attack,false_power,medium
171,0.9832389707966283,91.48165882008368,9.148165882008369,49.94359804656959,36.117289369821954,attack,false_power,medium
761,1.0056418128925428,35.68761135750834,3.568761135750834,50.135019871209195,18.189707864401885,normal,none,none
54,0.7353661651971369,32.563367647772495,3.2563367647772496,49.90820660547176,49.83419485278722,attack,undervoltage,high
507,1.0474209795344567,25.119723714306613,2.5119723714306614,50.02098913753254,35.467732986661616,normal,none,none
215,0.9834820640440672,28.275510376217547,2.8275510376217547,49.93947381472168,24.22622360970399,normal,none,none
955,0.9817355828495757,26.50899731119021,2.650899731119021,49.957884731054484,31.09329826453281,normal,none,none
344,0.9942548586270152,25.328001824388885,2.532800182438889,50.042580952466,42.81373904377595,normal,none,none
616,0.9926603923435311,30.710909064552453,3.0710909064552454,49.94563467571605,39.90667317292012,normal,none,none
796,1.0138920263475781,28.126636602706967,2.812663660270697,49.97102177108658,38.9113124265306,normal,none,none
704,1.0006628594710512,29.717059835520814,2.9717059835520816,49.91236761881281,38.980457775938966,normal,none,none
277,0.976632936874546,27.136809146380998,2.7136809146381,49.88837128871491,38.26515366745576,normal,none,none
775,0.9910370519127376,31.24387238304676,3.124387238304676,50.13157675923745,37.57072016554127,normal,none,none
804,1.001113410393326,21.64904282812291,2.164904282812291,50.07215592700287,33.6073288915582,normal,none,none
147,0.9660786277606225,77.34599727337101,7.734599727337102,49.804487472252355,34.95878146208604,attack,false_power,medium
556,1.0171135077971774,27.424916887230196,2.7424916887230197,49.87794783499061,36.41586357131034,normal,none,none
907,1.0026061807185807,22.603589189433848,2.260358918943385,49.96105015884042,44.39109691564587,normal,none,none
209,1.0195053537955179,35.72889283273885,3.572889283273885,49.94768396301278,40.32916540961319,normal,none,none
376,1.0227624769646326,27.988037009104467,2.798803700910447,49.88580068742304,33.53793189294259,normal,none,none
133,1.023547694944691,39.47894257289305,3.9478942572893048,50.056221006826874,30.94990159702908,normal,none,none
295,0.9964483981880633,25.129632865404968,2.512963286540497,46.30901831607046,40.45714976417445,attack,frequency_attack,critical
96,1.0194645899782169,57.99000576065401,5.799000576065401,49.98926991089068,49.429218541403415,attack,false_power,medium
495,0.9999912885659349,29.261293622177092,2.9261293622177096,52.69178388182806,30.776260059246248,attack,frequency_attack,critical
655,0.9754454056624314,25.387544569286405,2.5387544569286407,49.89688474453473,30.640577334753665,normal,none,none
309,1.23651124253835,22.6923078185751,2.26923078185751,49.84115160602303,39.262628729211485,attack,overvoltage,high
145,0.8190612810179536,29.319831054429457,2.9319831054429457,50.01108247403556,17.41852236512818,attack,undervoltage,high
883,0.9930959568775131,23.2330704413379,2.32330704413379,50.01557805140128,35.90333977938512,normal,none,none
512,0.9731205728574959,27.442379984494362,2.7442379984494365,50.00037878289763,28.13831985630118,normal,none,none
307,1.0011586715891132,22.644466687435457,2.264446668743546,49.90111011196467,60.95382267473639,normal,none,none
576,0.9720149897265856,16.576516427958104,1.6576516427958106,50.06204790755391,40.37555136357975,normal,none,none
677,1.0303428191359256,24.9054456358724,2.4905445635872403,49.99938802449197,24.705274969304252,normal,none,none
360,1.0360486917123155,54.891929608865816,5.489192960886582,49.85716821355399,46.460440944364365,attack,false_power,medium
503,1.0097702505669526,24.807277567839748,2.480727756783975,50.01780524528649,54.59338809919224,normal,none,none
160,1.1783174046844547,14.773106500212778,1.4773106500212778,49.82689701180795,34.97212618937929,attack,overvoltage,high
629,1.0067884748221945,34.13590976669484,3.413590976669484,49.99986937745268,45.05906808583099,normal,none,none
881,1.0097175561652179,26.591202293718627,2.659120229371863,49.941788695776374,40.201787969447956,normal,none,none
976,0.9953901033693208,28.839722934500752,2.8839722934500753,49.98219947094797,37.41890561375786,normal,none,none
834,1.0094873931501798,21.86270197178224,2.186270197178224,50.02379771049244,43.78807801289076,normal,none,none
257,0.9872909945766943,33.29405862953524,3.3294058629535246,47.51799707071258,39.12598534315408,attack,frequency_attack,critical
188,0.8668121588779965,31.347687172022585,3.1347687172022587,50.12067937805934,27.484173416454947,attack,undervoltage,medium
71,0.7331225162829375,27.986398182932138,2.798639818293214,49.9658372467935,37.70251620284456,attack,undervoltage,high
236,0.9903281323709576,33.011577855266836,3.3011577855266836,50.08820284514999,20.521866301568238,normal,none,none
699,1.0132532580452134,25.459820376227594,2.5459820376227595,50.19069033026507,52.27981945985208,normal,none,none
23,1.0088376481666372,21.977208640740205,2.1977208640740207,49.99012902462238,41.42728857739431,normal,none,none
241,1.1254983529053848,16.738044662437087,1.6738044662437088,49.994544686124115,54.486932945606654,attack,overvoltage,medium
695,0.976715993505803,26.96554951198991,2.696554951198991,49.944111239684766,30.85241417802184,normal,none,none
307,1.2909135042974187,23.809316782381458,2.380931678238146,50.1368619165666,36.48163287586724,attack,overvoltage,high
3,0.9868115192867785,24.35024228641098,2.4350242286410984,49.913055918178095,40.34644785859901,normal,none,none
749,1.003131824017735,33.40839051585157,3.3408390515851574,50.09059436904536,47.58372659885387,normal,none,none
490,1.0182130438631054,20.65159040602077,2.0651590406020772,50.28143360050716,34.81943502585266,normal,none,none
680,0.9844591878530281,18.787529225171923,1.8787529225171924,49.97087621054702,52.59563544561645,normal,none,none
174,1.004613466031106,31.559689097306833,3.1559689097306833,47.87067535099477,38.330819331419825,attack,frequency_attack,critical
874,1.0330966607510212,29.45448068086514,2.945448068086514,49.93031683304676,40.98617321654117,normal,none,none
43,0.7853631917702946,27.113551200081197,2.71135512000812,50.079846494320634,18.13859754056766,attack,undervoltage,high
52,1.0276876622813618,23.36023513497932,2.336023513497932,49.850496806145784,29.013289471358796,normal,none,none
375,0.9954968539398825,27.910550828468256,2.791055082846826,50.178563771085685,31.743016834444358,normal,none,none
425,1.0014321052492374,22.6270125096841,2.26270125096841,47.045641312675336,27.85156766441529,attack,frequency_attack,critical
78,0.8494996593618729,39.119581825767156,3.911958182576716,50.13291603088597,40.88789317785724,attack,undervoltage,high
146,1.0386816982745362,28.275983085030454,2.8275983085030454,53.016815504800775,39.1488601535645,attack,frequency_attack,critical
428,0.9867323094781737,25.697673014185465,2.5697673014185467,50.04749827831603,48.5171589715048,normal,none,none
139,1.1011667152234998,21.740001878423854,2.1740001878423856,49.92165104635733,32.55863376691377,attack,overvoltage,medium
984,1.0152599245459082,17.126592185537753,1.7126592185537755,49.82578377829542,48.5289909769999,normal,none,none
889,0.9879486668197278,15.678688788370515,1.5678688788370516,50.03997968598177,26.436092017939256,normal,none,none
301,0.9746858564065851,27.651014557724665,2.7651014557724665,49.99548853822854,23.59258821474085,normal,none,none
196,0.7346111885015932,17.91597305090184,1.7915973050901841,50.04962109373528,42.59281142831395,attack,undervoltage,high
464,0.9687552053396908,58.09820378905984,5.809820378905984,49.91698438182785,37.3179909240467,attack,false_power,medium
489,1.028398805380199,29.08574499310345,2.9085744993103453,50.06034447489528,37.753573888070314,normal,none,none
445,1.0290558427980177,29.68215089148005,2.9682150891480052,49.994462044098775,37.09941767458138,normal,none,none
278,1.0038781412835651,28.549411765862587,2.8549411765862587,50.0500909168659,26.177206489165854,normal,none,none
70,1.0064451601217146,22.22970751894851,2.222970751894851,46.03041284679033,30.16579287491206,attack,frequency_attack,critical
755,1.0079524180691186,19.685176338374486,1.9685176338374486,49.95245677442835,28.422503605299497,normal,none,none
332,0.9925025419517967,22.620303300266396,2.2620303300266396,50.136039308365994,37.82859206716788,normal,none,none
64,1.2432206007837296,25.197349520354468,2.519734952035447,50.00308620875681,28.771118544706965,attack,overvoltage,high
461,0.8104626146746304,22.78356124597017,2.278356124597017,49.806862029144206,12.05722733859389,attack,undervoltage,high
94,0.9982127787750751,80.6953129964144,8.06953129964144,50.13806931308797,27.57824923411652,attack,false_power,medium
40,0.9848645041387326,30.18757190062749,3.018757190062749,49.82238897543278,37.532959606059094,normal,none,none
490,0.9855233464462951,20.25795669437008,2.025795669437008,45.0165361442024,38.09074352170967,attack,frequency_attack,critical
372,0.9811037278718338,12.384558319368468,1.2384558319368468,53.459981656951555,40.4134438903212,attack,frequency_attack,critical
380,1.0406419898604025,21.613236388727625,2.1613236388727626,50.07228504065967,37.727022925195726,normal,none,none
50,1.2824787830974713,22.514384576572972,2.251438457657297,49.943443066723155,26.7616411184322,attack,overvoltage,high
449,1.2362166803409163,30.064026257316417,3.006402625731642,50.10734022935904,33.36652745509013,attack,overvoltage,high
638,1.0164069480538998,37.054879045815255,3.705487904581526,50.09925960713131,36.11133291361526,normal,none,none
462,0.8165908262199086,19.969270075903143,1.9969270075903145,50.1019439815887,25.64983436949523,attack,undervoltage,high
57,0.9598299507818205,26.880612444734073,2.6880612444734076,49.980098234335316,29.44639793940744,normal,none,none
48,0.9806640796261138,38.67092370380588,3.8670923703805884,50.04442307905298,33.59382753970459,normal,none,none
392,1.0081614541909085,22.00119956381595,2.2001199563815947,52.323370856437144,38.900964505032796,attack,frequency_attack,critical
158,1.0045744733935078,30.544412223485775,3.0544412223485775,46.3299189136396,26.82252715327445,attack,frequency_attack,critical
329,0.9994006848313388,35.34104027689312,3.534104027689312,49.93560305007852,48.17818919140415,normal,none,none
969,0.9999179040897834,29.01518608006772,2.9015186080067723,50.09578621743844,34.70120687533785,normal,none,none
678,1.0074251421705676,16.848303150168586,1.6848303150168586,49.98025280639456,24.224301195106626,normal,none,none
151,1.029435002210442,25.450541876231124,2.5450541876231125,49.844277500584155,28.953547913308142,normal,none,none
626,1.0245236581449084,20.490435411206732,2.0490435411206733,49.89129684732711,24.93224005551388,normal,none,none
528,0.9830541141306873,19.900807064945585,1.9900807064945587,50.08047639069892,31.84180476924814,normal,none,none
895,0.986958360306072,22.868023832389127,2.286802383238913,50.03935564339953,37.87214165431049,normal,none,none
137,1.2153178220115757,20.605030869188617,2.0605030869188616,49.96297399368454,42.303576282266114,attack,overvoltage,high
58,0.9959252333866011,69.70413338917761,6.970413338917762,49.90795112253683,24.251770986166612,attack,false_power,medium
359,1.0080114792956263,25.960693789189634,2.5960693789189637,49.79065759535372,36.71965964119056,normal,none,none
231,0.9885937402870273,25.91584163139735,2.591584163139735,50.07815164872945,29.404779311547912,normal,none,none
625,1.008108233566382,30.963316958641744,3.0963316958641744,49.95433979529886,34.40175927532915,normal,none,none
261,0.9705786835711333,23.852355517320852,2.385235551732085,45.65154990345752,41.449006306765746,attack,frequency_attack,critical
158,0.9871863811377355,17.337079589052326,1.7337079589052327,50.015502735390925,30.65753020474704,normal,none,none
801,0.9840134942375623,25.979518651498786,2.597951865149879,50.052327218765576,38.17882300825228,normal,none,none
53,0.9730524007442439,24.777043365988867,2.4777043365988867,50.06473104895231,43.03108850992048,normal,none,none
426,1.0128968940465999,63.5438016868566,6.35438016868566,49.80571437409026,24.29351994807851,attack,false_power,medium
207,1.0076401989979256,27.40139927224756,2.740139927224756,49.987647130972064,37.12827046987887,normal,none,none
48,0.998477141255045,73.31352137834914,7.331352137834914,50.08685007988866,41.765475272014726,attack,false_power,medium
383,1.0004588697876828,30.185561045927017,3.018556104592702,50.072451688506845,22.931210450230893,normal,none,none
8,1.0152498044921152,26.903396526494497,2.69033965264945,49.97444447508448,42.83638105018868,normal,none,none
204,1.287620146813078,20.391462714239637,2.039146271423964,50.15235589760938,17.318499380948296,attack,overvoltage,high
893,1.0145651523141728,32.35731538099243,3.2357315380992433,50.04151968302824,39.76410212398865,normal,none,none
446,1.0208865631527644,24.260564398751022,2.4260564398751026,50.02859523594311,31.844298760981705,normal,none,none
793,1.0076075916059688,17.598880577740395,1.7598880577740397,49.88690669196027,37.85879099737763,normal,none,none
54,0.9932808859263292,14.407954014482762,1.4407954014482762,49.92582734847616,30.212374455202486,normal,none,none
398,1.0128005198218382,38.88690764378255,3.8886907643782553,46.87195021825848,39.32199389367166,attack,frequency_attack,critical
199,1.026921779411177,22.688300277917673,2.2688300277917675,50.10358113932034,39.950975061439934,normal,none,none
252,0.9785801105434933,29.475668426535478,2.947566842653548,49.881984787132474,31.012421609715847,normal,none,none
871,0.9850042593070939,23.306734253110655,2.3306734253110655,49.92817819170368,51.37438518758718,normal,none,none
318,0.9713850106931028,21.362287237797197,2.1362287237797197,50.09869205667375,42.19793452215799,normal,none,none
234,1.0017780647600967,30.149506397445485,3.0149506397445487,49.92817415127634,44.02978405901895,normal,none,none
379,1.1695235642497428,26.149054918793755,2.6149054918793757,50.00848856437112,40.70911296594183,attack,overvoltage,high
81,1.000707735152678,30.018557416579963,3.0018557416579963,50.274920601147095,51.69657988077953,normal,none,none
465,1.0310106600072189,18.159491452449544,1.8159491452449545,49.815921879198626,27.883359379209345,normal,none,none
161,1.0026544674415936,21.58068269109274,2.158068269109274,49.89926708149249,18.96908173205528,normal,none,none
583,1.0099436286039407,21.582255496863517,2.158225549686352,49.9676984844588,32.495777149273806,normal,none,none
429,1.1517215075109968,23.993923641846276,2.3993923641846275,49.93133342671073,40.670356601385,attack,overvoltage,high
738,1.0097629849537935,21.869069064172628,2.186906906417263,50.12821361652467,48.86498274052367,normal,none,none
610,0.9808165873187839,26.31197232304319,2.631197232304319,49.980111630484515,35.460050712904376,normal,none,none
26,1.1389102041314256,7.942892890703902,0.7942892890703903,49.82578561171557,46.69068924315179,attack,overvoltage,medium
135,1.1905833144339877,28.337585114235775,2.8337585114235777,49.828645997109824,31.903651431295934,attack,overvoltage,high
809,0.9934171340665277,29.956213243650375,2.995621324365038,50.18703191352777,30.5900740329061,normal,none,none
10,0.9592881537741302,37.299509938567184,3.7299509938567184,54.10154894220929,45.36673600477066,attack,frequency_attack,critical
116,0.9926646783286166,27.385969367932532,2.7385969367932534,50.00080129931173,49.12038356086135,normal,none,none
263,1.0248604592092327,23.53447596118822,2.3534475961188224,50.02477997996597,43.1014770634306,normal,none,none
482,1.0193017429339633,28.91679639492159,2.891679639492159,49.86227983955972,46.044259520545864,normal,none,none
619,1.0143440878516408,23.293497031757532,2.3293497031757533,50.102987433278635,26.837689809228383,normal,none,none
114,1.0218557849217333,29.17907367025677,2.917907367025677,50.01063854820975,41.51190445808611,normal,none,none
920,0.9817682225285779,21.358458279569682,2.135845827956968,50.086575178417554,42.007089790559554,normal,none,none
342,1.1500421737993598,29.031915338026103,2.9031915338026106,49.830526486840036,37.79312759015553,attack,overvoltage,high
382,0.9786961609288443,20.509618340832297,2.0509618340832296,50.1082814437103,43.77893367279452,normal,none,none
175,0.9716378843369514,19.1274598615326,1.91274598615326,50.03748986399593,36.009377589344396,normal,none,none
302,0.8231797417479244,24.678551798583,2.4678551798583004,50.06076517700031,53.36079616464979,attack,undervoltage,high
779,1.0047032639575286,28.516975822976868,2.851697582297687,50.18279596161781,36.40152164047987,normal,none,none
491,1.0135952797035164,28.166452144705904,2.8166452144705905,50.025713043739216,26.942811671686812,normal,none,none
880,1.006359046112603,30.012730203329077,3.001273020332908,49.93686332740435,46.45426553869981,normal,none,none
705,1.0092069919820468,25.414111926963354,2.5414111926963354,49.98156279868338,36.88087367202886,normal,none,none
410,0.9952715208369602,95.67472325519364,9.567472325519365,49.97545278261813,26.00379362238592,attack,false_power,medium
224,1.0169903217854444,27.541402577290942,2.7541402577290945,49.91898663896916,26.472468457008873,normal,none,none
97,1.268592369229098,17.858674982317346,1.7858674982317346,49.9662278236547,25.924891500046257,attack,overvoltage,high
446,1.0060292826821218,26.31861884994904,2.6318618849949043,54.201368554271426,35.86452681239993,attack,frequency_attack,critical
433,1.0056365177592899,76.17734347475589,7.617734347475589,50.01239709182207,15.893082943707196,attack,false_power,medium
4,0.8440878557098686,24.818034880114382,2.4818034880114386,49.96342752837675,36.059330553561374,attack,undervoltage,high
530,0.9923982961278465,29.09152865495429,2.909152865495429,50.10860469884198,40.08998669638665,normal,none,none
940,0.9976408684670447,23.19243144214209,2.319243144214209,49.86934222436262,38.98484540191734,normal,none,none
242,1.0055605035340631,26.805796131211427,2.680579613121143,50.025050513806306,35.023788332797736,normal,none,none
363,0.9550912949410129,71.93896787764061,7.193896787764061,50.088695258643405,33.25866230187647,attack,false_power,medium
536,0.9931083738737535,28.152052332017,2.8152052332017004,50.054589614069315,40.723835842582,normal,none,none
427,0.7520575200929696,26.79093243165547,2.679093243165547,49.98984217036719,25.390305359136633,attack,undervoltage,high
483,1.0152102704987978,24.453170147096213,2.4453170147096213,50.07061082761252,36.954257573785156,normal,none,none
229,1.2634190067595834,25.543564679349156,2.554356467934916,49.956551119977966,27.639636662941914,attack,overvoltage,high
923,1.0368599771980722,33.889758234168966,3.3889758234168967,49.91826440214438,30.89773544083357,normal,none,none
142,1.0006427754279326,29.53981025828879,2.9539810258288792,49.942499417121674,40.671875827081436,normal,none,none
317,1.03737960694529,22.609935210561176,2.260993521056118,47.35878975864336,29.16079435959877,attack,frequency_attack,critical
183,1.1101605646982533,25.159293385738305,2.5159293385738306,50.091606847279664,40.0732548677631,attack,overvoltage,medium
511,1.0260908293888709,16.504279350825016,1.6504279350825017,50.10091423765958,33.98779663250053,normal,none,none
22,0.9776572802805109,23.44759633074558,2.344759633074558,54.32373266904975,35.3315309672474,attack,frequency_attack,critical
836,1.0118748205055335,29.5024898079473,2.95024898079473,50.06664064240015,34.466140022130475,normal,none,none
299,0.9578689134622909,24.058194916036115,2.4058194916036117,49.86719628177053,23.922591694276065,normal,none,none
354,1.000962376208641,18.046572251705513,1.8046572251705513,46.441802461170795,23.72855595369644,attack,frequency_attack,critical
336,0.9750862438923821,75.0269372273306,7.502693722733061,50.11583987436688,39.570179874465936,attack,false_power,medium
63,0.9936283513870052,16.30533527095342,1.6305335270953423,50.12042358622716,23.284078732156217,normal,none,none
902,1.029346940821743,29.841060343493524,2.9841060343493524,50.11728595283818,44.915130083977004,normal,none,none
36,0.9993727996552881,27.096932783267405,2.709693278326741,49.833055567021894,30.269197532896296,normal,none,none
26,0.991640282865389,32.61349508351801,3.261349508351801,49.9714619704771,39.15668275528287,normal,none,none
38,1.0266738774195001,24.891504647223567,2.489150464722357,50.010906868671235,18.744035975376093,normal,none,none
595,0.9835715632757575,28.407802363299766,2.8407802363299766,49.891462712927456,46.38049337899071,normal,none,none
648,0.983969364182922,27.46735446500274,2.7467354465002742,49.94860302614308,29.67592988989861,normal,none,none
477,0.8121683870196919,15.570858489910757,1.5570858489910757,50.005093681949106,31.604374272440346,attack,undervoltage,high
970,1.0049670965101294,27.903009900506337,2.7903009900506337,49.87178633907,24.197776434314193,normal,none,none
700,1.010441678042114,33.92858839827884,3.392858839827884,49.91087758438232,38.0879477574345,normal,none,none
454,0.9880844132755054,16.915794393477,1.6915794393477002,49.93489247081073,36.74575127401927,normal,none,none
799,1.0080261878170615,14.819198502554439,1.481919850255444,49.9222883525611,41.197316921652906,normal,none,none
713,0.975922998590531,26.610814674125372,2.6610814674125374,49.87151783161418,19.933607640720123,normal,none,none
711,1.0103107507655205,22.94253959389767,2.294253959389767,50.071669680289546,34.01569989007382,normal,none,none
666,0.9853549425911954,24.569401039144964,2.4569401039144965,49.94067627169656,44.02079013736399,normal,none,none
40,0.9654196805050702,88.47784397796035,8.847784397796035,50.16326159405125,33.18656956446732,attack,false_power,medium
734,0.9840985524253397,31.150770151051354,3.1150770151051357,49.97922140754446,46.04809931981464,normal,none,none
267,1.2427295982075606,13.156475107058617,1.3156475107058618,49.7414067894886,42.07125623160806,attack,overvoltage,high
166,1.1206659808979749,22.210874183290482,2.221087418329048,50.15381746644755,23.77913681204025,attack,overvoltage,medium
378,1.0177967124321519,15.452641277834012,1.5452641277834012,50.00150121276632,41.45161594915967,normal,none,none
351,0.968522903854528,21.397476198375394,2.1397476198375394,49.89263881250954,39.5907512321373,normal,none,none
114,0.8784707404270532,29.45717853089483,2.945717853089483,50.117711087172864,38.74313927944382,attack,undervoltage,medium
112,0.9878406464732129,25.046951070275657,2.504695107027566,49.95200504171964,31.64856705673568,normal,none,none
659,1.0037066150325265,12.852622036297227,1.2852622036297228,49.98312287710744,33.24683587374215,normal,none,none
837,1.00760212228846,23.042539184115995,2.3042539184115998,50.115428855440086,14.034473605132106,normal,none,none
593,0.9886018035354829,22.770485972357587,2.277048597235759,49.88269953828144,50.472555090084285,normal,none,none
202,1.0140924778536997,29.409064164259675,2.9409064164259675,49.7656760358278,33.030803572133635,normal,none,none
237,0.9828407008906023,53.429195797972085,5.342919579797209,50.003970610751054,33.80534717369977,attack,false_power,medium
80,0.9939869621275695,17.08226232913922,1.708226232913922,49.96212572097208,37.26303954008815,normal,none,none
81,1.0069638184893137,21.188946428645203,2.1188946428645203,47.519603538769964,30.66469743988433,attack,frequency_attack,critical
642,1.0003874446236565,29.455180918781995,2.9455180918781996,50.010099716351505,33.223926533087386,normal,none,none
90,1.031190850217966,29.80247023568549,2.980247023568549,49.93209835714077,33.06184573122231,normal,none,none
60,1.0289560079571085,15.717957699053539,1.571795769905354,49.75576278929663,32.97118836978363,normal,none,none
873,0.9978954149379471,27.974582642136227,2.7974582642136228,50.10478337255254,29.539620243011836,normal,none,none
824,0.9998306291768005,29.966451624081863,2.9966451624081865,50.043082086476375,48.31016329471303,normal,none,none
256,1.1667697250363995,20.56860578694436,2.0568605786944363,49.82982599095542,21.495974272415737,attack,overvoltage,high
456,0.7308110533234754,21.564767748456873,2.1564767748456872,49.83409262862129,32.38495046952268,attack,undervoltage,high
469,0.9976728168648883,24.585862863820864,2.4585862863820864,45.163792860103314,33.754267522845005,attack,frequency_attack,critical
575,1.0535535998351722,23.675279442693085,2.3675279442693085,50.156291285703134,41.112029738202615,normal,none,none
56,0.9999420981765826,21.607183206457744,2.1607183206457745,50.01094298449102,34.47651599408494,normal,none,none
909,1.028397459244044,11.612949526894186,1.1612949526894185,49.86570396600059,37.186815274566705,normal,none,none
305,0.9972478372602888,23.111006301794628,2.311100630179463,49.978655879411946,40.169286820396024,normal,none,none
698,1.0224905463085239,20.344888801825846,2.0344888801825847,50.0317488247342,17.952051459131628,normal,none,none
921,0.9892302552447209,23.06666953601274,2.306666953601274,50.1491226903435,41.54373602581191,normal,none,none
271,0.8629455057548787,19.068538256317716,1.9068538256317717,49.95821404307019,31.063719150054954,attack,undervoltage,medium
84,1.0091836360241675,14.221762579240016,1.4221762579240016,50.01995547307978,28.719108183987068,normal,none,none
169,1.2063014337381885,19.659992328487384,1.9659992328487386,50.061461550475606,26.638427348612748,attack,overvoltage,high
96,0.9873237426669315,25.650133270469535,2.5650133270469535,49.9161544723851,38.14362465121552,normal,none,none
577,0.9697675639163433,30.422556377312283,3.0422556377312286,50.12234183146785,39.53777253047891,normal,none,none
293,0.8552574261077436,22.554176557178998,2.2554176557179,50.06544749312408,35.37078425781491,attack,undervoltage,medium
772,0.9629770789944251,20.01676044708338,2.001676044708338,49.981074143250396,28.83841304375753,normal,none,none
482,0.9518077818468071,31.47078858398369,3.1470788583983693,45.34168221664185,19.536891648087106,attack,frequency_attack,critical
82,0.9978875857137004,31.11038934897804,3.1110389348978043,49.96184863482159,37.48273981714011,normal,none,none
731,0.9834149085090848,28.474546749032406,2.847454674903241,50.0448530459794,27.420670038309538,normal,none,none
260,1.0194480757710118,30.868444324413776,3.086844432441378,49.92077265782716,32.48636861072295,normal,none,none
989,0.9932688930278669,30.345973274505873,3.0345973274505873,49.990183970273904,29.793896029264072,normal,none,none
980,1.0081830543582615,28.469561660527212,2.8469561660527214,50.06135766877125,49.91302577953074,normal,none,none
502,1.0226983415574167,22.789089555988202,2.2789089555988205,50.12304973848017,23.153198149633496,normal,none,none
131,1.1481840861778234,24.75007046686625,2.4750070466866254,50.122018371836226,42.61038037803864,attack,overvoltage,medium
866,1.0219153701275994,21.77428500138914,2.1774285001389138,49.922624119695264,47.82313621292187,normal,none,none
325,1.0317407014472506,22.718897483867405,2.2718897483867404,46.71701847660575,35.957236844705825,attack,frequency_attack,critical
521,0.9894863572199967,28.421273876469584,2.8421273876469586,50.01108334990767,35.67077573140643,normal,none,none
296,1.0326275608996665,22.878310430416402,2.28783104304164,50.10829330934001,43.551011475934246,normal,none,none
265,1.2725351418445623,19.378727940240474,1.9378727940240474,49.93474751046661,26.11082414628507,attack,overvoltage,high
141,0.9854385682721863,29.73733192306167,2.973733192306167,49.95876166692369,47.36692131073164,normal,none,none
136,0.9982471954145928,29.067948892091504,2.9067948892091504,49.86524463141808,46.49417788896921,normal,none,none
384,1.0277386077350967,39.70701767428517,3.970701767428517,54.509394640239094,51.53506891164484,attack,frequency_attack,critical
443,0.9940338945968471,20.614487610583268,2.061448761058327,49.79457423927254,39.49457964434299,normal,none,none
743,0.9713018303343154,27.967461803846795,2.79674618038468,49.88346196817939,48.822886248812246,normal,none,none
190,0.9559114911679909,17.528693789377037,1.752869378937704,49.9515613832492,47.48290628863848,normal,none,none
656,1.0220171463613466,18.268028269096018,1.826802826909602,49.942258945081505,45.698584127747395,normal,none,none
178,0.8836402908778918,32.15898080336633,3.2158980803366335,49.72145012832718,36.290255736196094,attack,undervoltage,medium
295,0.9908203619668782,25.014774189958292,2.5014774189958295,49.9487180518293,35.40188015347718,normal,none,none
179,0.890765858270844,18.818771789817163,1.8818771789817164,50.11840451813095,36.344255525607316,attack,undervoltage,medium
221,1.033691420343706,27.088341254754365,2.7088341254754367,49.89471256723377,31.868651771590986,normal,none,none
41,1.1127879333101298,31.574697322299457,3.157469732229946,50.16431101382221,23.15277749946582,attack,overvoltage,medium
344,0.8842159163276666,31.462791067387833,3.1462791067387834,49.852476994354824,51.0549022879705,attack,undervoltage,medium
878,1.0391367214514313,23.92948988758127,2.392948988758127,50.11040275139349,48.70827112592517,normal,none,none
409,1.1852662162591152,14.068911516879458,1.4068911516879459,49.9944603318044,38.68294260233935,attack,overvoltage,high
430,1.018832017563853,30.376403394017572,3.0376403394017575,54.8122395938243,41.95687897161858,attack,frequency_attack,critical
492,1.2163600573668858,24.880968751301573,2.4880968751301573,49.958269721890375,33.919081514136906,attack,overvoltage,high
184,1.0016505141549736,28.407091606859353,2.8407091606859356,50.024005332966624,27.83315382778673,normal,none,none
908,1.0369198844987542,34.29955041241747,3.429955041241747,49.97345725321388,21.700088984813902,normal,none,none
697,0.9705040361330376,19.64510904064492,1.964510904064492,49.82157263230665,25.147539501687735,normal,none,none
240,0.99901458799304,71.70431017281167,7.170431017281167,50.0303556340481,36.508081763811646,attack,false_power,medium
106,0.9648506881134703,27.705354964307702,2.7705354964307705,45.55109063323919,39.823694097093735,attack,frequency_attack,critical
287,1.0019747897184776,25.459812242129583,2.5459812242129587,54.123473258028525,34.41485371886573,attack,frequency_attack,critical
510,0.9726796596236041,25.12704225926674,2.512704225926674,50.11296572158672,37.25970144138635,normal,none,none
356,1.0261211074579866,33.18168513720148,3.3181685137201478,49.96323455601065,39.62129062703923,normal,none,none
959,0.9955985326033667,30.102281763067293,3.0102281763067293,49.99650981611625,23.52733695674923,normal,none,none
935,1.0371461887881446,29.532596728921813,2.9532596728921816,49.90673764612862,40.53823038847362,normal,none,none
997,0.9505527836154594,35.16895134122297,3.516895134122297,49.98862210424816,32.04700796312528,normal,none,none
289,0.7085308719988543,30.086446467551674,3.0086446467551675,50.09619944397081,33.435269916167805,attack,undervoltage,high
264,1.004234819207652,19.172301961491527,1.917230196149153,50.07606890778428,39.232099995070364,normal,none,none
351,1.272469544720256,21.822438774634918,2.182243877463492,50.12162483989389,36.52009680888396,attack,overvoltage,high
16,1.014175800121356,69.57437655297898,6.957437655297898,50.077512190436686,34.957419950516595,attack,false_power,medium
2,1.014187796631176,63.037585814560536,6.303758581456054,50.01352633511184,42.93490360529082,attack,false_power,medium
990,1.0023813550568923,26.438084114566497,2.64380841145665,49.9830391082948,32.3713565050709,normal,none,none
98,0.9884589154011256,25.48600213627496,2.548600213627496,49.95996112067513,49.4298359511516,normal,none,none
39,1.0118657753640274,94.68785805688871,9.468785805688873,49.929667736081804,39.31955368273977,attack,false_power,medium
830,0.9688683631244601,34.024666183144376,3.402466618314438,50.04943122111492,39.30803297157105,normal,none,none
553,1.0004327480152502,26.57720423676645,2.657720423676645,49.85821460740728,37.86089372333966,normal,none,none
555,1.0571010672639949,17.072501456451256,1.7072501456451257,50.08638981341275,30.70113446505728,normal,none,none
614,0.98293167485718,23.07445839518305,2.307445839518305,49.940207635817416,36.266224032648246,normal,none,none
504,0.9837162985494348,28.554562715528785,2.8554562715528786,50.02801144772358,42.33359172115454,normal,none,none
718,1.008447683850804,22.92618660337243,2.292618660337243,49.97358748435509,38.338514287002944,normal,none,none
427,0.9869610224526919,27.910669530319296,2.7910669530319296,50.012150887687746,44.38019767075835,normal,none,none
238,0.978677592798342,24.051949499816907,2.405194949981691,45.593296194289266,44.541649291080205,attack,frequency_attack,critical
77,0.9900805361856464,39.56322831763771,3.956322831763771,49.91583577491755,43.075166145426095,normal,none,none
126,1.0169650996175468,28.077134137183375,2.8077134137183375,50.13405827409859,38.615729404457795,normal,none,none
268,1.039317951047987,55.62484752717805,5.562484752717805,50.039302607032944,32.577121630761965,attack,false_power,medium
450,1.0184748371586572,28.044554290784237,2.804455429078424,49.97735203175361,22.200691529255188,normal,none,none
177,1.0038330858395024,20.624631944071936,2.0624631944071936,49.95140993840553,44.016284331937,normal,none,none
690,0.983566319955573,39.43605558575685,3.943605558575685,50.04559787139075,45.802129853559,normal,none,none
780,0.9990226459341692,16.598505843173733,1.6598505843173734,50.080557293790974,23.377029585684763,normal,none,none
220,1.0109114110724255,26.683958291582016,2.668395829158202,53.032763860430244,31.112010692609118,attack,frequency_attack,critical
720,0.9991416521009931,24.194938709952197,2.41949387099522,50.03269337986196,31.6863214263101,normal,none,none
152,1.0306816373833063,27.104889960809913,2.7104889960809917,52.53354536660799,30.403842146382917,attack,frequency_attack,critical
162,0.9921085749023836,73.91743675744796,7.391743675744796,49.96507837126726,34.69372317449039,attack,false_power,medium
643,1.0053783134479597,14.091236776843687,1.4091236776843687,49.89163067171181,46.19603064001764,normal,none,none
37,1.2822192826410608,20.95447654980143,2.095447654980143,49.96032150371177,39.92005477482314,attack,overvoltage,high
891,0.9751123624648589,24.928621598929624,2.4928621598929626,50.099366480078025,24.189029275940985,normal,none,none
971,0.9688492986183147,27.197942340054585,2.719794234005459,49.905401385119106,44.65859770134388,normal,none,none
800,1.022567253464457,32.81681306609252,3.2816813066092525,49.93115113545857,27.180245027498223,normal,none,none
141,0.9950928421120159,29.145750859591324,2.9145750859591324,46.2171754463008,44.684494539294604,attack,frequency_attack,critical
405,1.0158660420278909,30.288950439589957,3.028895043958996,50.11527583887419,40.571466167439326,normal,none,none
343,0.9916843895326471,22.00050305585745,2.200050305585745,49.90577665397716,48.814660527537036,normal,none,none
118,0.9538895462154973,75.1241886657566,7.512418866575661,50.025905581708436,26.197044655197935,attack,false_power,medium
411,1.1883558467017905,23.619374511817327,2.3619374511817326,49.978858839382674,33.087724757003826,attack,overvoltage,high
110,0.9992182250446411,34.98620597297992,3.498620597297992,50.04273072063098,31.853372524566083,normal,none,none
453,0.9872316970462003,86.65819182620551,8.66581918262055,49.939310749843415,44.31808352835038,attack,false_power,medium
587,1.017227632153032,24.950460503027895,2.49504605030279,50.05391776945195,34.127345775338185,normal,none,none
0,1.0247942926512774,24.657156792148257,2.465715679214826,50.10065155820355,31.451712906214325,normal,none,none
319,0.7260290030780201,26.821543767012596,2.6821543767012597,49.915334896550796,50.36416383769903,attack,undervoltage,high
222,0.976967865829245,16.128371107405403,1.6128371107405404,45.04550512953509,41.21572103660096,attack,frequency_attack,critical
102,1.253250188079028,25.239517147084896,2.52395171470849,50.053047056040654,40.129280744381965,attack,overvoltage,high
794,0.9984624535423515,21.1140742519579,2.11140742519579,49.89453517195727,35.50214778788723,normal,none,none
233,1.0114939380445875,28.707404152261432,2.8707404152261433,49.822613945099626,38.10669413263393,normal,none,none
417,0.7288436539881251,21.458656802757627,2.145865680275763,50.05951556802164,37.84366707655839,attack,undervoltage,high
650,1.0014842510136992,27.736959617256534,2.773695961725654,50.10269663678438,24.283253830016527,normal,none,none
449,0.9614663282185145,15.422412081771327,1.5422412081771328,49.85479061225199,34.745056733083224,normal,none,none
918,0.9846767640892099,28.001214745948023,2.8001214745948024,50.160307377478006,38.965994076640996,normal,none,none
472,0.9866499270918141,24.62428040423366,2.462428040423366,49.99894676342396,35.876799585467694,normal,none,none
44,0.9868935399441454,22.919122133259734,2.2919122133259733,49.99401884755603,44.61138715188338,normal,none,none
929,1.004415136453951,24.18686434811333,2.418686434811333,50.21071783069562,37.905348459409396,normal,none,none
827,1.017801973491908,23.084905483746503,2.3084905483746505,49.861166486422206,35.47015465431609,normal,none,none
496,0.8465423297786454,15.774543351518528,1.5774543351518528,50.027474761209305,47.96744854216769,attack,undervoltage,high
991,0.9845410125259911,28.574398749039815,2.8574398749039815,50.03231107083065,23.187613863684135,normal,none,none
346,0.7187926632321401,7.524669424557267,0.7524669424557268,49.90134209852242,24.134734479303855,attack,undervoltage,high
432,0.993791925529365,22.435288960910235,2.2435288960910236,50.025292071426406,26.620372313811707,normal,none,none
219,0.974767512237674,28.558535319002775,2.855853531900278,50.03693386821898,29.759930644646563,normal,none,none
186,0.9958626778684739,25.575566695053944,2.5575566695053946,49.991669043655406,32.37551451442273,normal,none,none
627,1.0585219067257068,18.189253558348067,1.8189253558348069,49.990441037843695,28.102418481512657,normal,none,none
668,1.0268498317257158,29.33035353534569,2.933035353534569,50.16742439680232,45.416427394650825,normal,none,none
162,1.0096417967679023,26.578032320049324,2.6578032320049325,49.97397728174341,27.368270904942165,normal,none,none
493,1.026904793117364,32.46651335622453,3.2466513356224533,50.119050402060786,27.33773086493568,normal,none,none
674,1.0396698594541776,26.421723009593883,2.6421723009593885,50.07699151388883,32.93040146608016,normal,none,none
73,1.0157316017986977,26.68935841625483,2.6689358416254834,50.031656429272765,35.19251449113321,normal,none,none
458,1.0132575622789068,23.565239360399243,2.3565239360399244,50.066890884568075,31.829550868755238,normal,none,none
890,1.0017375869024085,28.17175516378489,2.817175516378489,50.028912319867715,24.375353596436042,normal,none,none
673,1.015600501900605,21.3986041214336,2.13986041214336,50.21281597876216,36.00243354040523,normal,none,none
567,0.9852264191627792,25.305258163140774,2.5305258163140776,49.99737770814906,36.09350025781374,normal,none,none
235,1.0292732356618914,71.66538593852073,7.166538593852073,50.130947727390016,36.88779342202784,attack,false_power,medium
420,1.0122040602811686,27.295541017625688,2.729554101762569,49.8919398113932,50.51047424144366,normal,none,none
663,0.9812321439946131,27.16974277399261,2.7169742773992613,50.05057969873875,32.57731981427358,normal,none,none
292,1.0003034246590456,55.34425924262343,5.534425924262344,50.12162868092984,39.5737404413339,attack,false_power,medium
348,1.002427666897443,13.349782268069227,1.3349782268069228,50.103999314808,24.47237430921573,normal,none,none
93,1.0083318204043124,28.378682515735928,2.837868251573593,50.04412037674484,29.342552726634715,normal,none,none
498,1.2931892597132086,19.460127331095023,1.9460127331095025,50.09338680785211,32.53900237862888,attack,overvoltage,high
119,0.7556593269666892,19.934671739250383,1.9934671739250385,50.093809999705634,34.04614206538272,attack,undervoltage,high
601,1.0375980242062557,41.0361136972568,4.10361136972568,50.06824525042885,31.253422929495088,normal,none,none
471,1.0021260007456911,21.015638817439314,2.1015638817439313,50.02217832596804,41.32676539379633,normal,none,none
623,0.9973958280710253,25.036055411159886,2.5036055411159888,50.00687994903193,33.93774136486008,normal,none,none
195,1.0478657245750211,27.58733479915697,2.7587334799156973,46.23485585403124,27.152787269463943,attack,frequency_attack,critical
484,1.0011635979417994,22.406032153887555,2.2406032153887554,49.966508506686395,30.926681958327627,normal,none,none
401,0.9851232752757034,21.077670080241358,2.107767008024136,50.04766824572355,38.2014257849279,normal,none,none
468,0.9552553184614195,24.436999458076155,2.443699945807616,50.12677380907531,29.259092482460073,normal,none,none
51,1.0297570836725545,17.92648755465227,1.792648755465227,49.89439503659473,49.805727620594304,normal,none,none
458,1.0049211216298657,20.172313831275474,2.0172313831275477,46.27373967102234,28.287897304756818,attack,frequency_attack,critical
22,1.026597609537243,29.434492355774886,2.943449235577489,50.19614487314835,38.47197206411824,normal,none,none
805,0.9942015615644118,27.567683363982596,2.7567683363982596,50.11768327564941,42.064909319680105,normal,none,none
414,1.1491834180756075,27.650927992430187,2.765092799243019,50.06621035034352,27.33163594099068,attack,overvoltage,medium
13,1.2541279094707163,32.92511929485749,3.292511929485749,49.980939293597146,51.21787683865238,attack,overvoltage,high
31,0.9974479293412152,91.59598692589582,9.159598692589581,49.92521257278621,25.437639602146554,attack,false_power,medium
525,1.0075096964998886,32.30106613591553,3.2301066135915537,50.10343812079522,34.861550032322405,normal,none,none
898,0.9986964051852967,34.73974602041403,3.4739746020414035,50.02799480459652,36.07881516850999,normal,none,none
14,1.0187833908860788,10.894231684347757,1.0894231684347757,52.687352929165975,36.299660878425044,attack,frequency_attack,critical
445,0.9882742450241978,71.76511520962526,7.176511520962527,50.11118234802177,28.741747036204206,attack,false_power,medium
274,1.0411413706333812,67.37320541308455,6.737320541308455,49.97908738333885,35.968476346325026,attack,false_power,medium
163,1.266484997072597,24.344423020159592,2.4344423020159596,49.80560075753628,41.839006277856676,attack,overvoltage,high
961,0.990003459070573,35.0156797290809,3.50156797290809,49.90456027613946,32.189016909837775,normal,none,none
291,1.0456584287820305,27.6004595154983,2.7600459515498303,50.01149093200745,38.07351269896307,normal,none,none
996,1.0015393046706214,32.56617550127724,3.2566175501277246,49.914611340528886,45.65990674071314,normal,none,none
377,1.010353651949896,24.434977582276705,2.4434977582276707,54.25916970182428,35.807880434362076,attack,frequency_attack,critical
353,0.8831155538070219,21.605069304000708,2.160506930400071,50.053640623992884,37.99817709096941,attack,undervoltage,medium
55,0.7021047187112613,25.817718050891017,2.581771805089102,49.81012874220137,35.022034117919844,attack,undervoltage,high
448,0.9748221811216587,22.860271901938326,2.2860271901938325,49.95368036158219,39.092488592995856,normal,none,none
129,1.2167094009527093,20.691743268985196,2.0691743268985197,49.882465471840156,38.15525921416135,attack,overvoltage,high
460,1.1958850597653812,34.011693297564655,3.4011693297564656,50.08108216572555,34.46151028129105,attack,overvoltage,high
960,0.9763936871511207,24.35490330737569,2.435490330737569,49.92190460641445,36.51503259259486,normal,none,none
69,0.9800673614962738,58.79782821639845,5.879782821639846,50.15975599091829,38.22175369026615,attack,false_power,medium
478,0.997156684513833,30.584964489338056,3.0584964489338056,49.99755354920889,30.14947526886158,normal,none,none
516,0.9602774356354747,20.554702694437434,2.0554702694437434,50.12639462247151,31.51184780414689,normal,none,none
389,1.0381507216950638,18.525138400419223,1.8525138400419223,50.00260449782485,44.969196375538516,normal,none,none
64,0.9766602386351011,23.030421437773185,2.3030421437773185,49.97953300047649,26.67224801366391,normal,none,none
416,0.9719499292079069,24.746720110102657,2.474672011010266,50.054937896523626,34.32064715201493,normal,none,none
153,1.0241630678600726,28.058950531151613,2.8058950531151616,50.068392517255106,24.800994933829017,normal,none,none
19,0.9846088719344323,19.582928219639314,1.9582928219639315,49.93808960947258,24.79195777606379,normal,none,none
993,0.9876364207137969,30.836674402201762,3.0836674402201765,50.12275221450598,36.3248240992059,normal,none,none
12,0.7208865219906373,34.0464348561443,3.4046434856144305,49.960210815786915,40.61063187212063,attack,undervoltage,high
45,0.7321024690911941,26.22812908755652,2.622812908755652,49.878144008394045,32.976586061138114,attack,undervoltage,high
869,1.0034175193188528,35.60550599543441,3.5605505995434417,49.92638713335583,36.29044797130978,normal,none,none
20,0.8328331884488629,19.39918880707876,1.9399188807078762,49.869089087689474,25.519090868932302,attack,undervoltage,high
455,0.9998807165950546,19.56964758138306,1.956964758138306,50.052070509600355,31.457074716697623,normal,none,none
448,0.8810772830602343,19.36277198076929,1.9362771980769289,49.884583289635124,33.50234605650296,attack,undervoltage,medium
194,1.0037517182704296,25.88058193955441,2.5880581939554412,50.0725514576932,43.290290907931336,normal,none,none
395,0.9944639680248724,90.70782631590507,9.070782631590507,50.1214356778526,34.22910837842234,attack,false_power,medium
422,1.0000191779423522,24.96437056439833,2.496437056439833,50.218139382853245,35.97452191170242,normal,none,none
402,1.0003327392805546,26.696354893908957,2.669635489390896,50.06661624614642,32.95256729046186,normal,none,none
421,0.9974610812928649,25.151497571538712,2.5151497571538712,50.00335599800146,47.332975754909846,normal,none,none
111,0.9786704766752515,77.1714283773215,7.717142837732151,50.02737973528095,37.72505498634443,attack,false_power,medium
113,1.0058771443102124,68.69177013735157,6.8691770137351575,49.96028846281554,37.908419119237685,attack,false_power,medium
823,0.9573580574754612,23.904277932188556,2.390427793218856,50.00410980351237,38.55375874039223,normal,none,none
631,0.9942924669204287,23.465649260074088,2.346564926007409,50.119236465582404,35.133606966820714,normal,none,none
72,0.9969898363337105,26.166286623076928,2.616628662307693,49.954702465501754,20.010650625695007,normal,none,none
276,0.9783869998094028,90.90815578878846,9.090815578878846,49.89394631621897,36.962683951141294,attack,false_power,medium
184,0.9872685369974185,27.717602416384544,2.7717602416384546,47.14268847441278,27.99805739070731,attack,frequency_attack,critical
848,1.0139303016439543,24.914654151043482,2.4914654151043485,49.88424877648783,42.108240226873384,normal,none,none
238,1.0028510524657155,23.24401711129891,2.324401711129891,50.013662051872195,45.03320778108787,normal,none,none
335,0.9879750816449109,28.949715950970756,2.8949715950970756,45.219288066196704,24.33288222262148,attack,frequency_attack,critical
557,1.008563053228542,27.489806296793077,2.748980629679308,50.03658570994945,28.925795228275206,normal,none,none
318,0.9923289152538798,26.29223744655879,2.6292237446558793,47.79570011935215,44.40791682899672,attack,frequency_attack,critical
70,1.0239876520449107,39.58510831894797,3.958510831894797,49.957836514466244,36.65765380968541,normal,none,none
320,1.003673284531128,30.38952079489869,3.038952079489869,50.071645071613275,23.933355351888935,normal,none,none
670,1.0150735114434366,26.398935407342886,2.6398935407342887,50.12598551577328,25.214646153345253,normal,none,none
681,1.020887634425696,24.765741964941817,2.476574196494182,49.99092884511531,35.24535387476332,normal,none,none
494,0.9793940556126024,30.130687457663516,3.013068745766352,49.83913429361841,28.68186742150719,normal,none,none
667,1.006097157808479,17.483995544748545,1.7483995544748545,50.13799071918365,35.95906003540542,normal,none,none
784,1.04105084254583,19.07116251428258,1.907116251428258,50.05544258472708,46.68301640569026,normal,none,none
202,1.215003224731281,24.865252178371918,2.486525217837192,50.023034203381926,43.447771199215005,attack,overvoltage,high
447,0.9945693090248898,21.44736579754364,2.144736579754364,49.85245944112121,41.39898207222276,normal,none,none
160,1.0072803251225881,24.206081117148564,2.4206081117148566,50.10104269983787,44.462656281237535,normal,none,none
17,0.8213538791295119,13.475488559109081,1.3475488559109081,49.99056918955491,33.26461934506702,attack,undervoltage,high
293,0.9905726599238001,23.420861232913477,2.342086123291348,49.93548816875675,38.117238437900674,normal,none,none
685,1.007489143374535,32.53927048049934,3.2539270480499343,50.077713972906025,30.658262658031767,normal,none,none
150,0.9985004058359506,22.157327494028923,2.215732749402892,50.041594691454854,24.37431255418204,normal,none,none
259,0.9818040587649483,29.377598322136627,2.937759832213663,45.95275975707807,28.493928195677178,attack,frequency_attack,critical
973,0.9912356430830473,23.143381457639762,2.3143381457639762,50.007463258044815,44.083228665651475,normal,none,none
441,0.9912679453880997,24.909546798706092,2.4909546798706095,50.03620781676331,33.733674546934516,normal,none,none
729,1.0187712257929344,22.589434624498658,2.258943462449866,50.02562411878842,47.6371082930127,normal,none,none
706,0.9687501883691375,22.909793935535305,2.2909793935535308,49.99864965098329,45.13738818889894,normal,none,none
266,1.0157642788005523,25.93268305964493,2.593268305964493,49.954609142764134,39.12580953002142,normal,none,none
31,1.0076173566368076,31.045838544880233,3.1045838544880233,49.987589006085415,41.48109577798867,normal,none,none
439,0.9807847947914797,22.459934319843505,2.2459934319843504,53.50955997357006,30.26668547559433,attack,frequency_attack,critical
412,1.0299117844724337,24.82509613682147,2.482509613682147,49.89097128196471,39.4584320737413,normal,none,none
894,1.008201229484239,22.099620185745227,2.209962018574523,50.04086989244036,35.60446099714415,normal,none,none
209,1.1627165107522581,24.73597141733895,2.473597141733895,49.90658137190699,39.04733167380829,attack,overvoltage,high
466,0.9358521175579076,22.64234918092583,2.264234918092583,49.93797260953552,23.74480880377213,normal,none,none
474,1.1667936211376873,27.0224059928894,2.70224059928894,50.22599274097464,24.68193281919369,attack,overvoltage,high
159,0.9963289486291381,26.850063058869715,2.6850063058869718,54.52291908649316,22.51881348520002,attack,frequency_attack,critical
548,1.0213430591878345,14.731550396148169,1.473155039614817,50.12789308636736,33.35513677078984,normal,none,none
566,1.010584414953708,14.580628569720133,1.4580628569720133,50.14945029051372,34.733480293881854,normal,none,none
10,1.018811822375098,30.922224401016344,3.0922224401016347,49.98588036049117,38.199691899993155,normal,none,none
719,1.0186602494611088,27.616315542172,2.7616315542172,50.133887790076045,39.28212454570273,normal,none,none
401,0.8192492728036612,23.52411710506463,2.352411710506463,50.016800592523076,38.25201397801213,attack,undervoltage,high
646,0.9982167403235381,20.03647609033336,2.003647609033336,49.92324788209427,42.60519734123639,normal,none,none
877,0.9792635260284651,24.80208321238147,2.480208321238147,50.202213885364436,33.34634400262019,normal,none,none
746,1.002979730234454,30.03658734747425,3.0036587347474253,50.034684821188364,27.897389778867222,normal,none,none
355,1.156736850128287,25.37318115819736,2.5373181158197364,49.88107987656753,46.04375654726357,attack,overvoltage,high
187,1.2004003105449907,20.265452192573463,2.0265452192573465,50.04401269804324,38.44227101730671,attack,overvoltage,high
360,0.9585511739045482,27.424936533551413,2.7424936533551416,49.94485537043574,28.364003339775863,normal,none,none
168,1.0083979391327824,29.53695322555046,2.953695322555046,50.062496421039484,39.0851244213216,normal,none,none
366,1.022809752765557,24.469507331531837,2.4469507331531837,49.95169755292602,28.73566584477485,normal,none,none
942,0.9996795406446634,31.359507006156583,3.1359507006156586,50.065747537630756,37.75229057789462,normal,none,none
963,0.9782559619305579,26.506347414793137,2.6506347414793137,50.09976389322498,19.774450689506995,normal,none,none
41,1.001314878823037,26.663343003506178,2.666334300350618,49.99460149568813,32.24340416594952,normal,none,none
787,1.006548728537754,29.067804834520487,2.906780483452049,49.99691736303494,34.900269091215414,normal,none,none
2,1.0032047418248948,26.943271461695026,2.6943271461695026,49.96780334217385,28.44206544712658,normal,none,none
284,0.7204730164853461,31.004706988993473,3.1004706988993473,49.980879219956016,34.18294394764827,attack,undervoltage,high
235,0.9882059272563924,26.975795985507297,2.69757959855073,50.090717950383606,48.993816945912386,normal,none,none
325,0.9874169554618878,21.64356996886605,2.164356996886605,50.06069038261659,30.47580782716454,normal,none,none
455,0.7261487484652515,22.46081790210297,2.246081790210297,50.00891044177088,28.647336551376494,attack,undervoltage,high
198,0.803867168027255,21.17505734553691,2.117505734553691,49.966146530833505,43.493880502995765,attack,undervoltage,high
324,1.0121114565520375,29.002505484573135,2.9002505484573136,49.80334251805594,33.7951723897955,normal,none,none
479,0.989791920879962,23.614548276131938,2.3614548276131937,49.84998944205621,39.973587918252804,normal,none,none
353,0.98274105149337,24.79803742658801,2.479803742658801,49.958268595899376,24.6906521590802,normal,none,none
112,0.7333739318317072,24.94073855502195,2.4940738555021955,50.065163891877035,35.15913260159304,attack,undervoltage,high
239,0.9754592176691449,78.14797244865696,7.814797244865696,50.226159685327026,22.79528246462876,attack,false_power,medium
636,0.973823901150376,29.797036777617755,2.979703677761776,50.098977507039976,38.277665850599675,normal,none,none
121,0.7787583688076141,31.30839197056278,3.1308391970562783,49.90210669359818,42.86210726747112,attack,undervoltage,high
297,0.9925633039465231,16.60546633366909,1.660546633366909,49.97962688969834,19.002522191658613,normal,none,none
872,1.0012009139707847,22.39716350114815,2.239716350114815,50.059097763875116,25.58237879727862,normal,none,none
373,0.9522395428046837,24.309164068502422,2.4309164068502422,50.10030722623933,32.958865430703966,normal,none,none
319,1.007184536089428,24.14557787142941,2.4145577871429413,50.01401341900888,26.839564823326548,normal,none,none
417,1.0136739294671344,27.826680105352175,2.7826680105352177,49.89932469785738,43.45726500926086,normal,none,none
783,0.9731048249349881,19.50791348717204,1.9507913487172042,50.19441180391238,34.62805606238514,normal,none,none
368,0.9826210510637792,26.42207085904653,2.642207085904653,47.83520884677061,33.903498519865586,attack,frequency_attack,critical
518,0.9519400355539831,27.735740474910543,2.7735740474910546,50.108460456937,21.728276785570777,normal,none,none
193,0.98673292066582,24.94644520435707,2.494644520435707,49.86716436395929,30.942971586553806,normal,none,none
285,0.9944464021065881,89.59499275697041,8.959499275697041,50.087144523066584,38.15663814675176,attack,false_power,medium
910,1.0007678740529462,23.568771281658602,2.3568771281658605,50.012116072629404,32.9076526244541,normal,none,none
172,0.8311246491959099,28.80743644517402,2.880743644517402,49.963041676692924,24.063300398045374,attack,undervoltage,high
241,1.0256078199754415,18.400365506191825,1.8400365506191827,50.004363138216874,19.33033288457282,normal,none,none
88,0.7753357661120128,23.812228909542625,2.3812228909542625,50.111486963427495,46.643690380545536,attack,undervoltage,high
301,1.005622593564154,25.384924494832195,2.5384924494832197,46.014992414426786,23.840410798046733,attack,frequency_attack,critical
147,1.0192426473821374,18.95100220138239,1.8951002201382392,50.17064929652487,44.21854950639543,normal,none,none
624,1.0020084901459543,24.332314302615803,2.4332314302615803,50.02868623788605,36.72115350551293,normal,none,none
23,1.0400060768151898,25.861070366574392,2.5861070366574395,47.716383837629095,34.34353233084566,attack,frequency_attack,critical
249,1.0333389075952386,67.77655869081667,6.777655869081667,50.131944998737964,44.55041860554196,attack,false_power,medium
472,1.2044247146298952,27.643505626447052,2.7643505626447054,50.121236968267354,37.915904788577265,attack,overvoltage,high
748,0.9924225359408672,26.058643913108916,2.6058643913108916,49.81252932427073,33.30177455774082,normal,none,none
83,1.0189270726931554,30.140115980843547,3.014011598084355,47.83711767599939,34.919659089326984,attack,frequency_attack,critical
444,0.9641135327255925,20.659993218665313,2.0659993218665313,45.43928593327104,29.90288727728597,attack,frequency_attack,critical
867,0.9972074605149156,25.450849263301127,2.5450849263301127,50.04068061599056,41.242430524486295,normal,none,none
121,0.978213065069466,17.01547436091191,1.701547436091191,49.97775094033438,38.04898956398257,normal,none,none
56,1.1211216924842728,22.58561359189633,2.258561359189633,49.9765843206379,45.1140512864649,attack,overvoltage,medium
542,0.9954696926766752,22.474026771956513,2.2474026771956512,50.12680767945393,21.94305712253041,normal,none,none
296,0.9979333317361543,89.79928711328246,8.979928711328247,49.99535397374833,40.12074731251747,attack,false_power,medium
936,0.9684161191668578,27.305577774741902,2.7305577774741905,50.074411750648906,32.54661370928162,normal,none,none
123,1.170092781844533,26.768835355711808,2.676883535571181,49.83913931216002,23.801378723515192,attack,overvoltage,high
35,0.9747839044574883,31.71017932019714,3.171017932019714,49.93066575331989,40.790153218598945,normal,none,none
950,0.9930669684056118,24.237081312142127,2.423708131214213,50.03858963419497,27.193772307362817,normal,none,none
154,0.9910753947761972,30.30354845390557,3.030354845390557,46.8992769373557,38.27014979908348,attack,frequency_attack,critical
0,1.14294954622745,31.438566819834982,3.1438566819834985,49.997354179992506,27.40751137903124,attack,overvoltage,medium
913,0.9610964040723385,32.72651520781464,3.2726515207814644,49.840367523731814,35.99529599306279,normal,none,none
488,1.0494409302859702,17.147162093172,1.7147162093172001,49.92515322255429,45.869838747730896,normal,none,none
176,0.7009102703603352,20.44393620048684,2.044393620048684,49.94958609311554,30.712355818124827,attack,undervoltage,high
686,1.0024998456615248,36.27519268354494,3.6275192683544937,49.94472344299244,34.91892412165279,normal,none,none
245,1.0332874949121664,25.404683978233255,2.5404683978233256,46.249372439056046,32.23127115990972,attack,frequency_attack,critical
251,1.0244679356369932,12.952610105660721,1.2952610105660722,50.183862307939734,33.10058084989358,normal,none,none
292,0.9981127189502577,18.524019582855885,1.8524019582855886,50.11001330180195,28.939485715408892,normal,none,none
904,1.005560979436852,25.951465851826377,2.595146585182638,49.94512516926726,29.378406666986333,normal,none,none
314,0.9933167240549192,22.50306535294863,2.2503065352948632,50.0920045979471,17.242704424321815,normal,none,none
987,1.0001303442104013,29.588114074905164,2.9588114074905167,50.007313647503565,40.81945050363076,normal,none,none
903,1.0120512004264597,19.900474792997887,1.9900474792997889,50.0367239862476,38.36946008504879,normal,none,none
62,0.9859608287216793,21.56550573583514,2.1565505735835138,54.77759917987049,44.85731604095372,attack,frequency_attack,critical
802,0.9784836163358841,29.097664746558,2.9097664746558003,50.10141556878984,41.59565069219721,normal,none,none
615,1.0155419391553795,33.39601111910682,3.3396011119106817,50.111027870749766,35.14593581883078,normal,none,none
92,0.7136340414871467,24.74073043681588,2.4740730436815883,49.8536624624546,41.81802092634624,attack,undervoltage,high
508,1.0057495031027526,23.418392007505883,2.3418392007505884,50.047043983733175,39.57185384630641,normal,none,none
338,1.0103562691618388,32.11297726633458,3.2112977266334584,50.0186650765644,25.85678972546508,normal,none,none
348,1.1408580618366706,13.274545222380585,1.3274545222380585,49.990067796540245,41.08470454025954,attack,overvoltage,medium
724,1.0101576599645763,25.588391409630685,2.5588391409630686,49.88130725584543,44.37480601149609,normal,none,none
205,1.0178308410414905,22.520165319750674,2.2520165319750673,49.754418097361636,31.641270269045656,normal,none,none
338,1.017738596433536,15.520624046194502,1.5520624046194502,53.9205231587869,33.67157634953799,attack,frequency_attack,critical
411,0.9960014384762802,18.189013954721784,1.8189013954721784,50.11151518383487,28.45944185020912,normal,none,none
858,1.016394993837105,20.187944373216748,2.018794437321675,50.04798161475431,39.16203585400008,normal,none,none
120,1.1438993535004243,26.195889847876806,2.619588984787681,50.0108114919148,25.864686962154032,attack,overvoltage,medium
513,0.9829349198198075,21.258006543772034,2.1258006543772034,50.048663924364185,26.885031002674836,normal,none,none
151,0.9550902474673527,24.92212825094358,2.492212825094358,53.71682225514647,32.04859600248337,attack,frequency_attack,critical
431,0.9953147281278918,16.04910224851389,1.6049102248513891,49.986219894200254,24.09704922455449,normal,none,none
540,0.9885262576550589,18.391584616787387,1.8391584616787389,50.06376411579742,29.342377447223527,normal,none,none
689,0.9891405439194358,14.312613469578665,1.4312613469578666,49.959073686758614,24.60211155542762,normal,none,none
520,1.0064106094908813,29.812744514296973,2.9812744514296976,49.876665625999514,30.09036330600833,normal,none,none
327,0.9403814073242003,23.604835105008952,2.360483510500895,49.98405530255109,24.351284490540117,normal,none,none
453,0.9651753387024342,29.31724185610684,2.931724185610684,49.94865021254901,36.13614325818041,normal,none,none
380,0.7259477710804941,20.003274707549192,2.0003274707549195,50.222204959754116,42.55669299076096,attack,undervoltage,high
246,1.0010948418026702,25.053415491227828,2.505341549122783,50.08077727485573,45.84438358666835,normal,none,none
954,0.9907736873539293,25.83945325169406,2.583945325169406,50.142213560696,43.817928778677164,normal,none,none
435,0.9871064388138391,17.931059752709782,1.7931059752709784,54.850595757072604,42.602997567204454,attack,frequency_attack,critical
434,1.2393263147523923,22.644809853353326,2.2644809853353327,50.01076467727196,31.638675562477534,attack,overvoltage,high
832,1.0267682757731638,22.529984298207832,2.2529984298207832,49.80321141095199,26.395025696106217,normal,none,none
849,1.0032703933023992,14.76722756529732,1.476722756529732,49.840575373019185,30.428477387959656,normal,none,none
852,1.0142400322601843,25.996772394939622,2.5996772394939622,49.9666695180828,34.78973402248891,normal,none,none
988,1.0092778249713683,22.613483618137234,2.2613483618137233,50.13659673555825,48.34407614569253,normal,none,none
265,0.9961582859039779,35.40400585535242,3.5404005855352425,49.97783862754755,24.427371790801153,normal,none,none
900,0.9826032313315449,15.585132071747289,1.558513207174729,50.115676729522335,41.49917528125411,normal,none,none
200,0.9701772968095518,20.11673349964279,2.0116733499642794,50.10059347633226,23.41954878759823,normal,none,none
712,1.0089810335718594,34.09304547253555,3.409304547253555,49.9326269102402,31.923217395671852,normal,none,none
797,0.9986120902962641,22.913344199827442,2.291334419982744,50.18547182634533,33.3997056600318,normal,none,none
181,0.9809391893789466,20.61564032146423,2.061564032146423,50.06924411799972,39.60687228722085,normal,none,none
272,0.9971211448955506,21.63700709311922,2.163700709311922,50.13622293032455,35.51234066542329,normal,none,none
352,1.007171263728219,29.32948100633267,2.932948100633267,49.79077740777012,41.367002691722824,normal,none,none
392,1.0012431584961532,27.073889175903638,2.707388917590364,49.963698424387836,40.21066769189184,normal,none,none
50,1.0471081172501981,19.521985175656404,1.9521985175656404,50.12749584344523,34.52556897617738,normal,none,none
762,0.9991528425292692,34.59810802357219,3.459810802357219,50.04397630058625,54.005461404492735,normal,none,none
438,0.9906291716427464,21.120322759416013,2.1120322759416013,50.04540429083234,21.27007102628256,normal,none,none
196,0.9989830168007513,24.501294277687766,2.450129427768777,50.046782527167565,27.321635717135344,normal,none,none
53,1.0256960459226423,85.6758181700742,8.56758181700742,49.97453864237092,27.561485351450845,attack,false_power,medium
728,0.991019730818949,21.893692899440747,2.1893692899440746,50.10163182204057,34.91216037983314,normal,none,none
865,1.0156910431509656,19.865169610334917,1.9865169610334918,50.00238511643687,33.30212717562138,normal,none,none
442,0.9924253187450147,29.885494032871144,2.9885494032871147,50.03737569315884,35.730151411147816,normal,none,none
393,1.0007586871630878,19.924776134273934,1.9924776134273934,50.07708067661231,31.855722644407322,normal,none,none
349,0.9946706164553297,20.238613740577637,2.023861374057764,52.3494590701997,26.201336609842947,attack,frequency_attack,critical
350,0.9925211583896048,90.93978189151852,9.093978189151853,50.186968082701426,40.41312886701569,attack,false_power,medium
404,0.9984367462765488,29.79924923166253,2.9799249231662532,49.977531304041555,32.71485505516894,normal,none,none
217,1.0434113885998828,19.926293038251572,1.9926293038251572,49.754250087289954,34.92400380942394,normal,none,none
204,1.0316253111904348,19.72538446174285,1.972538446174285,50.05035007024716,41.1839571605063,normal,none,none
250,0.8165837252257198,18.056259846130498,1.8056259846130498,49.99494599054813,21.084584484336407,attack,undervoltage,high
354,0.9991596808767124,20.87705338793197,2.087705338793197,49.998454803020934,36.877768157601786,normal,none,none
39,0.9929350897394812,18.501679720588008,1.850167972058801,49.86701984527843,28.018631325981435,normal,none,none
281,1.0185659089185575,16.879605721562502,1.6879605721562503,49.91431952739084,36.241409200303735,normal,none,none
676,1.0336811109398683,28.926365882536516,2.8926365882536516,50.080033935077786,46.35128783945437,normal,none,none
99,0.9811096825967657,60.77920450284023,6.077920450284023,49.98729650194903,47.363067373146905,attack,false_power,medium
186,1.2463064799769736,28.436877514283804,2.8436877514283805,50.1025174904583,31.335986263971254,attack,overvoltage,high
73,1.2895140472876385,29.130752455673345,2.9130752455673345,49.97425069097755,48.1159501239398,attack,overvoltage,high
161,1.0169851777731014,24.578498389038096,2.45784983890381,53.42085396510314,41.061945183289254,attack,frequency_attack,critical
634,0.9951478966564172,24.12231177750681,2.412231177750681,50.1186213570551,42.09931753683973,normal,none,none
314,1.0076758297680857,29.74151798397708,2.974151798397708,53.81395756042828,32.83705429138363,attack,frequency_attack,critical
279,0.9800448901889298,20.894006302109236,2.089400630210924,50.054234066372345,27.819707312149134,normal,none,none
791,1.03104467543311,31.746651558401446,3.174665155840145,50.167432388191564,50.5535716655069,normal,none,none
110,0.7497192483383225,16.105006263844558,1.610500626384456,50.00092549225861,28.462223674946408,attack,undervoltage,high
345,1.0151942800641405,27.756018466618567,2.775601846661857,49.99779137107525,43.26794958867911,normal,none,none
737,1.0441488602751554,13.739253362883302,1.3739253362883304,49.97245717119521,28.33103154558308,normal,none,none
142,1.2124667908182762,24.082328917906743,2.4082328917906746,49.977795368784726,32.28559295703207,attack,overvoltage,high
225,1.001435860136814,21.717959055350757,2.1717959055350757,47.21155981378575,20.247324888976195,attack,frequency_attack,critical
436,0.995997742381926,20.134351279145662,2.0134351279145664,50.04129058700661,39.50188784463531,normal,none,none
37,1.0029971836363445,33.7535865726002,3.37535865726002,49.91559644511818,21.70595115717594,normal,none,none
730,1.0277252974239812,26.068066270463618,2.606806627046362,49.730019598177655,35.90887782062667,normal,none,none
223,1.0315719701457475,26.433646967827258,2.643364696782726,49.85911645547428,16.90232149169826,normal,none,none
190,1.2802863398703987,26.184783153164076,2.6184783153164077,49.87954879239942,33.3007330631819,attack,overvoltage,high
206,1.0153247737495388,23.489202090121264,2.3489202090121264,49.96735626447344,32.973623928496735,normal,none,none
840,0.9687550995749588,29.3197029681193,2.9319702968119303,49.99628048091432,42.36424341958683,normal,none,none
27,1.0174868792480407,36.24913128965674,3.624913128965674,50.10792770175462,37.707944955847346,normal,none,none
424,0.9824657512137746,16.863755321658978,1.686375532165898,50.014443352816045,30.67492764098148,normal,none,none
441,1.2134451629539256,19.4615295218953,1.9461529521895302,50.27115183333949,24.236417228313464,attack,overvoltage,high
269,0.8601922059702067,29.71209475033126,2.971209475033126,49.95881611664604,31.22697767396472,attack,undervoltage,medium
367,1.0263696136722809,82.20082466058942,8.220082466058942,50.020087785111194,40.790148794624685,attack,false_power,medium
786,1.0241800621436274,26.570274208028994,2.6570274208028994,50.05342484593768,30.231756898682242,normal,none,none
337,1.264861502817536,26.75669645140458,2.675669645140458,49.927996901926456,37.42167471866363,attack,overvoltage,high
125,0.9740132690393749,27.65048653902856,2.765048653902856,50.15905709684156,40.09477000337294,normal,none,none
838,0.984282819930331,25.12100395962112,2.512100395962112,49.95187907344696,18.900533411918886,normal,none,none
123,0.9904279284575568,24.830227757361367,2.4830227757361367,49.758019520780415,41.67331133515431,normal,none,none
803,1.0098194683293225,34.264426015528244,3.4264426015528247,49.88905812773294,41.823756320153976,normal,none,none
381,0.9883537328923918,16.601062619152238,1.6601062619152238,50.13565976884326,36.56183166534166,normal,none,none
259,1.014896944525128,25.606252598147275,2.560625259814728,49.94894561677016,25.85579607853041,normal,none,none
632,1.0179038539459466,25.66184802243848,2.566184802243848,49.98646346842078,22.606192816780563,normal,none,none
264,1.2541397442767983,28.626642981729283,2.8626642981729287,49.918234556077394,41.38890205832879,attack,overvoltage,high
283,0.8289725295693506,30.47643890144238,3.047643890144238,49.99245746173848,39.82575554599827,attack,undervoltage,high
751,0.9770333932011438,28.474178501005206,2.8474178501005207,49.96739698471554,44.62011412654623,normal,none,none
243,1.0123063724736334,90.15357663053808,9.015357663053809,50.016229692469224,31.79517233365822,attack,false_power,medium
675,0.9577388945858583,18.88560119098112,1.888560119098112,49.924988202732784,48.8549969522834,normal,none,none
61,1.0092531286447712,26.835596988735194,2.6835596988735197,50.06331947608921,20.724848370780826,normal,none,none
745,1.0281568823274796,28.4262535894691,2.84262535894691,50.03907160406224,33.29939658620276,normal,none,none
104,1.03227852222913,28.969493477482384,2.8969493477482384,50.162975400785434,32.48678889395107,normal,none,none
28,0.9861368985223169,32.64595568408819,3.2645955684088195,49.91332441104405,29.681173781584263,normal,none,none
125,1.0139013558002703,23.909303040773782,2.3909303040773784,45.01933084537155,37.23650776093127,attack,frequency_attack,critical
124,1.013585757960458,69.4470047326069,6.94470047326069,50.12573240913981,52.78102130088478,attack,false_power,medium
589,0.9952684158640148,24.985233020478397,2.4985233020478397,50.229336483262806,37.880573182141234,normal,none,none
66,0.9745180114604713,31.879716345949777,3.187971634594978,50.02404944206298,22.307490946488244,normal,none,none
391,1.0115809317156141,27.890251648675346,2.789025164867535,49.82428175921797,39.495720586134475,normal,none,none
612,0.9780824851409436,27.226808734569662,2.7226808734569663,50.02043239777725,26.19821761491108,normal,none,none
101,1.0105867397276038,26.769299606915776,2.6769299606915777,50.07450930717324,41.79523167784299,normal,none,none
744,1.0224449456610607,31.594673562119112,3.1594673562119113,49.97672438148455,47.97197185428643,normal,none,none
480,1.1419983084728762,19.027295013619806,1.9027295013619807,50.0004525721128,31.558703808701473,attack,overvoltage,medium
227,1.0131071870612345,32.79409044459047,3.2794090444590474,49.997475710417284,41.98919113840726,normal,none,none
182,0.9906664688767349,12.015013808366078,1.201501380836608,50.106370291624124,26.75973903045476,normal,none,none
213,0.9956812286291958,26.60751515425806,2.6607515154258063,49.84453677738205,38.277940899417914,normal,none,none
267,0.9806794658807052,28.443421157351075,2.844342115735108,49.80810981177671,27.037295555678867,normal,none,none
46,1.0192059725804017,27.972198886374706,2.797219888637471,54.60857197398549,29.285790736693254,attack,frequency_attack,critical
330,0.9882712130122585,89.11227173417927,8.911227173417927,50.13727109794923,38.67572683554265,attack,false_power,medium
49,1.0146935410015887,62.753040175626914,6.275304017562692,50.070313425864526,36.976736041856014,attack,false_power,medium
55,1.0001234896100615,28.57476841032611,2.8574768410326112,50.184161976151486,35.507889014934335,normal,none,none
239,0.9955483955692701,27.745436414415458,2.774543641441546,49.82903234482218,36.062560281462396,normal,none,none
108,1.000611322326626,18.333128309820804,1.8333128309820805,50.24741991845699,25.75321554822125,normal,none,none
561,1.010429001881251,18.65755238700001,1.8657552387000012,50.062115384244336,59.62728394072105,normal,none,none
486,0.9991662021156649,33.08361181759913,3.308361181759913,49.91487048693093,31.940474256807903,normal,none,none
232,0.9859705011740935,18.83576061927021,1.8835760619270212,46.533940372758025,24.091735137612538,attack,frequency_attack,critical
605,0.9985380027320595,28.798416202413833,2.8798416202413835,49.9807535678228,31.30480976441243,normal,none,none
300,0.993046306859577,27.993978968296204,2.7993978968296207,50.01611139204715,41.04938534490832,normal,none,none
315,1.0271351786124199,16.689402881594994,1.6689402881594995,49.96295822773602,42.642556285767796,normal,none,none
905,1.0455151214627956,16.184978625853525,1.6184978625853526,49.74405436646423,39.43425463708465,normal,none,none
679,0.9538669309281826,18.33503258005303,1.8335032580053032,50.04442336744868,27.333089141313117,normal,none,none
277,1.0060741980835064,29.612978137469845,2.9612978137469845,54.88039153705422,39.13692573562702,attack,frequency_attack,critical
150,0.7494658870045062,28.847891144262856,2.884789114426286,49.9040886120359,34.44786053074251,attack,undervoltage,high
294,0.9698693676831316,16.92603028875982,1.692603028875982,50.09984558294945,31.263999191553467,normal,none,none
770,0.9829717080544627,37.21301303102143,3.7213013031021434,50.12540865109659,48.96626619744814,normal,none,none
208,1.189548330692486,19.575598716522585,1.9575598716522586,50.009185798295654,53.93937177954976,attack,overvoltage,high
173,0.9996180607869009,19.322486634998327,1.9322486634998328,50.088843481305034,33.61513589879156,normal,none,none
252,0.7235642405088549,17.91868151168555,1.791868151168555,50.117224573279934,40.570770536148196,attack,undervoltage,high
672,1.0286887941113811,24.79264146448352,2.4792641464483522,50.06566340529763,38.115489248626034,normal,none,none
6,1.026042952971869,25.84430526232612,2.5844305262326124,49.748023322594825,27.19910238717406,normal,none,none
143,1.0279817980069097,21.154256299447376,2.115425629944738,50.092492824350906,27.440463552916682,normal,none,none
281,0.7458042074768756,27.17441382259299,2.717441382259299,50.07257620056374,32.922176922309454,attack,undervoltage,high
146,0.9970714299790127,28.901338565024414,2.8901338565024415,49.878947542383614,30.163697564566085,normal,none,none
407,1.1808794581415527,16.239969066040437,1.6239969066040438,49.86097571932418,31.342424206636675,attack,overvoltage,high
611,1.0083883963328775,13.45163752282402,1.345163752282402,49.952606709294336,22.23290272288374,normal,none,none
426,1.003122835188583,24.281775184293682,2.4281775184293686,50.02138049265734,30.018040751097924,normal,none,none
816,0.9955809309112679,22.674602899128885,2.2674602899128886,50.07681513366862,17.45239380254855,normal,none,none
153,0.9873771098637837,87.13243146132159,8.713243146132159,50.03286734680631,35.33639364596309,attack,false_power,medium
968,0.9887131095069102,21.973528947543763,2.1973528947543763,49.87762076126582,22.090888539824366,normal,none,none
395,0.9999782287672939,23.35270753768924,2.335270753768924,50.08831353271671,38.528549236200604,normal,none,none
707,0.9636475018330408,27.419534907094437,2.741953490709444,50.03631587240795,42.31864486004225,normal,none,none
322,0.9688262033053558,14.630094210471874,1.4630094210471876,50.03315199882862,38.366795474776005,normal,none,none
736,1.0359699004818663,22.324011240594178,2.2324011240594177,49.95579770162834,35.72758569806918,normal,none,none
107,0.9745719280659121,27.611543454788862,2.7611543454788863,50.12870411235948,30.955666264842932,normal,none,none
979,0.9937556944248753,23.294460584698353,2.3294460584698355,50.09015644407754,30.476395960173917,normal,none,none
476,0.993633217362807,20.899266073215667,2.089926607321567,50.045815386232945,46.12387892092786,normal,none,none
564,0.9816415866310412,21.676101021989645,2.1676101021989647,50.06630520053528,35.87345428540785,normal,none,none
361,0.9861067818945229,56.321723713779704,5.632172371377971,50.03272749640724,25.431300592356816,attack,false_power,medium
376,0.9796006883714615,16.804578627167537,1.6804578627167537,53.66601664431466,36.00401811936189,attack,frequency_attack,critical
410,1.0169953952873814,18.67582637898278,1.867582637898278,50.19048921581426,48.44476876521346,normal,none,none
870,1.0008761124383403,24.0094222436448,2.40094222436448,49.92888326217221,29.95836479560572,normal,none,none
421,1.0149046459014237,51.440966842363956,5.144096684236396,50.06597744900907,22.282177188430275,attack,false_power,medium
459,0.9752972582608769,27.36187948454252,2.736187948454252,50.02348725542881,24.90449937896083,normal,none,none
422,1.0135616982273588,28.981630487720327,2.898163048772033,53.62009421124319,43.05561631230164,attack,frequency_attack,critical
16,1.0297071069102985,23.430011236535616,2.3430011236535617,50.11243978049948,42.791901849163494,normal,none,none
412,1.0151667478664388,74.63393689950698,7.463393689950698,49.983665006389,31.995340350756436,attack,false_power,medium
613,0.9868713877535726,22.530086440500536,2.2530086440500536,49.89216056962882,33.21037164001331,normal,none,none
381,1.2253755989535788,18.10489672444536,1.810489672444536,49.97744246002173,45.300328370033014,attack,overvoltage,high
104,1.0001966574149919,96.53598285987675,9.653598285987677,49.9114979933353,34.92449921618306,attack,false_power,medium
304,0.9995833054938889,23.665070448747315,2.3665070448747314,47.22498503138796,36.498642472016634,attack,frequency_attack,critical
258,0.8971728579866304,25.21357401745123,2.521357401745123,50.00509493338628,35.66253110851285,attack,undervoltage,medium
370,1.0300366316916234,27.893225601572688,2.789322560157269,50.070212117465076,55.380568884981315,normal,none,none
408,0.844366340518983,16.66174254582447,1.6661742545824472,50.13762607753536,36.76531280632506,attack,undervoltage,high
479,0.8134184629691791,13.38912664420683,1.338912664420683,50.19870796649541,30.721576542234644,attack,undervoltage,high
415,0.9845931090011795,24.7719076084524,2.47719076084524,50.09631706025092,50.02477842143914,normal,none,none
192,1.0014646869324912,23.62589378161096,2.362589378161096,50.019036724296676,29.499867458498017,normal,none,none
911,0.971349205322527,25.660300978556734,2.5660300978556734,50.08057590179165,49.117916236738886,normal,none,none
328,0.8324300482690243,25.784524174753972,2.5784524174753973,50.04180939199608,38.96030429855968,attack,undervoltage,high
345,1.0010202786107227,78.43920492260813,7.843920492260813,50.03795300469901,35.70164162288837,attack,false_power,medium
977,0.961497906068432,27.162650925443664,2.7162650925443668,49.92607204686913,40.2606699653349,normal,none,none
733,0.9593731858766771,22.866620349583094,2.2866620349583093,49.85927510000046,35.768584410452505,normal,none,none
33,1.000121784541426,26.089067226637145,2.608906722663715,50.06316035778003,31.883568436142824,normal,none,none
558,1.0003541202453485,23.987830797291377,2.398783079729138,50.02971121898247,27.723555175963043,normal,none,none
440,1.010736136059448,27.14568180833323,2.7145681808333233,53.19028450856079,31.99110048320412,attack,frequency_attack,critical
925,1.0022175725437532,30.07666238246599,3.0076662382465993,49.96149644110886,48.82158693522548,normal,none,none
133,1.0113920658208686,24.02688611039403,2.4026886110394035,46.900708054495595,23.73270590413619,attack,frequency_attack,critical
341,0.9808942484599822,81.38770818827231,8.138770818827231,49.943761999663835,19.257175627309827,attack,false_power,medium
357,0.9930812919844452,54.75592247443914,5.475592247443914,49.97109028516394,30.167062189918344,attack,false_power,medium
19,0.799579614758303,32.079570245923136,3.207957024592314,50.00038439701212,20.793137117397777,attack,undervoltage,high
491,0.9945040861306587,57.606355112480195,5.76063551124802,50.00486796006985,25.13497957281117,attack,false_power,medium
723,1.0146575424234607,22.33420005928629,2.233420005928629,50.01832151906181,19.580880390753926,normal,none,none
163,0.9876028515783858,25.119439932867095,2.51194399328671,49.97723887085935,41.05879950832054,normal,none,none
109,0.9645759003939043,64.8675914643489,6.486759146434891,49.96415887245054,24.44925345253813,attack,false_power,medium
32,0.9927761301600967,21.806178764583645,2.180617876458365,50.190112607973745,23.659344529033092,normal,none,none
715,1.0174231247307193,25.311731297159,2.5311731297159,50.06178091306824,32.11964629015487,normal,none,none
299,0.9759656735294007,62.558205953449864,6.255820595344987,50.022052400712795,36.70573766360757,attack,false_power,medium
835,1.0049887401196338,24.787709345777387,2.4787709345777387,49.97128172894362,36.714289042646016,normal,none,none
377,0.9622826728018368,31.319224179858566,3.131922417985857,49.92395171683483,36.826385954226026,normal,none,none
323,0.9813158128634796,84.88188515747447,8.488188515747447,49.943335836227355,36.321779582990374,attack,false_power,medium
60,1.2050717385174856,20.27928759754348,2.027928759754348,50.04426060953005,31.10629429681685,attack,overvoltage,high
68,1.005069321387696,28.807921117023522,2.8807921117023523,49.97066954862069,43.284285905698994,normal,none,none
413,0.7908832610159651,28.605362767399285,2.8605362767399285,50.061721361617955,26.812577002333356,attack,undervoltage,high
152,1.0055320852497172,37.19181492261256,3.719181492261256,49.82835771656789,36.96068614169489,normal,none,none
933,0.9841010988357807,27.24524978801154,2.7245249788011545,50.077278607771625,43.48087739412936,normal,none,none
368,1.0036167551180795,29.642967737886686,2.9642967737886687,50.075058326831524,25.685058658275786,normal,none,none
759,0.9824182830814886,25.69072519834477,2.569072519834477,49.95156288159574,34.45737208762983,normal,none,none
514,0.9857522756453475,22.195656078756752,2.2195656078756754,49.92597554556611,29.418775576791802,normal,none,none
480,1.0075718058619858,31.237099080772424,3.1237099080772426,49.88825548655048,30.234639965441456,normal,none,none
140,0.9940225089305162,32.87942481423936,3.287942481423936,50.08389281556926,50.629250634137634,normal,none,none
400,1.0036902556847624,18.62561531432695,1.862561531432695,46.265213349927436,34.926607452031625,attack,frequency_attack,critical
12,1.008042214769551,24.58870102594056,2.458870102594056,49.8818889377591,31.24547483447005,normal,none,none
899,1.0130993496826985,23.27652151064922,2.3276521510649224,49.94995778894407,48.60520215406382,normal,none,none
531,1.0366228164880251,16.232629417272584,1.6232629417272584,49.972205460371896,38.330809125965445,normal,none,none
654,1.003693413313002,27.140122468720854,2.7140122468720858,49.96108865480595,32.83335492152924,normal,none,none
302,1.000422061571608,21.507401796023423,2.150740179602342,49.92018049097437,35.84728724795452,normal,none,none
124,1.012734637482303,34.93594809426663,3.493594809426663,49.9586206733613,37.46210912498493,normal,none,none
305,1.0143627140888074,80.25810334428895,8.025810334428895,50.24622709196262,30.64488395630193,attack,false_power,medium
560,0.9968317210659028,28.151578285329506,2.815157828532951,49.811771162531585,36.64277462741378,normal,none,none
664,1.0087063727943197,16.208546837225892,1.6208546837225892,49.73725156625339,22.22741011425976,normal,none,none
309,0.990147301757522,27.87657491332537,2.787657491332537,50.138380262465816,38.848659093354335,normal,none,none
127,1.0211198997049937,30.929321608387266,3.0929321608387266,50.03280563651771,34.747198095965025,normal,none,none
847,0.985771686957598,23.454940031199577,2.3454940031199576,50.03664106381229,38.353990630971865,normal,none,none
312,1.2288305154648245,30.335054134579018,3.033505413457902,49.860539681584505,18.298085178084616,attack,overvoltage,high
43,0.9891509120115072,29.894336395115097,2.98943363951151,49.95600630202352,32.40830968980568,normal,none,none
418,0.7712521726906182,26.42946744895739,2.642946744895739,49.875900338111116,42.20267693430183,attack,undervoltage,high
272,0.8478671144760942,23.274005032144032,2.3274005032144034,49.94493308474474,31.204543319802376,attack,undervoltage,high
860,0.9837017028512802,10.919406506224774,1.0919406506224776,49.830955342433946,32.6490569089188,normal,none,none
191,1.0266050240371072,16.967733880621367,1.6967733880621367,49.89285481396254,49.07712529369671,normal,none,none
170,0.9857979802041571,23.700685119390343,2.3700685119390346,50.080379688311346,28.73585680470577,normal,none,none
340,0.9790005668194784,81.68848547710822,8.168848547710821,50.00382225570825,37.91182011104838,attack,false_power,medium
237,0.979307838637201,33.89636008745956,3.3896360087459563,50.15481040462815,48.418141346045296,normal,none,none
764,1.0184648316901679,21.097002214401623,2.1097002214401623,50.01958765632834,35.8108995249378,normal,none,none
628,1.0012394505863964,34.38691920115023,3.438691920115023,50.131170719679105,39.26384415757296,normal,none,none
271,0.9872923480788703,20.177628908085826,2.0177628908085827,50.04466990343198,35.98971553787693,normal,none,none
148,0.959720255166704,21.40000943708003,2.140000943708003,50.04932981006538,44.105622765779,normal,none,none
228,1.0179805558437685,24.106387120698884,2.4106387120698884,50.01762724367469,35.56372624368529,normal,none,none
390,1.0020607687611773,20.123032934629542,2.012303293462954,50.193193186789046,43.87033704819187,normal,none,none
817,0.9855420222198158,24.729471366433796,2.4729471366433797,49.92179565332491,51.845935970356024,normal,none,none
725,0.9852485474416321,29.498929330476543,2.9498929330476544,50.009793645837775,21.748878912677043,normal,none,none
964,1.004712369974281,28.214262963785504,2.821426296378551,50.14361133013785,33.34966335320011,normal,none,none
347,1.0063079176208733,17.46397267684839,1.746397267684839,47.13627201057067,42.431569487480644,attack,frequency_attack,critical
552,1.004555407426473,21.741819435759957,2.174181943575996,50.000677228191456,47.8282372921593,normal,none,none
336,1.0011120603780896,24.726989530163753,2.4726989530163754,49.907183726856495,37.364725431498826,normal,none,none
127,1.0119950072499018,28.95249993098538,2.8952499930985383,46.10464075845702,38.02072733310082,attack,frequency_attack,critical
739,0.9926442454025948,23.992201682935217,2.399220168293522,50.031525537598526,46.03072955412464,normal,none,none
24,1.0523972719944756,21.27976092036772,2.1279760920367723,52.8905748002918,40.57894781443498,attack,frequency_attack,critical
756,0.9922436742345491,29.366748454133702,2.9366748454133704,50.00920651373231,28.20710580914253,normal,none,none
58,0.9907254354405796,27.889552289751755,2.788955228975176,50.12343291870794,30.274954460134357,normal,none,none
156,1.0067111106127475,23.312611066047722,2.331261106604772,50.016273684765565,38.043717352658746,normal,none,none
109,1.0079644211774736,18.592496351051807,1.8592496351051808,49.96391338821252,37.90156338680392,normal,none,none
727,1.0102597731660985,18.793112473151393,1.8793112473151394,50.0389867446835,25.276691721208,normal,none,none
639,0.9908941177575578,15.309972325980002,1.5309972325980004,50.096705204034585,41.814814979076736,normal,none,none
213,0.7352227940313649,28.910472767887278,2.891047276788728,49.83866431543437,31.49442798988441,attack,undervoltage,high
967,1.0022006453925938,18.37641377121551,1.8376413771215512,49.8895371543389,45.06728895404721,normal,none,none
21,1.0249906211412612,26.493814153923005,2.6493814153923005,50.039093827095556,27.73053101232684,normal,none,none
559,1.0052959817629712,17.70065117093514,1.770065117093514,50.10125855184711,32.18230034960165,normal,none,none
30,1.0202074596261113,16.872081229746563,1.6872081229746563,53.9183617220247,39.16908692396497,attack,frequency_attack,critical
452,0.9668911666984853,27.253094828274712,2.7253094828274715,54.22863736249454,32.3761230195701,attack,frequency_attack,critical
218,0.997152045701523,31.793246010381896,3.1793246010381897,49.89300509843901,46.88661472878981,normal,none,none
885,1.0227198524912422,22.591130140749506,2.2591130140749507,50.008342278885365,37.170582827865914,normal,none,none
635,0.9941726590668867,29.32665985636012,2.932665985636012,50.07992431949346,38.23767966133472,normal,none,none
311,0.841730391418132,23.478998161790866,2.3478998161790865,49.81619802418832,48.45178436939045,attack,undervoltage,high
342,0.9687816089615303,26.644794347943865,2.6644794347943868,49.77644883110326,32.53369798826041,normal,none,none
423,1.052954256004925,99.32252333911836,9.932252333911837,49.82246187630203,46.96644684394555,attack,false_power,medium
67,1.1148278691876272,25.748650132093776,2.5748650132093776,50.016267867650534,17.966133727835185,attack,overvoltage,medium
247,1.118348383352913,29.738691596518017,2.9738691596518017,50.00926327034365,40.85400514170439,attack,overvoltage,medium
145,1.0202978000494196,23.811422709983642,2.3811422709983643,49.89962597561361,36.49265072211086,normal,none,none
308,1.147601998051961,30.932303529277846,3.093230352927785,49.931004975769966,37.362878823487584,attack,overvoltage,medium
82,1.0070005731338616,19.67418303553947,1.9674183035539472,54.413337634165224,27.10033416677825,attack,frequency_attack,critical
630,1.0016522065827806,21.25860449048934,2.125860449048934,50.10325803899665,47.077360378289455,normal,none,none
215,1.19969467585167,30.185443545028818,3.018544354502882,50.082621633123495,48.4049546728643,attack,overvoltage,high
11,0.9970288669871041,57.43847936180681,5.743847936180682,50.04165671226551,42.29921355696745,attack,false_power,medium
126,0.9886722866303959,76.4291354485251,7.642913544852511,50.06965253429019,12.138384123122876,attack,false_power,medium
283,0.9954118097778453,30.025852982077183,3.0025852982077184,49.8801545331167,28.77641403619929,normal,none,none
394,0.9848676940289156,24.128796961570366,2.4128796961570367,49.99853742483966,36.88310643922377,normal,none,none
572,0.9915784014614407,23.41316367484768,2.3413163674847683,49.90073538028527,21.061602737112686,normal,none,none
798,1.0179912669103344,21.663271680610915,2.1663271680610916,50.017279205993354,31.429475740326694,normal,none,none
84,0.7522872888313131,26.26906125148714,2.6269061251487145,49.920505789307605,15.789510981178221,attack,undervoltage,high
256,1.037928007713306,27.59764647056758,2.759764647056758,49.925702876795825,46.831070837499134,normal,none,none
709,1.01177729453397,21.346208644549094,2.1346208644549094,49.946123790014376,30.79733581731941,normal,none,none
216,1.0175074513477909,97.9475939391074,9.794759393910741,49.92659354621304,58.08636789904676,attack,false_power,medium
78,1.0076884706381721,31.77765898324376,3.177765898324376,49.93099578013202,30.91450031467891,normal,none,none
254,1.039355144634019,28.01888575269716,2.8018885752697162,50.065315695505795,40.059982310472364,normal,none,none
808,0.9911535192964177,29.776002066727226,2.9776002066727227,50.16404787276575,34.31339895637726,normal,none,none
308,1.0104589363082428,18.096370950791652,1.8096370950791654,50.21415227003362,44.12208811358548,normal,none,none
795,1.010955479399026,30.038902041614932,3.003890204161493,50.04165320849214,28.196501382259477,normal,none,none
875,1.0100706271652686,30.130101424600014,3.0130101424600015,49.85077973406037,48.9225734576842,normal,none,none
978,1.0007070209767812,23.580251479105105,2.3580251479105105,50.07783126480723,33.872873554074346,normal,none,none
388,1.033100690988444,22.824657759352597,2.28246577593526,45.17090029915639,19.59486785779123,attack,frequency_attack,critical
505,1.0206187821549724,18.46431829083955,1.8464318290839552,49.9734383013371,20.07171128482309,normal,none,none
466,1.1160137217105548,21.162689715122053,2.116268971512205,50.05545664476916,39.367764254787424,attack,overvoltage,medium
752,0.9928842980416023,35.03058479135215,3.503058479135215,50.06038389817753,50.868587856512704,normal,none,none
657,0.9857866989218449,27.947612069285285,2.794761206928529,49.88028398636834,35.54612825794815,normal,none,none
684,1.0092868192999436,25.411202981161985,2.5411202981161987,49.90304046292165,34.171399963790826,normal,none,none
290,1.0088650441112845,19.929334904120303,1.9929334904120304,49.91805076274204,39.34288029264705,normal,none,none
928,1.0177592540399725,35.14480295058814,3.5144802950588137,49.971771540153746,46.014150594742425,normal,none,none
155,0.9923202839185529,73.88435414028862,7.388435414028862,49.930123486365964,40.638302452254926,attack,false_power,medium
11,0.9929555985337924,28.41684954265252,2.8416849542652525,49.927342824416314,35.847822603459605,normal,none,none
896,1.0228603127742601,17.386710660659986,1.7386710660659987,49.85004398639584,40.10087278769054,normal,none,none
550,1.0463518882217586,28.1343057204748,2.81343057204748,50.08902960252969,49.49922851430382,normal,none,none
470,0.8451752314186993,26.379225430362034,2.6379225430362037,49.97357139252176,33.966598482862985,attack,undervoltage,high
276,0.9739006512479016,22.489129931233485,2.2489129931233487,50.07281578850296,27.59853089317613,normal,none,none
164,0.9761934816882727,34.22484694897992,3.4224846948979923,50.04440460216502,41.68127111931788,normal,none,none
499,0.8800138742770336,19.612158830328326,1.9612158830328328,50.11668822632619,43.826814594747326,attack,undervoltage,medium
329,1.0285382872289353,19.744869816963174,1.9744869816963175,53.80745374106869,20.413750681514024,attack,frequency_attack,critical
425,1.012003772457188,33.87959222323563,3.3879592223235635,50.06673969756355,31.945418663696472,normal,none,none
951,1.0041340079292425,20.923594501118718,2.092359450111872,49.92675576524159,40.90384415518406,normal,none,none
349,1.0148684380215978,27.692123235579352,2.7692123235579356,50.04677883097314,24.526219817692247,normal,none,none
92,0.987318975357682,20.83099525997339,2.083099525997339,49.991553179220496,28.92820599481167,normal,none,none
941,1.024475207085082,27.900888844450527,2.790088884445053,49.84349185023432,47.0106199593121,normal,none,none
957,1.0007912332694007,33.22099223358484,3.322099223358484,50.10243420957632,43.984932248869384,normal,none,none
337,0.9993035037871792,15.487120784082167,1.548712078408217,50.028636159103165,34.89130490435842,normal,none,none
326,1.0063381150788901,24.372669038147798,2.43726690381478,54.70710859678104,18.027622440105517,attack,frequency_attack,critical
774,1.0134325513376108,17.745294868901347,1.7745294868901347,49.944935157847006,38.37350247313666,normal,none,none
362,1.0246389740754958,27.47696256205718,2.7476962562057183,49.91790307633948,28.542164878615505,normal,none,none
88,0.9796711018311058,28.217513255951747,2.8217513255951747,50.11028854769522,27.015418100396882,normal,none,none
67,1.0298187565007784,20.29944653426874,2.029944653426874,50.02582310976163,37.93493934655481,normal,none,none
493,0.7236177284350249,22.290771939832624,2.2290771939832625,49.950458642193404,27.31561897629875,attack,undervoltage,high
523,1.0130201215692818,31.03660292308935,3.1036602923089354,49.91257310244884,35.2899574207863,normal,none,none
934,1.0612141191756697,31.54100203718142,3.1541002037181425,49.88712710127093,45.12089655622178,normal,none,none
341,1.0235490700794536,29.245450866164433,2.9245450866164435,50.14409798491424,39.32194780006515,normal,none,none
771,0.9952253623162634,31.35321945795543,3.135321945795543,50.27047230920811,43.79318679659829,normal,none,none
606,0.9938524437496458,33.903090310639406,3.390309031063941,50.00245181546251,20.388651771413365,normal,none,none
947,1.0000576288704464,20.380599391966456,2.038059939196646,49.96219642071595,25.249718584807265,normal,none,none
174,0.9757409972315586,27.558661169482516,2.7558661169482517,50.22700472780549,25.310097602119203,normal,none,none
985,1.035032387544467,14.293821783017307,1.4293821783017309,50.09793761626764,35.437805732220426,normal,none,none
483,1.0320209940245315,55.47041108057132,5.547041108057132,49.91562775422741,38.26422770887952,attack,false_power,medium
229,0.9773411698748511,28.930753511320972,2.8930753511320972,49.987215103526076,28.126088540574553,normal,none,none
212,0.8859286438904573,33.9669740008568,3.39669740008568,49.972907810746136,35.881030453004605,attack,undervoltage,medium
618,1.0331403724679151,21.163706356009264,2.1163706356009264,49.65375414868811,34.80607665310303,normal,none,none
331,1.024075575028711,16.019265525117568,1.601926552511757,49.819052786902276,44.11194099891216,normal,none,none
944,0.9766298533428686,21.871066782203172,2.1871066782203172,49.93821440038183,42.798426840666835,normal,none,none
581,1.0009296683409594,25.84439841099758,2.5844398410997584,49.94134026297214,41.93816745582627,normal,none,none
100,0.9740446053696482,23.369910034142563,2.3369910034142563,50.02127750250447,46.90446023052531,normal,none,none
956,1.0331542556661435,29.534242453289526,2.9534242453289528,49.875276842798854,29.4181011126901,normal,none,none
949,0.984761570069025,22.140091113061064,2.2140091113061064,50.03972820281412,31.87881126206847,normal,none,none
107,0.9921480782111469,85.30446049000437,8.530446049000437,50.02294862991093,38.461429962279084,attack,false_power,medium
175,0.9916315410263067,74.64483687339117,7.464483687339118,49.92880764337026,38.979143300232096,attack,false_power,medium
355,1.0098809932995627,29.22386864806285,2.922386864806285,50.0736984071562,25.83223535749853,normal,none,none
74,1.015182860163551,29.143819457448057,2.9143819457448057,49.8827971490445,37.117624795154235,normal,none,none
539,0.9782629574972793,24.555126392495694,2.4555126392495694,49.94258996105597,37.86710816926152,normal,none,none
660,0.9994429569344515,29.152402409981327,2.915240240998133,49.894011340289566,30.314368256208553,normal,none,none
428,0.8563064281371386,25.803133580740933,2.5803133580740933,50.06825530323827,25.590578026408238,attack,undervoltage,medium
469,0.999858504129359,27.657873719744664,2.765787371974467,49.96935408687468,37.95127064460664,normal,none,none
378,1.1271413849585492,14.869206012095491,1.4869206012095493,50.04514662306044,37.10753747836326,attack,overvoltage,medium
454,1.1618237619772447,27.52633416846979,2.7526334168469795,50.068076524659034,35.30437495518549,attack,overvoltage,high
86,1.0174831094348524,24.2213753114357,2.42213753114357,53.08458391110654,31.084255887946824,attack,frequency_attack,critical
7,1.1834311370449881,27.048646836109114,2.7048646836109116,50.19894263730367,30.737123347288417,attack,overvoltage,high
59,1.0051614485254572,25.31461460159854,2.531461460159854,50.151571166713296,49.31602816875974,normal,none,none
208,0.9991070491158401,30.607451660553334,3.0607451660553338,50.04429711469578,25.61548604928687,normal,none,none
492,1.0151380119263784,15.786209014196313,1.5786209014196313,50.12321508601741,36.74865189530807,normal,none,none
135,1.0259990800138639,27.129115232300254,2.7129115232300256,50.00105611087713,29.336611092833056,normal,none,none
357,1.0327368596553745,22.1046510274043,2.21046510274043,50.122355618321,34.0487590942695,normal,none,none
768,0.9829603097032268,24.875382236387225,2.4875382236387225,49.97896022789436,48.71647241632806,normal,none,none
47,0.9918871689023939,22.91589828703648,2.291589828703648,50.08731444525103,44.31685514564995,normal,none,none
15,0.8257341359734875,22.49616081143287,2.249616081143287,50.13939206247129,29.047870941087474,attack,undervoltage,high
372,1.0280005287164797,20.816808745455802,2.0816808745455804,49.965486985085285,37.10766255849198,normal,none,none
310,1.01758508208333,21.232823912438125,2.1232823912438126,49.97108835339151,37.55838914672444,normal,none,none
191,0.8743968026564993,29.56491323407111,2.956491323407111,50.04335550428454,28.92984778778987,attack,undervoltage,medium
74,0.8540026939670068,12.034890761532871,1.2034890761532873,50.06901839573524,31.484798034189435,attack,undervoltage,medium
374,1.293713241324729,14.158796641471735,1.4158796641471736,49.96072888425534,34.154774708175005,attack,overvoltage,high
534,1.0186362369424469,28.62059214661222,2.8620592146612225,50.05738759437756,39.03936710595053,normal,none,none
398,0.985132208120638,18.71950478507247,1.8719504785072472,50.09797880108462,38.7324554170754,normal,none,none
373,1.2178294415737396,21.960060316659938,2.196006031665994,49.850884258875176,50.108797970833905,attack,overvoltage,high
876,1.0173773576044574,34.7670160260522,3.4767016026052198,50.12103873966984,25.484917356699764,normal,none,none
463,1.1470808723089814,11.777719787349996,1.1777719787349996,49.910063603900554,27.96024766906884,attack,overvoltage,medium
822,1.033058934965472,17.365313104519426,1.7365313104519426,50.0079775171996,33.99557716075564,normal,none,none
143,0.7188139208845001,24.851202146070797,2.48512021460708,50.00703505773283,39.160140986768596,attack,undervoltage,high
574,0.9753053429484339,27.71110939544549,2.771110939544549,49.92897588004256,34.632437232363806,normal,none,none
532,0.9977022281641285,25.55506706457776,2.555506706457776,49.989734102566935,26.944539934445814,normal,none,none
554,1.0072520423942954,23.688491285537303,2.3688491285537303,50.15714730408982,38.700350146832804,normal,none,none
192,1.0431280051003449,24.413640536828982,2.441364053682898,46.903940079572855,44.50936037367767,attack,frequency_attack,critical
487,1.2620021439611806,24.152003896670845,2.415200389667085,49.86546279887387,31.05121705211954,attack,overvoltage,high
144,1.2278416892339188,29.660537527251137,2.966053752725114,49.95952826373227,34.5510820881046,attack,overvoltage,high
562,0.9797051083678581,27.43914345567377,2.743914345567377,49.94027314732925,37.43723078504157,normal,none,none
254,0.9506707288746686,50.33406087414124,5.033406087414124,50.067934573216625,38.99600434472789,attack,false_power,medium
383,0.8871441207202571,29.20131851417951,2.920131851417951,49.922763121473814,27.172488919841324,attack,undervoltage,medium
273,0.9833858657307687,19.46437144760298,1.946437144760298,50.04305709442839,19.921167630077356,normal,none,none
753,0.9962632363912352,20.678314819178823,2.0678314819178825,49.90352484002282,53.08894591713599,normal,none,none
87,1.2260263032252556,32.36702492156278,3.236702492156278,50.143659424683825,38.50494022849227,attack,overvoltage,high
859,1.0131337636638047,28.248841853160716,2.8248841853160718,49.83709589544713,52.46436179178335,normal,none,none
722,1.0218458294011823,24.63918834835915,2.463918834835915,50.0349250803326,32.34380628651685,normal,none,none
185,0.704113919846887,25.924971817916393,2.5924971817916393,50.130495719101766,24.75750653215534,attack,undervoltage,high
408,0.9950607893881647,15.159795151318646,1.5159795151318647,49.78494464491405,44.610089919928626,normal,none,none
442,0.9606143852612736,82.83520903140757,8.283520903140758,50.08050909360525,39.95620880581785,attack,false_power,medium
930,0.9946702200221288,24.299135039251524,2.4299135039251527,49.982224184739415,35.028937729063514,normal,none,none
831,1.0269344398718703,20.162859773272512,2.0162859773272515,49.93642382136005,26.44700401918983,normal,none,none
766,1.0189820560630187,25.191018729392233,2.5191018729392236,50.10861950229304,41.27037444380226,normal,none,none
485,0.9862419065584748,23.23655711307485,2.323655711307485,49.90178051616434,27.25477859028651,normal,none,none
527,1.0118005610382617,28.535588652356306,2.8535588652356307,50.083611895247735,25.51542024822532,normal,none,none
361,0.9743761301735939,22.12874348504851,2.212874348504851,50.0061282542478,34.253976718725696,normal,none,none
415,0.9932920302045216,79.87217283823966,7.987217283823966,49.98152625949827,48.78072579402397,attack,false_power,medium
166,0.9854820712871378,20.139340255747875,2.0139340255747875,50.04808316528,24.46703408829285,normal,none,none
958,0.9994594791218001,26.98492471374385,2.698492471374385,50.055771487668615,35.28443537615475,normal,none,none
652,1.0159523593808883,19.966968846267118,1.996696884626712,50.151116145976104,31.661399906035868,normal,none,none
405,0.9870962440285262,56.31066770783449,5.631066770783449,49.999066314468685,35.75811216639081,attack,false_power,medium
447,0.8500631098465653,31.438679705290763,3.1438679705290764,49.912832019207414,39.892143629048164,attack,undervoltage,medium
763,0.9771007259908393,28.61694708733835,2.861694708733835,49.98683072103271,36.66009365727797,normal,none,none
71,0.9194067411869166,14.515319611486415,1.4515319611486417,50.11514571292455,39.24186969925989,normal,none,none
496,1.0306861437727066,25.39912477304748,2.539912477304748,50.09908225889836,47.74491084194377,normal,none,none
247,1.0218138907991183,21.816483575621678,2.181648357562168,50.10516996617787,31.11901385907691,normal,none,none
35,0.7994849220595683,20.230935792166928,2.023093579216693,49.977319584338666,28.225978960306158,attack,undervoltage,high
320,0.9950974705528322,40.024479195231024,4.002447919523102,46.740196569681935,29.348148265790527,attack,frequency_attack,critical
224,1.2138689217509246,28.90367646923059,2.890367646923059,49.90852598556897,28.736964369853936,attack,overvoltage,high
811,0.9782068030635962,19.015372390491514,1.9015372390491514,50.12988929076232,24.51028003637083,normal,none,none
573,0.962839936486959,22.15701064392227,2.2157010643922272,49.96339517858677,40.89621647215364,normal,none,none
226,0.9823005804062684,23.021905943699238,2.302190594369924,49.92437441190484,41.848491491344696,normal,none,none
919,1.0043369124157766,28.350937058669402,2.8350937058669405,49.90727104871165,40.75285456937401,normal,none,none
931,0.988021656524811,18.39656225680626,1.839656225680626,49.954500014302326,29.8035620313671,normal,none,none
210,1.008001006751529,31.681006366951458,3.168100636695146,50.22240625161304,43.68423882868697,normal,none,none
851,1.0228905241848045,26.841566006079603,2.6841566006079605,49.829019817821816,40.91020664078841,normal,none,none
810,0.9897510419644379,22.736864444382828,2.2736864444382827,50.12664659856976,42.63101672316174,normal,none,none
178,1.0127521343892456,18.69603156686724,1.8696031566867242,49.91063558122768,41.944614303111734,normal,none,none
544,0.9914659188616866,27.917379055661787,2.791737905566179,49.91977399886237,38.371382167607145,normal,none,none
111,1.0215663678687876,28.82559600967254,2.8825596009672543,50.06484822185496,27.41626675506039,normal,none,none
179,0.9849673958789318,16.977780584486148,1.6977780584486148,50.22230613612271,27.3719590794898,normal,none,none
792,0.9689554054114367,28.342283283595435,2.8342283283595435,50.05412390002962,28.664471069899196,normal,none,none
89,0.9799940418536719,26.70450705916806,2.670450705916806,49.96809114520658,34.496955501207054,normal,none,none
287,0.9853621974865103,33.49604437208694,3.3496044372086944,50.1762152510298,39.597549312243004,normal,none,none
586,1.0067836890877968,21.840534891933153,2.184053489193315,49.919332846082206,29.94973484079476,normal,none,none
149,0.9943434033708581,19.062951143083342,1.9062951143083344,45.384127871434444,26.235438630616425,attack,frequency_attack,critical
18,0.7991627339181817,19.727635556180783,1.9727635556180783,50.04765523950984,34.400528277709554,attack,undervoltage,high
886,1.0021967307564243,15.73786459629537,1.5737864596295372,50.133736962756856,35.22846651283328,normal,none,none
217,1.2478028810969686,34.362775261703526,3.4362775261703526,50.011594437936154,40.07179923745491,attack,overvoltage,high
311,1.0079170440582335,30.95914105347747,3.095914105347747,49.88262418350877,31.634911704432703,normal,none,none
103,1.0392581236216292,20.044246809094705,2.004424680909471,49.8339189677083,40.02523912815276,normal,none,none
165,1.0162501427620165,62.43953648503706,6.243953648503706,49.920464459360275,43.2640067725896,attack,false_power,medium
547,1.0124524557502612,28.94602044182166,2.8946020441821663,50.11498273964689,41.08455080374498,normal,none,none
843,1.0006431224858026,17.33575988837328,1.7335759888373279,50.026490281794985,24.385740942252706,normal,none,none
358,1.0222099364415833,96.67797418380664,9.667797418380665,50.06906061378676,44.46408852988761,attack,false_power,medium
321,1.0166379241928984,34.70337507495233,3.4703375074952336,50.069811766280125,40.97266033976521,normal,none,none
529,1.022398855935018,25.65156049270418,2.5651560492704184,49.981380530029625,26.74213643592138,normal,none,none
346,1.0528726616071566,22.02260167806076,2.202260167806076,49.88729726658732,24.711655147770728,normal,none,none
862,1.0090978062236076,16.54110345437648,1.654110345437648,50.03371990271556,44.54712495236803,normal,none,none
981,0.9882282705774142,27.4860082576881,2.74860082576881,49.941341407621856,43.083427532935005,normal,none,none
946,1.0394276758368954,22.545077544145563,2.2545077544145564,49.87518042618465,47.15049798456698,normal,none,none
120,0.9840876385519735,23.039003146883417,2.3039003146883417,50.051244420369834,28.31235258900349,normal,none,none
323,0.9610112729767829,27.491405407464317,2.7491405407464318,49.920496057993574,42.25263518091097,normal,none,none
468,0.9727687258457871,86.70985271659958,8.670985271659958,49.9651179428106,30.095389096928372,attack,false_power,medium
194,1.2083906661123796,25.18550686294943,2.5185506862949434,50.140774873729164,27.466835967785386,attack,overvoltage,high
286,1.0026215758164005,21.83117778076858,2.1831177780768583,50.02902411346295,40.80087208833775,normal,none,none
565,0.9919775239096188,27.085613838845553,2.7085613838845557,50.1005921646955,34.47617190639712,normal,none,none
387,1.0373918121048042,61.01752771307757,6.1017527713077575,49.98424812605826,35.54517249537041,attack,false_power,medium
