sample_id,voltage_pu,solar_power_kw,frequency_hz,temperature_c,label,attack_type
0,0.9680819210362585,17.204930201483336,49.90110644923501,28.5684662255414,normal,none
1,0.9786512566166372,23.85914239897114,49.93441219060686,30.178126616784375,normal,none
2,0.9949202918622965,15.145348385700132,50.12010049480883,35.38609606061428,normal,none
3,1.0016016124427911,22.36519595862803,49.91447665108674,29.20284295518421,normal,none
4,0.9815906394587657,29.006882985851924,50.13020503398247,22.964854330325647,normal,none
5,0.9838918301146957,14.505484240590942,49.96105107645204,29.52377296394478,normal,none
6,0.9961940067499787,23.732808113085014,49.918837210143565,6.243553780645502,normal,none
7,1.0222239971657194,20.201297591642604,50.04488099632577,27.781195450449182,normal,none
8,0.9944052260940243,10.20691439779138,49.99361675171057,24.91893243777302,normal,none
9,1.0096593727100662,3.1366283012845644,49.921488225188924,17.86466917016105,attack,power_manipulation
10,1.016385002673727,15.588395185964,50.07421509354834,23.380601986630193,normal,none
11,1.2782363279834286,15.2884714167711,50.10167196125917,32.17534649284747,attack,overvoltage
12,1.0099991230288983,18.41392310236815,49.92682040157921,27.872074984082712,normal,none
13,1.0310916469553644,7.449707274490908,50.00937786515176,18.275638254504038,normal,none
14,1.0001919441392086,1.6233279063271993,50.22974617578489,21.79094951077415,attack,power_manipulation
15,0.9790586648245544,2.1150940387104633,50.086554760279874,37.31266733878576,attack,power_manipulation
16,1.0170447551747308,15.497316829411762,49.92258328578103,21.996878283814606,normal,none
17,1.2463745436837874,18.699951609497447,50.204565154111286,15.679613234549022,attack,overvoltage
18,1.006874795887174,9.647545035194034,49.99281448436301,27.556436491142684,normal,none
19,0.9938491210626627,19.649336043891974,49.9688840753817,33.1446171083642,normal,none
20,0.7775418827851007,17.832595309713373,50.30192418118013,23.02226168783386,attack,undervoltage
21,0.9958523773621089,17.29682604485093,50.09208205489735,22.340855743366347,normal,none
22,0.977730744645693,18.078195992066355,49.88343884795214,19.387160416573202,normal,none
23,1.0262468574306263,12.912359515951422,50.181051399173924,20.78836974799264,normal,none
24,0.9928624460644997,17.57725928059108,49.985308445558424,22.61739003976758,normal,none
25,1.0009312617768658,19.675703247623385,49.95791187130939,25.110600173656643,normal,none
26,1.0193025402196223,19.511405629361576,49.94639385698512,4.681857497288423,normal,none
27,0.9875729698125046,13.300559456917872,49.92206419484457,13.138060214090496,normal,none
28,0.9747856795816311,17.14845869803659,49.8464846789269,21.132672621342135,normal,none
29,1.0031438888497388,18.59480587392076,50.060563618783185,25.5633662419652,normal,none
30,0.817120977486733,25.26283041599985,50.17518113045644,31.210302406531213,attack,undervoltage
31,0.9778005337382959,22.503275709125727,50.061493257133606,27.940023547468684,normal,none
32,0.9943419321086486,28.046970602474346,50.03841714303638,15.304958965855924,normal,none
33,0.9916055657911265,28.19871789068904,49.98570474721912,22.35142172832684,normal,none
34,1.279302833302515,26.248365885611847,50.02223395731159,15.228061332007192,attack,overvoltage
35,0.9838549855244725,13.759204859836784,50.10110554510997,27.102360000241347,normal,none
36,0.9982489770040365,8.511854211668828,49.9969874256262,12.761739321729921,normal,none
37,1.196620727080526,32.93279384466298,50.01282732509886,31.727495672877115,attack,overvoltage
38,1.338123219027376,26.44171119670811,50.15487071995121,26.925028473543644,attack,overvoltage
39,0.8229338053674821,26.483033832442416,50.011934658750214,21.814293030368418,attack,undervoltage
40,0.8197153131915216,13.607355578190504,50.01802643180951,16.35043191314117,attack,undervoltage
41,1.0282420170768372,2.8051469976690386,50.113724465456784,29.329188872651706,attack,power_manipulation
42,0.9957509072990287,16.748868281424194,49.922655341265425,25.30153286555982,normal,none
43,0.995318740117195,26.29877079787402,50.06096796010122,27.103019774113957,normal,none
44,1.0451930804947256,23.300010267614667,49.92877340905719,23.32508531554087,normal,none
45,0.9947215132855043,7.964578007302588,49.8807809763642,20.89225604078441,normal,none
46,1.0016044500401917,30.631874614659544,49.94456573560031,20.23986835804081,normal,none
47,1.030693800761063,20.717027946220313,49.91053217487133,15.305710962840378,normal,none
48,1.198408469026292,17.877062698423284,50.09513022001422,21.041544185727584,attack,overvoltage
49,1.0019235010295668,25.3381791885489,49.84864477988087,36.61478953910267,normal,none
50,1.035915579133721,12.404916520001143,49.905954835094484,28.888030780654113,normal,none
51,1.0115941035110436,22.763123649145474,49.88011717103379,20.81790779854304,normal,none
52,0.9822283209872036,13.161229707719183,50.066113736770895,19.54375753376675,normal,none
53,0.9799370139281238,18.813225957881045,49.99852513015365,23.501058272541886,normal,none
54,0.9863831701461692,12.542965878939185,50.105320876292666,18.37722399782874,normal,none
55,0.6051516388585524,15.11219962759718,49.90928744713704,21.73921779580304,attack,undervoltage
56,0.6337981882160042,20.363445371115628,50.102681212936005,27.554562497875803,attack,undervoltage
57,1.014623429922453,18.922218681685813,50.08196059077732,29.81822015303227,normal,none
58,1.003756854894688,18.850508122074633,49.74342314011104,36.19428551744443,normal,none
59,1.0219855991287485,17.52712215204691,49.99329889203656,24.016946276444084,normal,none
60,1.0242718245395903,1.6874838259136342,50.138295123999825,30.832221482600282,attack,power_manipulation
61,1.0191025549138895,17.69724992770549,50.052050191499845,10.709858497287062,normal,none
62,0.9832894395992999,13.143649646748637,49.996080691448896,13.261513697567784,normal,none
63,0.9622640453128133,23.15605989592347,49.81567796006506,31.269660122887714,normal,none
64,0.9980068833073438,27.124579790335755,50.01977992977616,18.000745370186372,normal,none
65,0.9731497263333193,28.313410920966934,49.988873314714986,41.908892729711404,normal,none
66,0.9864343900550204,20.890626596461274,50.04775806104744,12.596637912516316,normal,none
67,1.0021957443397773,1.762794201158116,49.904012571533684,36.5591941785231,attack,power_manipulation
68,0.9809007543898384,1.6335814657710934,50.03423064048984,27.83907654199042,attack,power_manipulation
69,1.330466450255055,16.447730363439863,49.881132837506264,24.478453258990395,attack,overvoltage
70,0.97361084340487,13.934428970542447,49.924766144092075,12.195319303889022,normal,none
71,1.0256464000006873,14.918734854131554,49.835260659812505,34.42941766706864,normal,none
72,0.9737466533966714,14.336771581104877,49.982051226424204,28.464267887242308,normal,none
73,1.0161519413819733,23.693011757780987,50.07647620122492,22.944021442925536,normal,none
74,0.8310891987904161,18.293103868831004,50.08781544977443,30.587504233351147,attack,undervoltage
75,0.9751360842746819,22.843133689467418,49.9672448911694,21.00910352798385,normal,none
76,1.0213908381599541,18.421340845002007,49.99753797168442,40.38870254243116,normal,none
77,1.0111470984286246,20.33297861095368,49.78809499632249,25.636743693293504,normal,none
78,0.9915144634207642,21.607663650583117,49.95809339172553,20.54698160960634,normal,none
79,1.3852100963152458,26.096459016955453,50.022425141909046,29.107339638622182,attack,overvoltage
80,1.0483404563317784,17.069204651840415,49.93975452018045,32.735319308677795,normal,none
81,1.2467383894159492,21.384920149758997,50.036742242682756,16.547225728407597,attack,overvoltage
82,0.9582143940253093,28.030061318656106,49.845435093224715,22.19649468613029,normal,none
83,0.9919135409070917,20.64641722181681,50.083638906260965,25.96029196202078,normal,none
84,1.0026670106617541,2.0538177377648,50.014643934070634,25.490002798867575,attack,power_manipulation
85,0.6007669813482391,19.187318576237082,49.97688940413186,35.17081071392765,attack,undervoltage
86,1.0075475094225828,15.3751684095244,50.06416895071415,27.417096526600204,normal,none
87,0.9829012200468119,17.253008501525255,49.899816400588584,28.390825163721555,normal,none
88,1.006105595125277,26.874813831158512,49.93594438686503,32.199327846279594,normal,none
89,1.002515855503565,17.529475341782074,49.90753163402713,14.143649338139545,normal,none
90,0.9956152571928952,20.914008836323443,50.03502139473854,48.60855618026225,normal,none
91,1.007491185134371,24.36223935897866,49.81337978350739,19.122238784699455,normal,none
92,1.0214541638545567,30.52625190283236,50.08162522216513,15.604188646619512,normal,none
93,1.0030800276421588,20.568394123208602,50.04904983884415,35.004074070456646,normal,none
94,1.0165187452213256,12.75217416539882,49.99706154671582,8.003644791725652,normal,none
95,0.6152529754010239,17.19740026139223,50.15853480827444,27.535826075639715,attack,undervoltage
96,0.9884507738665645,35.82202795251112,49.87661415616194,31.015691009660365,normal,none
97,0.6201652452101255,13.069983523713486,50.030420921590114,35.603941112061165,attack,undervoltage
98,0.9831089373062235,24.898961212305558,50.0094998823921,33.38289119163993,normal,none
99,1.0416275291287589,17.281311206104068,50.10881540280579,17.55596218135915,normal,none
100,0.9862481123455218,23.750460991930215,50.004497062077874,3.7143537987963064,normal,none
101,1.0020017204787612,23.20343844911024,49.90077599200507,12.855535773582224,normal,none
102,0.9782907086036838,16.553388198118824,49.96633777960089,37.664756820959674,normal,none
103,0.9799738365510808,23.72646687449086,49.87243143301398,44.094503652754184,normal,none
104,1.0190983953638868,25.121336223268752,50.08274651224458,17.356231427367902,normal,none
105,1.011483414274868,26.792481287754597,50.01344647516018,22.005480677315852,normal,none
106,1.1657813464480649,26.972674003136056,50.01825535570122,30.410859994527247,attack,overvoltage
107,0.9999361807109074,26.868604059044046,49.99950876009522,31.76355638647787,normal,none
108,1.019769257483595,20.813366742661575,49.96760879979552,22.720115791044407,normal,none
109,1.0087359073605986,14.823943897295235,49.78015383233859,16.88695110773252,normal,none
110,1.0096603274533147,27.605169252937223,50.01339390850647,25.603844765619364,normal,none
111,0.6767492800665905,16.95681604721229,49.90330309790194,25.57271182664458,attack,undervoltage
112,0.9691643078670316,20.33498796714309,49.785444321603045,22.63384156783828,normal,none
113,1.2680386751416217,14.595892370051583,50.00164270911362,28.40943592261653,attack,overvoltage
114,1.007032146775025,13.458974636631716,50.04817724588888,20.922094360611204,normal,none
115,1.0252042772257262,24.52834493803917,50.073596243134446,16.680003592158478,normal,none
116,0.9890689795854481,20.160992053139417,50.079655459731434,30.107381252233317,normal,none
117,0.7301983460996564,15.626976140780204,50.09904435415158,27.81741000328013,attack,undervoltage
118,0.6316905205779701,24.45175539625987,50.108089031254536,19.797822037682266,attack,undervoltage
119,1.017215226144958,17.469259302016404,49.93102136636183,37.743314614416846,normal,none
120,0.9980083522965085,27.963786547826725,49.92136231089617,20.13059043528924,normal,none
121,1.0175684144319814,25.651502501341486,50.014379877504254,24.532429935704016,normal,none
122,1.3342818323177636,26.73512445346274,50.14131195751063,41.902992175838065,attack,overvoltage
123,1.3153255075679784,23.051315435426773,50.131546873866,20.489436371826763,attack,overvoltage
124,0.9846680950000469,1.9371004088647341,49.98377095611812,24.67952225273422,attack,power_manipulation
125,1.0019849647192465,4.604658586303425,50.01629386043985,34.79989961234216,attack,power_manipulation
126,1.005316253568382,27.271310061561614,50.02824600805084,9.534015704752594,normal,none
127,1.0415812731538694,26.49013144013491,49.830876267983975,21.521766161099762,normal,none
128,1.0124104569859476,17.52205425102959,50.04263352792063,16.3554521557625,normal,none
129,0.7209810266457245,22.042760638601898,49.943397641931725,17.39100491751882,attack,undervoltage
130,0.6689900323931971,25.12373348126996,50.00454567641685,13.344358885474717,attack,undervoltage
131,1.0196394966913294,23.170755670689765,49.921184867328364,21.31008412203989,normal,none
132,1.006509181381193,21.897602889036968,49.95988463061321,17.96468097543038,normal,none
133,0.9667799782246338,20.32070723285357,49.898419044993794,16.58937186438221,normal,none
134,1.381195810948623,20.809763346030074,50.028240601572584,33.087434943703684,attack,overvoltage
135,1.0357637720178585,26.70212137342933,50.0111779880071,25.19400640507451,normal,none
136,0.9789448948477811,4.9216930879791025,50.23437543342631,20.269419862222833,attack,power_manipulation
137,0.9975672492308227,27.24092948399044,50.017238361001176,25.8863172978383,normal,none
138,1.032003370043305,18.29588692944365,49.954193501831256,26.627583625873793,normal,none
139,0.9985476978211287,3.333361063936149,50.15679150360539,18.242057811678055,attack,power_manipulation
140,0.9967053311329032,16.50758147095685,50.08183086820727,30.931207787540032,normal,none
141,1.0010492927681471,19.422395943604194,49.85525840180806,46.57422745870046,normal,none
142,1.0032514404187747,16.590039136419648,49.964001647158895,34.90553789708291,normal,none
143,1.2956409422672333,19.702906013681364,49.84652675066497,33.62860447125105,attack,overvoltage
144,0.9833756172521332,32.166303517011244,50.103526536762416,25.37945294400948,normal,none
145,0.9615570078562165,2.627127661360558,50.101338142250434,29.926798035571764,attack,power_manipulation
146,0.9901112841342538,4.77775767138445,50.11985547679741,27.69217702560226,attack,power_manipulation
147,0.9957059052600277,29.83399710047463,49.9466521245004,19.979249023092827,normal,none
148,1.2949231910001204,25.53627308758952,50.02074401992415,19.002422521518103,attack,overvoltage
149,1.0293226247169516,22.62109433509272,49.98518184720689,24.305861923690635,normal,none
150,1.0185709062150932,14.06588922303304,49.96423637521618,20.910502213530425,normal,none
151,0.9755260021256974,22.021410558146606,50.01418620845093,35.63361835271718,normal,none
152,0.974741371486821,4.712210073363762,50.107541132997184,28.702478573827577,attack,power_manipulation
153,1.0229517131072292,20.56468790183854,49.930806422492175,27.073564201848537,normal,none
154,1.018098784107651,29.284148926420865,50.07012635620172,7.596243984186195,normal,none
155,0.974251817797432,17.147377928330645,50.05721263623193,23.376536406817134,normal,none
156,0.9735692865113071,31.259111491340818,49.86079636462373,19.567461039655953,normal,none
157,1.0182522745623928,16.028722729875668,49.9809243486746,29.854349601752297,normal,none
158,0.984144400700592,23.961461277398843,49.88994825943511,24.122781260491177,normal,none
159,0.7008934893766233,19.914699327636182,50.08816520606424,10.880284357429948,attack,undervoltage
160,1.0006796414529946,22.595178817149943,49.95907330012815,27.116586745982147,normal,none
161,0.9770621471342147,21.297164180506762,50.076136895643344,27.27047592375552,normal,none
162,1.3550667434186838,18.02479094621979,49.989038213428366,18.271100775278388,attack,overvoltage
163,0.995651605539887,2.175608065738791,49.98788487176001,16.631549054076046,attack,power_manipulation
164,0.9644536530449711,25.264117122322006,49.95019005029026,27.46498662152128,normal,none
165,0.9822954019052544,26.17477081248164,50.141580275814086,30.201460571273355,normal,none
166,0.7881112934946951,25.118092365122788,49.94626433637491,26.746887480759106,attack,undervoltage
167,1.3453281588459427,25.939105509159326,49.94822667588847,20.915676390055836,attack,overvoltage
168,1.1750571463001982,28.57635143888711,49.960398135176455,24.145176076520944,attack,overvoltage
169,1.315459298315033,25.589435620889194,49.99336814704452,38.76232881959977,attack,overvoltage
170,0.9968907664724017,17.936281830237178,50.02291939017398,16.237728694960403,normal,none
171,0.9926073446551483,0.08062880932298955,50.098403664098385,30.24995980547557,attack,power_manipulation
172,1.021442426671596,24.87603006048384,50.02433363815032,24.215273756726422,normal,none
173,0.6853361730912394,24.02616753765663,49.96593405526835,30.00428886577899,attack,undervoltage
174,0.9950826487158118,16.986250305827614,49.99154234120695,27.50306947780048,normal,none
175,0.9963459959697757,3.2117353812041003,50.103939954253526,20.602550674068784,attack,power_manipulation
176,0.9975668273580017,21.99959066241815,50.09475778419972,27.807054668079108,normal,none
177,0.9986942906088635,2.5398636999516033,49.82903001680686,15.108790431301507,attack,power_manipulation
178,0.9539160104807973,25.585464408960874,50.00049658033383,28.016450171470538,normal,none
179,0.7085826944168396,17.403845456879672,49.99253010530866,22.88890459239148,attack,undervoltage
180,0.9964094089330148,18.27390562449372,49.91543627697209,45.33824971465462,normal,none
181,1.0136370307951872,0.6661093574957566,49.946159293314494,34.223830941246874,attack,power_manipulation
182,1.291307465242014,16.984259728138966,50.080023336072635,40.609984117900424,attack,overvoltage
183,0.9927608865133499,19.735228377750907,49.91770916742493,22.534708437680543,normal,none
184,0.9810232063802178,10.161828931258954,50.28968406092555,31.07363948704061,normal,none
185,1.0050758815961316,20.316689770749967,50.09034629802994,46.070138183834274,normal,none
186,1.0096091751624479,12.29520571671289,49.9910759875962,19.949370382292642,normal,none
187,0.9833419532943416,25.02062236972784,49.97471433337396,27.49806930011448,normal,none
188,0.9711789385049199,25.148654059672563,49.97105040296386,27.412064539053027,normal,none
189,1.0247482088298656,23.220888174264907,49.946620835054865,14.76209683487367,normal,none
190,0.8394046601270829,15.80155615597669,50.15205765518753,23.42784815548899,attack,undervoltage
191,0.9793829532799231,1.7828890817627223,50.02248012402933,24.55873511337669,attack,power_manipulation
192,0.9885116862763385,25.782411444722804,49.9730024836653,17.472524163880575,normal,none
193,1.01633879316285,15.261390617648624,49.83015042081194,16.198258570854016,normal,none
194,0.6707771809831982,21.319332114665794,50.074558403072956,42.598988451317666,attack,undervoltage
195,1.0086975543982202,19.483138911528478,49.9780304851482,36.005798472831295,normal,none
196,0.969097074941039,22.916249048371082,50.00742017643072,31.843501552105703,normal,none
197,0.9984187325123106,12.521130206528222,49.95565995240461,26.972668571759577,normal,none
198,1.272645083591567,14.776280374372847,49.891827678738984,33.59816839652076,attack,overvoltage
199,1.0174893897748543,27.971811232941683,49.96468558684241,27.039961332580646,normal,none
200,1.000639359247572,21.343652115602232,49.93407947945418,19.746752028150553,normal,none
201,1.382615726814008,23.58472835580541,49.93593160647291,24.466640712928736,attack,overvoltage
202,0.9851466026964041,18.899157798215324,49.94975018032601,38.47419007898774,normal,none
203,1.0026040980290853,22.17156081888613,50.18361279327817,22.23328297030918,normal,none
204,1.0055787360031458,17.83400787097679,50.01214864934479,27.921301399579345,normal,none
205,0.9703624678506895,4.666698517486419,49.944972389923564,23.46768233007225,attack,power_manipulation
206,1.1913141073805593,19.103104876389434,49.972106067744434,26.691382605864693,attack,overvoltage
207,1.0110933660666794,22.067086935781646,50.24822585688188,43.42477921682284,normal,none
208,0.9777350892754152,12.8667862003074,50.09642614523067,20.061066972778185,normal,none
209,0.9479791835528558,13.965864132678528,50.057937931806215,31.298525487381333,normal,none
210,0.9894627356429194,3.4858198711438986,50.07241999065736,21.058299420262145,attack,power_manipulation
211,1.0133213623460182,17.645313288379203,49.99660284779669,18.765460052119522,normal,none
212,0.9833004025491163,2.6785523457871974,50.04408253014053,19.786911676453876,attack,power_manipulation
213,0.9782231949071591,23.641629259069926,49.9433093957527,43.36584751706471,normal,none
214,1.3100086094148702,23.358811299295123,50.025192970680344,23.41534742573295,attack,overvoltage
215,1.032708949643619,12.756352496029026,49.99776443246281,20.979332644467405,normal,none
216,1.0153271181922165,17.621803325366926,49.9748734247177,23.14889800497117,normal,none
217,0.8060529127390528,19.377226756413588,49.904482442739365,18.084047668834927,attack,undervoltage
218,1.0280928987458675,24.651493431834222,50.05922150489962,26.29486045132153,normal,none
219,0.7847843019399566,36.01911846166588,49.984951566347384,34.08823779017503,attack,undervoltage
220,1.0312755992053935,26.548124670881016,49.901767047009166,31.405161400540667,normal,none
221,0.9789728394515993,18.39043435207378,50.048844426122436,28.569799171738737,normal,none
222,0.934688094364721,23.301012417963896,49.98794720399177,19.902913596878463,normal,none
223,0.715079160362772,28.209143687406236,50.0660493580562,29.96905269044072,attack,undervoltage
224,1.3694886586438517,26.37767426685806,49.95773239863801,29.163441347842134,attack,overvoltage
225,1.1664836355182981,14.440810096093381,50.12415706541236,30.592879494737645,attack,overvoltage
226,0.9844274839627939,19.1697556109043,50.05297882830173,23.018605517960623,normal,none
227,0.7950851935599362,14.76673569632447,49.95328909118994,23.30081881946044,attack,undervoltage
228,1.0228892404850123,12.381142744818012,49.987663267853506,18.0500877244406,normal,none
229,0.6317038941581337,18.524633263575573,50.02605863347247,35.908227080959165,attack,undervoltage
230,1.0149788453098094,24.892759280528832,50.17669123933068,37.89337659511872,normal,none
231,0.9973249555335736,0.4387185915447417,50.0365422868438,23.39541100605031,attack,power_manipulation
232,1.0011132006502175,28.50581003897325,50.0075547127961,26.60615315294261,normal,none
233,1.000458294802391,15.871816571521979,49.9715936859014,24.214100554019875,normal,none
234,0.9978760910304345,23.554828441093743,49.7434747370788,30.668158900821773,normal,none
235,1.0391412814215701,19.567844956201636,50.012553912613015,24.354229585631128,normal,none
236,1.185014301015714,20.896164468996623,50.13598700621997,23.72711669956879,attack,overvoltage
237,0.7221079827591596,22.2728450061841,50.20630620798562,31.873662673004457,attack,undervoltage
238,1.0012931617371608,28.137917274167627,49.990878522592,29.706670839249615,normal,none
239,1.383743199976333,14.432953734961382,50.05547266096642,34.12870780473489,attack,overvoltage
240,1.0113324627177591,21.516838600010097,50.126141891531354,14.617685945406071,normal,none
241,0.9710156711726375,26.947765548152866,49.82755645775522,30.186864558798163,normal,none
242,0.9988717356420909,21.70273159790349,50.051568552608074,24.708938449139897,normal,none
243,1.0124029632183251,19.584976234011503,49.90186265275397,19.262803290203408,normal,none
244,1.008126913218103,13.466591266538757,49.99022420096128,17.82342134377502,normal,none
245,1.3770408511260235,15.737725671400804,50.00461050100764,22.5928503908928,attack,overvoltage
246,0.9938146558563418,15.74037349246283,49.89898556008472,15.04083614963495,normal,none
247,0.8166408562065628,18.760667151541025,50.09379149035463,28.20521309083475,attack,undervoltage
248,1.0283959451063183,22.876359742638122,49.980831048382,24.895468673786542,normal,none
249,0.997179218125471,25.326140252586274,50.21890463051391,7.41456609356883,normal,none
250,1.0138960976111084,20.829353317589383,49.87407255892901,14.106754307085923,normal,none
251,1.1525388699484531,25.12054905109161,49.894918892352905,42.46060591549796,attack,overvoltage
252,0.9919799262800877,17.66809697376299,49.95860924117418,35.68028829280854,normal,none
253,0.9933040687519537,20.02794089846842,49.998416427397416,31.806786388407314,normal,none
254,0.9841783224488416,16.260744521276802,49.91338719271683,13.303191895254162,normal,none
255,0.9670680527844769,18.903131938948697,50.15093520191808,16.640507514550002,normal,none
256,1.0548958634721508,2.0097664392804235,49.9179291455537,33.14698594551168,attack,power_manipulation
257,1.0311893672696093,0.6259889499581994,50.108744316405236,25.637965759104173,attack,power_manipulation
258,0.9904561686360847,15.871463719612626,49.96558545044658,24.23761481350591,normal,none
259,0.6442591848781317,19.34179639349599,50.00942127227363,22.949344089311644,attack,undervoltage
260,1.0157070506337238,3.7322436445539644,49.99897522075477,19.087963364960764,attack,power_manipulation
261,1.2853513135902979,23.201748388614547,49.8673856232541,35.19546011139442,attack,overvoltage
262,0.9759331289971444,29.21798867767015,50.117074015221796,25.327402769123886,normal,none
263,1.0074891114872802,17.23455437361535,50.04006391287934,30.066177623840705,normal,none
264,1.160648019759503,26.480436399301176,49.937949185316185,22.650050900930744,attack,overvoltage
265,0.9918621127851085,0.6594803543648292,50.03983575501376,27.771533018440458,attack,power_manipulation
266,0.7448575248347246,15.353137047263221,50.00531230790976,35.76831220461346,attack,undervoltage
267,1.1976945797527265,19.935078631756955,50.04838039365365,21.82908075419952,attack,overvoltage
268,0.9593000384247461,26.719760899308987,50.294414334617166,22.15067121160573,normal,none
269,0.996751472288622,20.05822550498629,49.93339268334008,29.03585749769143,normal,none
270,0.985467504738149,15.860606933054573,50.051425737941535,31.695617015479165,normal,none
271,0.9736713630983864,0.24208924102768203,50.04912668047258,24.436565017907643,attack,power_manipulation
272,0.9878966741733495,18.853017023060747,50.07219960908267,23.199374236305793,normal,none
273,0.722579375214543,23.583150480736254,50.11136905633371,19.63581925867598,attack,undervoltage
274,1.2134951582016862,17.69601539675414,49.79536905547406,34.881718313734225,attack,overvoltage
275,1.0221137992408906,27.48282021422176,50.05992151018858,28.493159729273437,normal,none
276,0.7153911395737738,22.370812263471674,49.950942103787966,31.291384670172896,attack,undervoltage
277,1.0085132676609394,24.413000329982246,49.99218825585718,13.877132983067906,normal,none
278,1.0083528318029282,21.018772431659688,50.16040092979466,25.272066842657118,normal,none
279,0.9997025726114717,14.899732853828004,50.10714582441848,15.664308356740335,normal,none
280,1.0082342924684704,24.447879557929255,50.06704848985776,18.784930802022537,normal,none
281,0.8159393230966425,24.203821358259425,49.969734747827474,23.394152065213753,attack,undervoltage
282,1.0161417342169856,24.74704390298347,50.03732043873373,32.01047281060876,normal,none
283,0.9829711342218465,27.29287923573567,49.90504130135821,20.190990224710426,normal,none
284,0.9854834985597081,25.02832618016241,49.95860279607151,9.008294898890885,normal,none
285,1.013757910458632,15.88120643738296,49.81152944231822,16.752473659188517,normal,none
286,0.9884927939975536,24.09153798176746,49.94945389931629,34.197914870639444,normal,none
287,1.0308614733001975,21.883729490245333,50.034762671511004,22.19997889182581,normal,none
288,1.0191001351635345,24.21187212982055,49.99202176064285,9.111314293718129,normal,none
289,1.0215177179832233,32.661562137345555,50.20418729156218,14.196993720688415,normal,none
290,0.7263233948134715,24.27432209886596,49.98643610254782,48.17647944651941,attack,undervoltage
291,0.9931016655565675,23.350267906908936,49.91890325715823,22.239592911697038,normal,none
292,0.9644664940267638,26.94431836562495,49.975566974737816,17.037327074783253,normal,none
293,1.0138982584107843,27.760109724631143,49.966053348836,23.858495601223957,normal,none
294,0.9852369550104806,24.97772355583861,49.925338348479094,17.273209945292436,normal,none
295,1.0613332575794818,20.651747572046386,49.892882376758386,33.7284469012859,normal,none
296,0.9762512004584883,12.344439833059528,49.93445279827009,26.859533800559888,normal,none
297,1.0325765874269914,2.6702543387242716,50.09798803534716,33.06286594437506,attack,power_manipulation
298,1.0168401529395426,26.404243784525782,50.11552884064693,35.97331837693022,normal,none
299,0.6424367984576342,19.623342848552994,50.10243975182755,7.253158239473489,attack,undervoltage
300,0.9959363156579553,23.015250686435994,49.99920619846461,27.76346097371197,normal,none
301,0.9748609935388788,20.422082967797223,50.07545890693129,30.790987904675895,normal,none
302,1.0020384085391307,15.127936337607178,49.978929016664516,19.338752395542286,normal,none
303,1.0158537173780484,0.1822989163922062,49.92417546430751,13.231720284171795,attack,power_manipulation
304,1.0213470355065777,29.978052555456156,50.1994742723112,21.07657260172458,normal,none
305,1.002936723517047,11.2906184655727,50.08729880725973,16.62435647782323,normal,none
306,0.9661169441740335,16.315604111545113,49.84813210396189,35.9213925805737,normal,none
307,1.2136208454591206,20.625689567046997,50.22100490066213,7.585833565277035,attack,overvoltage
308,0.9730596459768883,2.618513162619652,50.015342433265225,14.064459714152017,attack,power_manipulation
309,0.9966789929335041,18.13638483241915,50.03163020833057,28.414065160801023,normal,none
310,0.9864135611851254,20.39619174472965,50.011001492833095,32.189708032679164,normal,none
311,1.0189493835494094,22.401594085664364,50.157628406727525,30.1028913764685,normal,none
312,1.009389972263791,26.078310754731383,49.91769463989323,26.235383235639777,normal,none
313,0.9983224474543184,23.303380735959113,49.983250254191454,14.797597012203957,normal,none
314,1.0113135964195812,20.31083801506437,49.93899264601778,13.176686403271377,normal,none
315,0.9828593906795446,11.511648898634721,49.921141465005626,32.09408930573568,normal,none
316,0.9906957864391922,18.17718329772857,50.05639828552916,24.062053003416967,normal,none
317,1.0143548377222276,23.68667155065952,50.00769815845703,24.339914802741404,normal,none
318,0.9703288676115533,28.523557925721157,50.12028815756403,34.042293147176416,normal,none
319,1.0047417519654473,18.17345778339742,50.009576418878474,33.17365798418834,normal,none
320,1.0103500552297446,23.414243687378956,49.936622584808234,22.831258059559822,normal,none
321,0.6494208010624499,21.492101114044438,50.00834830343869,40.33749148982934,attack,undervoltage
322,1.0181802477197535,21.87047450676354,50.04219225985049,24.20270391676469,normal,none
323,0.9935818795829436,26.094290582851443,49.93706597384118,21.902947355260903,normal,none
324,0.9776485144515483,24.632343735603754,49.89151987327221,13.315791205700407,normal,none
325,0.9846695715946968,14.690307757204764,50.07625912045686,20.058153709234094,normal,none
326,1.039526008672734,22.760357383996833,50.02384863566898,28.89731176588046,normal,none
327,1.0111225328909794,4.308677273640264,50.0350553351504,7.99860288336026,attack,power_manipulation
328,0.9807497522576452,11.78584647202189,49.84829066898787,29.423010384730084,normal,none
329,1.195713210570809,23.244739283900508,49.91056699323946,24.328382991986327,attack,overvoltage
330,0.989060490283603,3.2854395948755544,50.04859384167678,23.845542888818265,attack,power_manipulation
331,0.9516059975068454,1.5360521025593048,50.03452562269498,26.316179567185102,attack,power_manipulation
332,0.6393382625002094,22.855715010316608,49.99450407043139,22.01875880055025,attack,undervoltage
333,1.016512767838902,0.7455069402889858,49.99665502020928,16.316887232798884,attack,power_manipulation
334,1.2136521675524823,20.868151321736715,49.95536043118622,21.40207942727158,attack,overvoltage
335,1.0114541568147055,17.69483944955597,50.029210496153254,33.576822357718925,normal,none
336,1.0037617596374029,17.80679892739093,49.89514777778074,37.86418695560487,normal,none
337,0.9787651027067706,14.025755480395995,49.88921783420438,16.958606572213746,normal,none
338,1.2956218935388757,12.498469912438386,50.01562154452197,13.136756359323304,attack,overvoltage
339,0.9984275715241927,12.290678844454686,50.00163316294489,14.925131742558603,normal,none
340,1.018133843473121,12.48172516767376,49.822435767987336,23.29555522784703,normal,none
341,0.9994535228911018,24.473396637234213,50.06693738064047,36.8945979616833,normal,none
342,1.015485227032976,24.598872691021466,49.94444070381081,24.715324524745547,normal,none
343,0.997065057576883,2.924267403479508,49.96458255598479,27.94216028066815,attack,power_manipulation
344,0.9971976281937419,20.89249442353322,49.98646688389566,21.57058915174964,normal,none
345,1.0134637218884748,19.33152832143587,49.881401306549336,25.19234638827617,normal,none
346,0.9870986740877248,25.095446620040484,49.87518622589949,18.5156360113075,normal,none
347,0.9777334779532705,26.43606302988704,49.855090082876025,15.778041130213303,normal,none
348,1.0065530829300575,17.393331309808936,49.98205456109892,35.62499411872621,normal,none
349,0.7760367338739378,21.935727918312907,49.894179085467826,30.074566939916405,attack,undervoltage
350,0.9942263183214092,18.84980018737268,50.10811929792535,29.52738826973952,normal,none
351,0.9940560711816249,20.461457469658125,49.77421450359373,29.99450473042421,normal,none
352,1.0061464516368903,25.397114449271392,50.02917041253379,34.39529993828535,normal,none
353,0.7716086187529901,13.011601255265786,49.974815103286254,20.791219392187735,attack,undervoltage
354,0.98260814854059,11.750570946270837,50.141454130189686,31.611666656699636,normal,none
355,1.001456983133642,24.60438921351721,49.95271934683397,14.367371753470042,normal,none
356,0.9659390669785258,18.91194286237,49.90368129289151,33.26233068934403,normal,none
357,0.9773547094184364,1.1837481232708813,49.94705007286019,18.966833037877628,attack,power_manipulation
358,0.9902899559156859,2.5302213909091003,50.03926448431222,30.845117943295993,attack,power_manipulation
359,0.9964033936583314,23.41223273464591,50.04847555097145,9.854122445927608,normal,none
360,1.0127262137522883,21.729820734818063,49.96209172742567,16.634741974203678,normal,none
361,1.3421551635537947,20.126342648696433,49.97253083197068,23.56541057939166,attack,overvoltage
362,0.9803034517055902,19.221600512821464,49.97466041325772,41.66246988014036,normal,none
363,0.9941442235128899,31.370060237143207,49.998036745278,30.73175631336412,normal,none
364,0.6578720555343986,24.40222505554822,50.07537568645632,3.495822380920469,attack,undervoltage
365,0.9960618113344335,17.191062945797228,50.15684891367005,21.466039177894324,normal,none
366,0.9928377657250569,15.181199606248459,50.015532066254714,17.542946645936357,normal,none
367,0.6126602186898115,17.859343666850354,50.141851431345124,22.94091823051681,attack,undervoltage
368,0.9632182465216087,12.462292918156024,49.92924385280189,32.71774629724577,normal,none
369,1.04017262095203,24.35047205157367,50.00275315554536,24.17622034789812,normal,none
370,1.1931814513967596,17.32647678076448,49.95672742689113,34.05428476064775,attack,overvoltage
371,1.0152816906695825,19.545461384241747,49.997252944298594,25.096507935769765,normal,none
372,0.7818281343434484,18.814454675082974,49.996180786317936,29.193037768702254,attack,undervoltage
373,1.1508192528801895,14.742375007465608,50.00366546093572,26.257468354317467,attack,overvoltage
374,0.9900941426780826,26.62021147888038,49.98437475748998,11.722202152996209,normal,none
375,0.9780924929843808,24.107184127318945,49.988076222531745,25.88377777407325,normal,none
376,1.0179888503376258,17.918996174184358,49.82518897662711,30.278671900011133,normal,none
377,0.998812105044075,23.843229103640112,50.10529608814691,29.03950564780498,normal,none
378,1.0168431618813127,14.868894285109302,49.98915161569392,32.7508830402423,normal,none
379,0.9744609774489584,22.91364916885516,50.16864468037507,25.933356839986256,normal,none
380,0.9988677206132993,18.968952160245905,50.06687610363315,25.407828299343226,normal,none
381,0.9828269295054722,11.717839189773496,49.988535662844704,28.519483699490344,normal,none
382,0.8192428189769021,28.06678940849061,50.155570649721135,22.277377132188054,attack,undervoltage
383,1.276555384392628,19.28553391603132,50.07207310006323,22.37177242167033,attack,overvoltage
384,1.2335077822281986,8.367078891383962,49.85813771091238,27.930603786089513,attack,overvoltage
385,1.040563106350698,18.360980412196284,49.99369218653173,29.611478392013208,normal,none
386,0.9644535561605503,19.46204369999333,50.00599693520673,12.62712882563227,normal,none
387,1.0194067839695533,25.84107927110063,49.98335773777759,16.477041313909503,normal,none
388,1.0107404339377348,13.066082075085568,49.93769036241998,11.397614297308166,normal,none
389,0.9809011170085988,23.695463236021734,50.11962384066475,31.43686273709755,normal,none
390,1.0174808962467528,16.176459706083595,50.05487731650437,32.16818273690495,normal,none
391,0.9998289844826228,21.211381401798896,50.01695336163114,27.186238244710005,normal,none
392,1.0150142009057577,22.707101917097905,50.00331423609933,16.76292658076104,normal,none
393,0.9799447236903205,19.529687356840018,49.97973197455143,17.34439696151832,normal,none
394,1.0226366174302124,19.063638201614552,50.2117800383384,39.67939243615121,normal,none
395,0.9628599215177703,20.5656384788809,49.74778592684781,18.720663665311793,normal,none
396,1.024328528908493,17.26178253668952,50.037160610658646,22.770113344845804,normal,none
397,0.9958777641069569,2.9521596872721148,50.10595456493645,19.324384327813718,attack,power_manipulation
398,1.0095527164017,20.322424473506235,49.99821552860355,29.971515640836394,normal,none
399,1.0053966603644673,22.34370400642295,49.848404345404596,33.102111492689325,normal,none
400,0.9853982369239863,17.049520088237117,49.80680111533608,30.345512612745633,normal,none
401,1.0110430434646347,13.698027975862539,50.10447521622803,24.890028802218715,normal,none
402,0.9961939754457781,17.54732540472109,49.9795531983491,21.161965583536833,normal,none
403,1.050780954865163,16.439672256425574,50.16448075353599,33.99793767219572,normal,none
404,1.0360946002586529,27.80060760713569,50.02856202372,12.108231887541928,normal,none
405,1.0033008828676688,21.790887748811517,49.910280896929386,18.8686573057317,normal,none
406,0.9962374297225143,14.362339102874513,49.84771931756543,33.87565610444321,normal,none
407,1.0041636516095027,21.963921304854168,50.02957000354411,14.329420742111763,normal,none
408,1.0279135200189435,18.23087761052671,49.80386190836436,23.189271114444153,normal,none
409,1.0407514656879908,22.825723490195898,50.07711518573672,34.76934550342912,normal,none
410,1.03650576339833,25.687570949753205,49.90848238726603,22.970620409993145,normal,none
411,1.0238389528130107,4.4489352380705975,49.7056803100473,27.512045882341035,attack,power_manipulation
412,1.0168704904948997,3.9424753270455732,49.98135346302756,23.670549013644596,attack,power_manipulation
413,1.1833693211515084,16.36611613509334,50.15157750482172,27.253942286386884,attack,overvoltage
414,1.0250699298259731,19.61959208074481,50.03633381990177,18.882458386478056,normal,none
415,1.0278290919893942,26.468707228293596,49.86906652894334,26.01142345671156,normal,none
416,0.6041912102732799,8.135098403659267,50.04684201164289,33.6832678109471,attack,undervoltage
417,0.6410987763933909,9.475329643192246,50.008395945968495,26.031914785124,attack,undervoltage
418,1.001833563776293,25.12318400539369,49.85809730310154,24.3149185539611,normal,none
419,0.9959837212795601,16.550319342123252,49.962401462695865,40.70407629754073,normal,none
420,1.019958396517521,19.124378715048458,50.11099810273857,22.37350311754759,normal,none
421,1.0058283427032095,20.992248422924543,50.11309813546581,12.4039413196274,normal,none
422,1.0027172688966215,18.673097218741567,49.987874828282074,27.988643191913894,normal,none
423,1.2966289583387722,20.43551240170099,50.04964339038325,39.88929098592463,attack,overvoltage
424,1.049811073967517,20.074476674484686,49.828499311255605,16.328250340875535,normal,none
425,1.3663349042320352,19.823465435186787,49.999632254321284,12.991598613819958,attack,overvoltage
426,0.9906920722701545,18.070088054695187,50.010543015012175,28.527435283255777,normal,none
427,0.681525724973221,22.798817316988906,49.979033750000276,29.51203436615653,attack,undervoltage
428,0.9851381071176217,12.428986842057423,49.78048213469846,20.09068372049572,normal,none
429,1.0081168717752822,21.527961485930128,50.076584256998046,25.28082960252458,normal,none
430,1.3286426347029878,16.178192204096025,49.95534678655804,25.164999358363925,attack,overvoltage
431,0.9788575028229879,3.4821281502077026,50.03470327755297,43.676700143983666,attack,power_manipulation
432,0.9909562265098889,14.754603935455084,49.96945261223664,21.87659552239699,normal,none
433,0.9826940046426406,26.660894114701595,50.17057131110839,32.61558479085029,normal,none
434,0.7340920846277568,18.50271710543442,50.01757011627555,27.337679548149286,attack,undervoltage
435,1.009138481436242,20.859625883252818,50.13316688292679,27.59947055277563,normal,none
436,0.9957362104581687,17.37471154874091,49.99555320437062,19.436921103771468,normal,none
437,1.0151063425201337,31.55492030024809,49.99971486686654,21.321265080313555,normal,none
438,0.9610543223211948,2.891239480834643,49.81428270522918,12.676470933821461,attack,power_manipulation
439,0.7669184062272906,8.091074910248823,50.008667706672206,39.02317836581959,attack,undervoltage
440,1.0033958032040224,20.602767570954057,50.00376193468755,27.139752380814336,normal,none
441,1.0114247646763093,13.969281444574666,49.950509286741045,19.84621056263118,normal,none
442,0.9932889636219907,16.26417424297937,49.96164431692608,22.3058871800439,normal,none
443,0.6177418964661684,20.415764452331143,49.979211462616576,24.518798520850627,attack,undervoltage
444,1.0221664447894483,15.088018670104294,50.17108046546941,14.486484622875723,normal,none
445,1.1843675612250508,20.010493648215444,50.23303753597342,39.541035993031,attack,overvoltage
446,1.0445095555444848,21.74523219616104,49.86805948063131,34.81018334752759,normal,none
447,0.9992127766642334,17.346688838786193,49.97453047642616,18.11398530369543,normal,none
448,0.7200342013750707,18.847839711001384,50.14429410674406,19.24145349210068,attack,undervoltage
449,0.7183551668382613,17.908678590865854,50.02174394576463,23.38161154166514,attack,undervoltage
450,1.0059130202297395,17.392508803463794,49.89071592505956,18.50990136917567,normal,none
451,0.9925957113544807,21.175100695491246,50.051540851292245,21.005357559508496,normal,none
452,0.9960513544190879,11.299408414121384,50.06417046215238,32.935261961053016,normal,none
453,0.6085811679843005,27.684861003316335,49.93871359400472,41.01056767588956,attack,undervoltage
454,0.7345421185820418,15.664201122714342,49.87679295674812,24.29703174244939,attack,undervoltage
455,1.0148569615032788,15.808992284919544,50.0894334279153,36.22577753492114,normal,none
456,1.0070964205541455,18.953342113254216,50.04323623001132,27.273318262498158,normal,none
457,1.1771105859026294,27.49906408392942,50.10803688831274,34.4749406883304,attack,overvoltage
458,0.7046497541677701,24.48296825895224,50.12221805376244,24.634975434730134,attack,undervoltage
459,1.3718709144169732,20.901563368664004,49.99445787957853,30.496125805240375,attack,overvoltage
460,0.9682019482339955,21.818302221774317,49.974322958510726,34.77463926048198,normal,none
461,0.9958573412012116,20.389134925585537,50.08142469571275,30.276609311054592,normal,none
462,1.0185377300420138,16.6643218536938,50.09564659279629,25.390094803309697,normal,none
463,1.3356756706587218,21.99082445916124,50.00811982910723,19.371634850085826,attack,overvoltage
464,1.0027915809269352,20.03247473183548,50.02132633098306,20.922141126301046,normal,none
465,1.0004525134057516,18.465220755316654,50.006736511889784,28.01080595585377,normal,none
466,0.9729951640454737,23.173429528485812,49.83458635456633,23.82949388911012,normal,none
467,1.0025910346450815,16.232093250508157,50.02967955472849,24.686504165435572,normal,none
468,1.0021184411566635,3.8991029844692005,49.95007374233629,18.102591323939425,attack,power_manipulation
469,1.016628287993807,16.860914567271852,49.992016275052904,21.510922762846366,normal,none
470,0.9931486227400691,17.847563796831693,49.87129380794962,23.06777191874599,normal,none
471,1.0220187198147346,19.145922435876404,50.098069762380625,15.657652681758284,normal,none
472,1.010535113920671,16.740995693720535,49.980901018707705,36.26455140161667,normal,none
473,1.0048866143769153,10.866862287765942,50.08551296587242,31.63775624254459,normal,none
474,1.0105060547640234,16.976407265954123,50.073725571896176,22.98299990183814,normal,none
475,0.9918671794848571,23.995926160371084,50.083562465530015,30.407194388347158,normal,none
476,1.000078649139503,1.0634307431602719,50.231629872904584,22.89057540535729,attack,power_manipulation
477,1.0098540593324876,14.382321167424212,50.11041652553749,19.03199935115525,normal,none
478,1.0023503513058039,4.328814149929695,49.993860671493195,31.12386942515881,attack,power_manipulation
479,1.2828215951242334,21.00086555307563,49.781222572602445,19.69885472138587,attack,overvoltage
480,0.9821361609097895,12.716453423150575,50.00681766991634,23.001956068083928,normal,none
481,1.0113985221432455,2.309141371876826,50.00166772412426,28.852360072434358,attack,power_manipulation
482,1.036679434087876,3.1145132142256307,49.963813184602955,30.90717883889708,attack,power_manipulation
483,0.9834475341019258,22.121353369862312,49.87601393195382,21.784157078394585,normal,none
484,0.9924255461593923,1.2360445822395905,49.98901253903742,31.776148122266154,attack,power_manipulation
485,1.004887446939444,12.049481321876947,49.90797845537905,24.78178225514699,normal,none
486,0.948320902327461,25.57982719632221,49.9635989673162,16.62153563603917,normal,none
487,1.2924445651518917,15.713323064467431,49.864613475889136,25.238668548574996,attack,overvoltage
488,1.0003060459133055,23.182062883358956,50.011759069548766,25.764059455876534,normal,none
489,1.0352138783180191,17.272287725928194,50.180822617944585,29.58456282146449,normal,none
490,1.0162274049695812,16.771864409284298,50.04470240233939,11.580259324461819,normal,none
491,0.9909530689347597,23.64820114382,50.08771161368181,30.69968618691071,normal,none
492,0.8131732209533649,22.392747586924013,49.96111052401049,32.206903980860076,attack,undervoltage
493,0.9716065393413105,19.008043324291535,50.01717351892142,37.4506103308604,normal,none
494,1.014618632693124,26.381154995594095,50.11469211691662,32.92318945190764,normal,none
495,1.229816217805871,19.963921085753597,49.92737262947146,21.18840734286574,attack,overvoltage
496,0.9795796486703563,14.37911455400847,49.94672112251752,11.741588017208084,normal,none
497,1.0124234055373456,17.055572201018084,50.06454540198867,34.04693368659648,normal,none
498,0.9795927274468739,25.510213844397295,49.891038046037366,17.00451835185399,normal,none
499,0.7979293661718752,27.827177777075818,50.11946085316677,22.50187254144216,attack,undervoltage
500,1.1713267801901863,15.088722103112767,49.94879397565813,13.745283612608745,attack,overvoltage
501,1.0230688420071523,20.434871220532635,49.84995972437088,34.60668780685347,normal,none
502,1.014056052390416,12.198590518567125,49.991240201796124,32.729889918387265,normal,none
503,0.9881055910058512,22.98207120048886,49.857553538167274,24.501732758315026,normal,none
504,1.0142603480122143,23.019406547081747,50.09768162617423,41.01196296057056,normal,none
505,0.9977332323739578,10.643680098115896,50.02123981905135,2.2522456496583274,normal,none
506,0.9989940390818558,27.904522024878638,50.06837556013659,38.5536099258679,normal,none
507,1.0027372537684593,4.147901130334055,49.96123232540148,24.818692195261224,attack,power_manipulation
508,0.9826293258590734,18.90310731917326,49.937692133277366,13.381015079581111,normal,none
509,0.9571367910995555,21.175907710555197,49.93637947291267,35.017150053725544,normal,none
510,1.1918433507631474,17.798261935679594,50.13160658874734,24.287113894485426,attack,overvoltage
511,1.3647595518832893,19.716459004183733,49.87732953469963,35.34274334146244,attack,overvoltage
512,0.9967193276167973,16.067030991232997,50.029594785037,25.368326644117552,normal,none
513,1.0231901691637901,20.559954426879226,49.99358091170212,19.343125728092648,normal,none
514,1.2469396269721273,13.76317358132141,50.11551216890538,13.908662036374048,attack,overvoltage
515,1.0134996495823143,23.16443806826057,50.04039331108657,41.53981696932941,normal,none
516,0.9854882815220892,13.081592343951623,50.046101700711134,18.34171702867541,normal,none
517,1.1811842153874912,22.501632044540134,50.05806442536551,14.567640000300885,attack,overvoltage
518,1.001892842650475,2.539474649662121,50.0219011718001,20.422116175861923,attack,power_manipulation
519,1.0588573066905276,26.171220035605895,49.81889422319509,34.51194450370909,normal,none
520,0.7126844848573826,14.103274272707234,50.078526626260924,25.174046452116375,attack,undervoltage
521,1.1513138186035468,24.013082072035708,50.023987835719254,25.50704732171307,attack,overvoltage
522,1.2024527990000962,13.863524465050528,50.121779327009726,22.259272811345703,attack,overvoltage
523,1.000892041551619,12.760387483738885,50.0140312736572,24.84831483703096,normal,none
524,0.949110572084547,18.616670412196655,50.079901315799795,7.328055562735983,normal,none
525,1.0227467283992362,13.9026892838851,49.836165352015605,39.03361270238978,normal,none
526,0.9885370942363312,16.956173132734968,50.10320801920877,23.6972433005775,normal,none
527,0.9873835544730399,19.325445232016474,49.96580495891039,45.52372545929417,normal,none
528,1.01469345271217,17.54354091224484,50.01101262543984,25.98419090979055,normal,none
529,1.0090997615974517,22.241488238444518,50.01286546313851,34.75843327893121,normal,none
530,0.6390330435516278,18.33668652676318,49.99469051894482,20.233739000105267,attack,undervoltage
531,0.7737267373179264,19.184263381056706,49.96957286378323,27.175572823227686,attack,undervoltage
532,1.013787861605865,17.606456346375587,49.9308746615565,32.45133196575547,normal,none
533,0.6878674231884195,14.687187219508713,49.902166365037125,23.689997535440433,attack,undervoltage
534,1.2008744875834536,22.924571276335488,49.891760393834204,39.47716491132269,attack,overvoltage
535,0.9842066731747461,18.6551990682195,49.955397255738355,43.01802881755645,normal,none
536,0.9793724094100904,16.36388666449328,49.9450390266769,38.06854766663587,normal,none
537,1.3597711445314824,10.624973918987333,49.97614184538243,31.626740000597838,attack,overvoltage
538,1.0038778678940783,18.442752327678477,49.884282846633,29.22335831962847,normal,none
539,1.0116636698075059,19.172049525541077,50.011995843098674,34.17454269995369,normal,none
540,0.9974149341195904,0.2704339862712185,50.083062118542124,12.407992074002202,attack,power_manipulation
541,0.9990011157618813,14.13694839087244,50.18008005052296,26.013029412791482,normal,none
542,0.9809729824591592,21.870975055328394,49.93350272236635,31.22777858052164,normal,none
543,0.9943788146113284,20.864121483782725,49.87510191712002,27.139898567677733,normal,none
544,1.0175829552763367,14.203330992620224,50.067266689090054,29.27635954014865,normal,none
545,1.0157438059941624,2.6667162562450306,49.98847271898872,11.652058491081855,attack,power_manipulation
546,1.0147692723594584,3.733652594876758,50.15402758285044,20.480751930107203,attack,power_manipulation
547,1.0209390838713253,3.1369761633606648,50.08259185029791,27.50835070203565,attack,power_manipulation
548,1.005415120593419,18.826695976942464,50.03121892779911,26.79953741368078,normal,none
549,1.0363521746329079,14.704207967963427,49.89354021656578,31.91411257641213,normal,none
550,0.9966054111581462,30.031758587664342,49.94040086805752,16.323213002958525,normal,none
551,0.9994024535096266,19.213172172814513,50.07260907382627,22.898662632396903,normal,none
552,1.024676021094192,3.4423836724237242,50.074040534426125,24.361212722293317,attack,power_manipulation
553,0.7876992146739783,11.63793559365136,49.9652819711246,49.44418071381276,attack,undervoltage
554,0.9856594860292847,3.327088202768376,49.99692661409431,12.62185405422139,attack,power_manipulation
555,0.9989778297158153,21.966147952125137,50.06028749086832,29.643918466557654,normal,none
556,1.3805375887116393,14.267321031642552,50.14372758160504,22.863966814443405,attack,overvoltage
557,1.016025077792559,22.952478689649027,50.085874451691275,14.351391763623303,normal,none
558,0.9440331663069732,28.905425065902,50.00177863925306,25.980506631423367,normal,none
559,0.9855999181512107,3.8389431375681444,50.03664963641347,32.57913194308426,attack,power_manipulation
560,1.033209352122643,2.18720149755699,50.23223000401657,18.658393285481548,attack,power_manipulation
561,0.994125735354796,12.823935416757449,50.211219203146726,18.618995019925983,normal,none
562,1.0249246219432928,26.93924904419891,49.954559056505126,23.16435950656939,normal,none
563,0.9798681408141537,19.513157524450257,49.917864301272644,19.649358834399685,normal,none
564,0.9945059355142715,0.7294893648002904,50.18634590552759,19.515256988671055,attack,power_manipulation
565,1.0154638557935052,14.29420585452468,50.06228958192282,25.53398241431624,normal,none
566,0.9912211683884395,22.436396228119627,49.897744629732934,36.92963272306797,normal,none
567,0.8160174257903763,18.24129287179231,50.16338031865866,17.052118033716408,attack,undervoltage
568,1.3177163499349227,20.108210290724102,50.1630758580319,14.456494314334401,attack,overvoltage
569,1.0214718751486462,19.270255907527748,50.01748657458229,32.705773715576015,normal,none
570,0.9941677237830638,22.79317501996991,49.917555647191826,16.84010806447864,normal,none
571,0.9737872977267106,0.070195834325395,49.98164839456967,36.43132005772773,attack,power_manipulation
572,1.0215989708791964,25.13638018598933,50.02152547230869,21.773857723244646,normal,none
573,0.989101587183972,14.082440594077383,50.10468166007106,13.919918299621662,normal,none
574,1.0217072589893252,21.2295090212241,49.95093934654175,16.63962615401324,normal,none
575,0.9928373209305394,13.914519546832313,50.026419784372926,23.395323227113956,normal,none
576,0.9898769660831104,0.6708642449312846,49.8987808179998,23.217485085218158,attack,power_manipulation
577,1.003486345359678,20.935529995879595,50.05740069290505,25.326542684554127,normal,none
578,1.3209525487527616,16.710158966780575,50.155462770489315,20.004048937203905,attack,overvoltage
579,1.0002959029555174,18.42523090442774,49.957945109679464,32.889107543278605,normal,none
580,1.0383664751093975,13.144918615535843,50.107889270061044,29.325157703767918,normal,none
581,1.1921608234545669,18.563073945312933,50.02760595426791,26.669038798906616,attack,overvoltage
582,0.9781421574694742,19.144170237687135,49.896493320190196,22.072874476450433,normal,none
583,0.7700941161315104,19.654550997087856,50.040956066782236,37.789249283226255,attack,undervoltage
584,0.9926294985998988,13.995330472371084,49.84072039036694,41.35611537651633,normal,none
585,1.0225031679145706,3.4593853971386053,50.035405398838975,35.05899441723804,attack,power_manipulation
586,1.0107353490865827,14.772721105963008,50.08135743219731,28.055200778019227,normal,none
587,0.7827966949939839,29.889133545539,49.929277098455195,25.983447617686668,attack,undervoltage
588,0.9713084018084098,14.883654407166947,49.88310254128326,28.17259622185405,normal,none
589,0.9895935654860645,22.283400913797447,49.968318011702024,19.95951098137797,normal,none
590,0.9917443035327221,0.6722033231422875,49.967765407465784,14.20828583118477,attack,power_manipulation
591,0.6199187643924499,30.31215791316557,50.12672571364735,16.50997582852995,attack,undervoltage
592,0.989339616277598,17.87471053365103,50.20768678441348,37.680685239154,normal,none
593,0.9919041303492654,3.3341476666074343,49.94562144796729,16.953325310616542,attack,power_manipulation
594,0.8426340863627906,18.380276116021477,50.02761974560709,21.87238741567245,attack,undervoltage
595,0.9967936005568184,23.681183968751355,49.82341739626366,23.443745646090523,normal,none
596,1.0050256212157647,17.05795287021161,50.07903777942825,20.492143558248948,normal,none
597,0.9796192561529725,10.023744159290874,50.0942182606756,26.445961361348548,normal,none
598,1.0596918339508141,12.42365966722927,49.95249611954024,26.070768824257627,normal,none
599,1.0360603630825664,0.17791916428512244,49.96147457109652,28.174662855855686,attack,power_manipulation
600,1.0241589156412367,22.230507739376165,50.048944399575134,33.293495648482875,normal,none
601,1.0188453558497108,7.043881475899132,50.081574457713174,11.801174801615941,normal,none
602,1.0015984648641905,27.344499581609064,49.89211416341874,30.651459553177123,normal,none
603,1.0214808182517319,30.6433040050279,49.93557861894546,15.398369850919181,normal,none
604,0.9957782156161828,0.6824855482410724,50.07729421287117,33.939474010397625,attack,power_manipulation
605,0.9778440431725149,13.626129163329061,50.18878534682419,22.858918312404448,normal,none
606,1.010938061270393,15.983304752423376,50.031844950001286,38.68401428171601,normal,none
607,0.9890696539379367,21.19304920999488,49.9533936029893,27.142208063968535,normal,none
608,0.9886228361402684,4.2253410540647565,49.95601437835889,41.72247053647182,attack,power_manipulation
609,0.9924228169844483,22.91671890773683,49.93465629761266,11.335562844441363,normal,none
610,1.0282053824969482,20.045369512535324,50.019002749287516,16.42703540938051,normal,none
611,1.364933093783355,15.717526612400267,49.952079521476406,36.39467982913591,attack,overvoltage
612,0.966741880294324,22.452257331364883,50.00335677423134,18.56459342437841,normal,none
613,0.9751780058416212,18.5563270525514,50.059165456850955,12.357145354441744,normal,none
614,0.8346521865575275,21.143537749586738,49.87471703838352,30.508851330678638,attack,undervoltage
615,0.9923425869749505,12.028406163153111,49.966823264696416,14.892119129250846,normal,none
616,0.9994822516458013,22.098267540961153,49.97389571938243,16.323447355526298,normal,none
617,1.017154267221134,20.65404862870191,50.04745400669658,30.224400656337288,normal,none
618,1.0049416629390528,23.849458756996135,49.853558348835186,18.1247661556437,normal,none
619,1.2989147688630587,19.613517570160663,50.01552202638679,19.458181627137566,attack,overvoltage
620,0.9781934403676298,14.243047906727854,49.852829051730176,13.026398499061802,normal,none
621,0.6611114403360202,21.18118584497982,49.93286191947473,25.817495706356638,attack,undervoltage
622,1.0020742430006575,21.32517164873878,50.00755699178459,27.868700498858797,normal,none
623,1.0268675242579732,18.991199318077427,50.02744384555811,25.655868034987595,normal,none
624,0.9769719497406247,25.96120320473967,49.95953598496871,34.82664716715042,normal,none
625,1.0163339756952032,17.72814051141292,49.9023483821612,31.952494982297637,normal,none
626,1.0153058914640598,12.486259188082485,49.90852944755569,35.980868838450064,normal,none
627,1.0207309889812393,17.777671214025666,50.02033625819526,20.385102300960178,normal,none
628,1.0145418140533864,23.757265364749088,49.96773850643566,22.908260552612315,normal,none
629,1.3008370132647433,13.525892042803502,49.89013102766654,29.8944398799243,attack,overvoltage
630,0.9776853559601406,20.400629182979113,49.98362300051456,17.352215477380213,normal,none
631,1.005870643077906,22.243844250877466,49.90892113491091,20.468995382409467,normal,none
632,1.3317068965641707,23.293375148804106,50.07786805323843,15.774022673890556,attack,overvoltage
633,0.6403622518569785,20.975967552395314,49.71728391697829,21.702758865093084,attack,undervoltage
634,1.013192337228299,1.3083316833011032,50.15028103660249,30.17808744168138,attack,power_manipulation
635,0.9929416678374957,22.821075252701917,49.77220410130263,20.316813919511656,normal,none
636,0.9778731296136093,23.865635787121416,50.117280693530624,32.14791085601492,normal,none
637,1.0003561112866792,20.317628688936036,50.0477743919218,11.243282493155537,normal,none
638,1.030445077556391,24.344256731866366,49.9616680131366,20.813693842189558,normal,none
639,0.9916013907468728,4.815231949470498,50.03541752878148,21.11051297079673,attack,power_manipulation
640,1.0069565932284281,4.52612650780438,49.95327040977539,28.60784979969237,attack,power_manipulation
641,1.0006023113664595,23.991450792840478,50.102187192605086,16.161487502465487,normal,none
642,0.9849031542137335,29.418426485752597,50.07947647357507,29.800877768198383,normal,none
643,1.0121548740947182,21.670228576517573,49.91623168966568,9.169602367942968,normal,none
644,1.0271070547212922,4.708044864774596,50.063998895834644,16.985528904705287,attack,power_manipulation
645,1.0142750601533113,9.781390101288476,49.79500093989751,27.17311249574291,normal,none
646,1.0331924816684699,14.38657090866199,50.02809472420827,29.92110562011269,normal,none
647,0.6629548647531138,13.848838188277538,50.14525493491022,31.333888669860542,attack,undervoltage
648,0.9562034913583519,19.54427780254994,50.08836830209317,25.091598322728046,normal,none
649,1.3414394304528896,9.330042554935877,49.95597345712321,32.08176919588793,attack,overvoltage
650,0.9918687973234812,24.356222412435493,50.353481233163265,26.910607153121145,normal,none
651,1.0107205990930364,16.67435491878927,49.91018160344657,16.442597409753652,normal,none
652,0.9927483647808546,21.214071102718282,49.94188426436924,32.73137561593707,normal,none
653,0.9694767140469687,20.001283850375092,50.16377799869512,23.63565787311579,normal,none
654,1.0283968719455507,22.598810841223944,49.9629742414696,32.398797197523855,normal,none
655,0.9529269995103469,19.554899646325335,49.989279997800324,21.887871717126316,normal,none
656,1.023103367962769,21.56171102364832,49.712823341405915,25.26733107392466,normal,none
657,0.9706346034265498,19.909570497332638,49.97722457768854,1.9824738425361268,normal,none
658,1.0369836013136076,24.406254808339032,50.02792233967026,1.3712276067022877,normal,none
659,0.9961648616239361,25.42451017962339,49.99615290881729,22.167552686907896,normal,none
660,1.0020908632982615,18.889934549352347,50.043264162629704,26.529545777415944,normal,none
661,0.9819072684565703,25.066926853066125,50.198013462375854,22.796136728596988,normal,none
662,1.010259272903474,18.970065190865196,49.90442913213414,23.02992308379519,normal,none
663,0.9794493636696439,24.232859883733042,50.093702584354254,25.628251065765593,normal,none
664,1.0330484010153334,21.676008243311703,50.081306104959424,30.133352653480735,normal,none
665,1.0088350663063042,13.552122573867518,49.953938414263106,28.09956142265957,normal,none
666,0.7339598932386766,20.971725597959757,50.06553418268052,16.960669628619968,attack,undervoltage
667,0.9967207096877588,3.2666980548260858,49.970053382318355,16.806003422236834,attack,power_manipulation
668,0.965884003827445,29.359456932712362,50.07792828484798,20.740565109265766,normal,none
669,1.0188835840339623,16.535258204121025,49.950834866505474,15.508047575513661,normal,none
670,0.6898227574499912,22.94570490274695,50.033790273302,42.138700049651774,attack,undervoltage
671,1.0032352125434667,10.749689727620854,49.953266603886746,28.763886967534333,normal,none
672,1.0604609553471716,12.160804469848372,50.04958555656092,21.364630598448574,normal,none
673,1.3022584805668305,24.068866569751517,49.86811144422037,16.496120858975406,attack,overvoltage
674,0.9963332213632097,18.626678847783648,50.07226960948708,18.163463480045472,normal,none
675,0.9898690001873138,13.669142877208737,50.00791965660683,12.153950388505972,normal,none
676,0.9750119707084393,18.03977334942229,49.898624405560156,23.8775927707783,normal,none
677,0.9999295503683281,26.949494769324218,49.747665538774314,16.493446895269543,normal,none
678,1.0266205238837531,16.68912743768978,50.03843693391886,21.583380252832836,normal,none
679,1.0043739855816058,20.693569140694983,50.21505908096611,26.45073461211755,normal,none
680,1.3328362686340915,19.257843558502362,50.10150191738478,28.119139956079067,attack,overvoltage
681,1.0305699376611002,22.36058081036668,50.062358465231796,19.126288509160585,normal,none
682,0.9674375319313109,23.25959692827664,50.1396790544137,35.48522189838969,normal,none
683,0.9797586408334693,25.60170388985288,49.99318528536982,7.4060867526144385,normal,none
684,1.0431728981443331,12.25527512849337,49.840832137788894,35.39249789131995,normal,none
685,0.9993023898555258,30.400954947211236,50.20248791028252,23.386807021620832,normal,none
686,1.256835598433487,21.18033458477268,50.10204284294452,21.20433400531285,attack,overvoltage
687,1.336721013011887,17.888331197463515,49.98078334319331,20.06734414146328,attack,overvoltage
688,1.207036257112928,14.349217434966555,50.0420651465141,30.714348525874737,attack,overvoltage
689,1.0014583752832023,18.75763372809524,49.958504947487036,22.244216925658662,normal,none
690,0.9997967938759822,16.333366209932052,50.139695133197506,14.662479603871517,normal,none
691,0.7424018667824199,18.629049280026912,49.97701177823475,27.47856876516719,attack,undervoltage
692,0.693194866579552,17.28861494002148,49.853668540633976,20.507178924893747,attack,undervoltage
693,1.0036406532832576,22.23398218251834,49.942267042252645,26.878067719346966,normal,none
694,0.9962963102251985,21.26548700536302,50.206662892665385,40.607661109130675,normal,none
695,0.9664944503044758,15.3612579457494,50.07748492557124,21.409845492825692,normal,none
696,0.9900764824007884,21.52297690374113,49.85374845801871,35.2022922570885,normal,none
697,0.9686426407385577,21.331004448035205,50.114027517414655,11.784706829603104,normal,none
698,0.7045537396927529,23.76940840671496,50.19178516761877,26.29818734709083,attack,undervoltage
699,1.2746956390096416,19.17312334204866,49.90656390168981,24.199760116040142,attack,overvoltage
700,0.9985261452673256,23.510108993461365,50.104213357215635,30.676651473104798,normal,none
701,0.9978508786200173,20.248757271766603,49.83799366670347,26.42361062843062,normal,none
702,1.0136820402863926,17.19830530770331,49.916261801894336,32.74813272244447,normal,none
703,1.3273394789395345,13.824684122417931,49.843017717332195,23.115283944267105,attack,overvoltage
704,1.279052719323407,16.440698099034833,49.948566574943,28.049460961370187,attack,overvoltage
705,1.0098049399656397,29.626148689037258,50.02951966352897,13.754284349386207,normal,none
706,0.9981707773198004,24.489503392207403,50.05950116503181,15.897421329859801,normal,none
707,0.9813665157252418,16.22014252759485,49.93679127386108,34.25253113894686,normal,none
708,1.0014957419119934,23.872452827800668,50.09474219414639,28.647285870439386,normal,none
709,0.9950374690347699,29.037425723187,49.94905990204027,38.52350952720418,normal,none
710,1.0154949549867665,17.373884773405255,50.03308529076661,25.304620451313145,normal,none
711,1.037692186823987,16.06435070948039,49.97612497466342,38.58138396800846,normal,none
712,0.6539018951396964,22.103175390730765,49.78329554559174,29.836022422383294,attack,undervoltage
713,0.980447984940744,24.493199796343283,50.16000513800676,27.67029929222361,normal,none
714,0.9951781015032741,2.4128411317251826,50.068201953968696,28.01468513346165,attack,power_manipulation
715,0.982715557318547,23.945827886355303,49.79788097007049,43.65455479233383,normal,none
716,1.3172922863004868,15.526834726454286,49.95105082193719,26.19319438125042,attack,overvoltage
717,0.6266135117535288,5.329627679285396,50.17537492552577,26.66949074511151,attack,undervoltage
718,0.9933176056575429,23.23427503402275,49.955018607700936,25.557666571764674,normal,none
719,0.9955671510154958,12.061912678832984,49.94334602107588,18.947774610046686,normal,none
720,0.9879094866629015,21.669954240816587,50.05401579285315,21.88296135363855,normal,none
721,0.6387818828400531,15.86656396353657,50.07742721404362,17.193271749244637,attack,undervoltage
722,0.698088862075626,20.103192311102525,50.109249127894316,5.750867676203555,attack,undervoltage
723,1.003335299629288,25.089277523951047,50.02953389572888,26.532858953252767,normal,none
724,1.2820137278165797,18.456902491840413,49.917808484490585,18.99473052549295,attack,overvoltage
725,0.982201985483669,17.82927569327585,49.948660643822016,24.10596315390577,normal,none
726,1.0075582836256936,34.300671065072414,50.212711308907274,23.210018807648947,normal,none
727,1.0333075128414333,0.6661350475314104,50.13167760369761,25.674813033899717,attack,power_manipulation
728,0.9881381667940043,19.63744030661607,50.02527627324874,23.037889090410243,normal,none
729,0.9972507834709862,8.855287120754685,49.94084766596441,42.15886704824343,normal,none
730,1.009571768641233,22.648122680584088,50.210273622558404,12.136302466534994,normal,none
731,1.328970500491783,30.41481158994557,50.025626505347255,28.818562106953163,attack,overvoltage
732,1.0136355426997012,12.798992246124799,50.02504415264542,19.177096303979148,normal,none
733,0.9750437018795284,29.469505676391595,50.068393115821834,15.18458766530939,normal,none
734,1.349924070658263,25.27292016206002,49.98804474673912,29.41151416515591,attack,overvoltage
735,1.0350944060373701,20.309583776205688,49.77204029343742,32.69631586609924,normal,none
736,1.0114531322122446,16.229969969299933,50.00833477352246,24.964942531034865,normal,none
737,1.247127765972041,18.833965222494434,50.04898283683475,22.68110018368836,attack,overvoltage
738,0.9969886613496743,16.904869799501068,50.023626911046854,30.61598907947723,normal,none
739,1.3018535166963041,19.177470289146758,49.940156219072776,22.801767013240866,attack,overvoltage
740,1.015898415083218,20.569024191874465,49.99971160166722,16.394844654554895,normal,none
741,0.9763264206885102,9.831313152294165,50.16118261081309,40.29423431672519,normal,none
742,0.9858616550444853,23.409126427949,50.07556961659285,13.501992918313238,normal,none
743,1.0137112182546495,13.980594743745339,49.88706590775662,22.617123381666573,normal,none
744,0.9608313249450126,32.027669829015444,50.00972015195511,17.31717589326105,normal,none
745,0.9938466883492149,11.372292544399441,50.256539380506105,30.498651228947082,normal,none
746,0.9485713733546826,13.424777255581525,50.0544242218471,20.9742751072817,normal,none
747,1.0163953778546153,21.626268173781405,49.949640303933165,28.826432194353693,normal,none
748,0.7805302933669369,24.139308499251133,49.91281378378928,35.92524486960837,attack,undervoltage
749,1.0109487235248655,21.427082570819323,50.13371253239649,26.28222805809787,normal,none
750,1.0233146607480228,25.61903995743903,49.74429648438904,40.744683420625385,normal,none
751,1.0099184901678127,0.008512202889939258,49.83861859488153,15.494246442232715,attack,power_manipulation
752,1.287487122077264,23.31013786031774,50.01586113252029,26.53772476356636,attack,overvoltage
753,0.7500628322949258,26.97288991128459,50.0206173111415,34.88791559445471,attack,undervoltage
754,1.017568418394402,21.865049255531048,50.07502901621442,30.711818376977917,normal,none
755,1.014053453273286,19.080481111310007,50.26695892671692,29.76916400361595,normal,none
756,0.9868689521451046,18.976719600180232,49.931276996318836,27.22254356435034,normal,none
757,0.9928466067056049,20.219659539392318,50.04591000533059,21.11392523426303,normal,none
758,0.7469858832262397,26.594878311566774,50.09245755427788,28.26386975208251,attack,undervoltage
759,0.9759520974814399,20.620435998582092,50.143521243773364,17.261406927091716,normal,none
760,1.0359863739006188,14.848642021961243,50.22135768043307,30.469314828022068,normal,none
761,1.27437523106258,8.560502778748273,49.76480102919869,16.172805053508625,attack,overvoltage
762,1.259549224664783,20.94936905076537,50.04224888435968,40.61457575779213,attack,overvoltage
763,1.0181306803024408,26.724318403818376,50.0168683749374,36.24012923661906,normal,none
764,1.3894279074195877,13.463187171313566,49.92660439198423,32.95130905382115,attack,overvoltage
765,1.028860734372233,25.623473707610668,49.8535505473074,36.95628785398318,normal,none
766,0.7407543789947566,19.261402064430545,50.070756588665965,18.608697958875027,attack,undervoltage
767,1.0000525258228319,27.79656939111651,50.13362395121789,20.990994422949953,normal,none
768,1.0046216135935417,8.619774171202259,50.09607987297274,26.67395455168863,normal,none
769,0.9925644648996642,2.2351638385612733,50.00186729151167,20.926928089975632,attack,power_manipulation
770,1.044800663594117,20.938740711520364,50.12356455138929,38.98990303404409,normal,none
771,1.024759510630597,20.833375097214855,49.951317602848555,24.823591520160107,normal,none
772,0.983539550761808,18.16476691551599,49.88886863165585,27.925360131226284,normal,none
773,1.0117997803346956,18.62835160012468,50.000944669405804,30.43881279678903,normal,none
774,1.0086043873549118,19.18744530757475,49.969725767446604,20.509047309377486,normal,none
775,0.9799987330120633,25.712877195298457,50.15594270143148,30.045570089897105,normal,none
776,1.0323142709986446,27.356897229393198,50.04346899219752,24.46815505184498,normal,none
777,1.2690786707041655,21.803424562380993,49.896204800323424,16.29113293775047,attack,overvoltage
778,1.0068143762760644,18.157794955922327,49.940510943781916,25.85169485337942,normal,none
779,1.2341141918407077,18.693102390400963,50.042278190744824,26.45312505406038,attack,overvoltage
780,0.9732301696636759,31.078892396304088,49.78570113342628,17.93904827670039,normal,none
781,1.0056792857137524,25.834333731820106,50.05500969648849,21.968106649201772,normal,none
782,0.9856384644051301,9.93887743204915,50.06663204676067,20.49493033864381,normal,none
783,1.0253093112527565,20.04731800945278,49.898869366986446,20.781234864645285,normal,none
784,0.9963506880657309,20.026660696588017,50.020509267254816,33.95615167620505,normal,none
785,0.9845447406691318,20.30867657739385,49.883019929016044,17.983841302259982,normal,none
786,1.002375625707652,15.530688305580684,49.97505573498113,12.793012976921652,normal,none
787,1.0055849044400937,24.599133404266517,49.911213568126925,27.158331418474283,normal,none
788,0.9719411773438097,9.483601471508168,49.89225339275082,16.94324765010793,normal,none
789,0.6919037390672775,10.71594186790378,49.91416381112138,21.8035161243336,attack,undervoltage
790,1.0025381749306062,19.911157075412447,49.852133847878434,11.541660285946925,normal,none
791,1.152028652183883,16.17604828997524,49.922091916208004,28.74781516160527,attack,overvoltage
792,0.9906057133871494,23.032257731942778,50.17329712189946,33.06976820148569,normal,none
793,1.3819821153838894,23.605681917009914,50.17629721846075,25.492631450075283,attack,overvoltage
794,1.016102991349308,13.16725252045179,49.84757263831031,31.212552808279725,normal,none
795,1.0107503084388085,29.26943134481239,50.0742234914847,12.728300197753306,normal,none
796,0.9949044667235121,22.1439625107031,49.92554671137838,19.750661022592574,normal,none
797,0.9953486226687353,11.18246762560693,50.027495594523316,10.086465246210041,normal,none
798,1.0654983362843926,20.18853308443159,50.337721715702166,30.178243763163074,normal,none
799,0.9885574079136547,15.195564685548009,49.94379796395671,12.21971499507368,normal,none
800,1.0060606217137134,3.241429247054155,50.06566337894391,26.088697847720432,attack,power_manipulation
801,0.9841890017201642,21.784045383863536,50.13226500843037,30.691387801937974,normal,none
802,0.9859247220130164,24.461922513602445,50.04604619936495,21.516659174093952,normal,none
803,0.9990601301400459,16.521635006529706,49.93308063601834,38.57999717139855,normal,none
804,0.6308045163900422,19.865330835774667,49.94369892602238,21.966691752004518,attack,undervoltage
805,1.009861344351351,15.455856336404022,50.193574529662726,10.521953267573357,normal,none
806,0.9808356129851854,14.534063894671043,49.92059881058255,37.55905781432085,normal,none
807,1.008625529075591,23.83834829025841,49.83352582532175,30.87525754391565,normal,none
808,1.2968452320567214,15.590544772270132,49.951510587379175,33.5721746419442,attack,overvoltage
809,1.0199834461308501,1.6348964477053625,49.90501109426101,21.152404286531535,attack,power_manipulation
810,0.9955690261222991,15.126782615212072,49.93639681416467,30.124275628966455,normal,none
811,1.0419196990401522,18.9561469372646,50.0466238979439,35.749341164907506,normal,none
812,1.001000909655153,19.578031535537818,49.9088787115966,14.63198552417136,normal,none
813,1.0322526342105913,24.14257994720145,49.92331386054549,22.78720466845397,normal,none
814,0.973308001336349,25.945180945965966,50.02993631297787,32.75335753204476,normal,none
815,1.016261495261597,24.947467657968545,50.07588086737068,18.208483234075914,normal,none
816,0.9721745861374066,24.07988079274368,49.865543204216685,33.47217180752538,normal,none
817,0.9886418515567812,23.516299657505986,49.91323116273124,11.040816746922072,normal,none
818,0.9958107550777127,19.63121559414394,49.94278417129584,26.43661104019315,normal,none
819,1.0247384753143685,25.73225740401663,50.02996012599444,16.10107888232028,normal,none
820,1.340094109728248,14.726919984571886,49.85377516935583,20.70713304526958,attack,overvoltage
821,0.9962214607369805,21.271821360398807,49.800608035087045,33.50658845658862,normal,none
822,0.9984496746840826,12.611348399829904,50.06614747948427,16.322612137312078,normal,none
823,0.9709441437448909,24.811821970446594,50.0136286944839,10.083534910426916,normal,none
824,0.9921643222362403,9.51119852850602,49.92545161158954,21.750779122143364,normal,none
825,0.9854995032562287,20.85219696079938,50.133729185661636,24.012295631384113,normal,none
826,0.9999704349893437,22.213125453550767,49.84611014263396,25.369124599734345,normal,none
827,1.0026851624140014,24.889025999295082,50.09696823602659,28.20887898609352,normal,none
828,0.7931016327454252,16.920918063195945,49.95962148813444,24.40469313170964,attack,undervoltage
829,0.9877395605590281,18.3148323224702,49.96133015231597,7.902342988658177,normal,none
830,0.7911002608798807,23.900207754453177,50.09337343391417,33.63889698298083,attack,undervoltage
831,0.9919525273624153,10.344315209765956,50.046269126002265,16.5872160111118,normal,none
832,1.0014917581287506,19.05530643411122,49.8084033250537,22.955546900456845,normal,none
833,1.317104874330934,21.228813960727038,49.94222782536122,18.580509716330454,attack,overvoltage
834,0.9819592868508935,17.095421596163252,49.969341646807074,16.884882278066122,normal,none
835,1.0015043517227769,15.625932465766418,49.963806945367,24.986713868508353,normal,none
836,0.9990669320316037,22.403858997444523,50.23531789626051,28.960427771955224,normal,none
837,0.9962084130517,17.84028761366774,50.22463856148663,23.608507854422434,normal,none
838,1.0414589061427386,19.72125503229853,50.10144992135536,18.23757873473809,normal,none
839,0.9833235346939271,2.337760240316377,50.071780429617526,16.183555550300852,attack,power_manipulation
840,0.9814613655451302,22.639122243464183,50.04149143680195,17.962095015088412,normal,none
841,0.6245472222959175,18.388089607475006,50.03772161410969,12.572408604565826,attack,undervoltage
842,0.9659733142115948,25.60065281023654,50.01103390671516,30.932926315738005,normal,none
843,0.9984765162652218,1.740737490831884,49.98018721992067,28.99589735375514,attack,power_manipulation
844,0.9957428589803288,18.729635306377943,50.06553115998528,21.7524013499714,normal,none
845,0.6082188791488778,11.698134587727816,49.9787600278326,19.495373966734206,attack,undervoltage
846,0.9735537460586773,18.22359253910581,50.19892201165018,19.24343005553012,normal,none
847,0.9874616988105166,0.9878582771850936,50.13119415945376,37.431755943697155,attack,power_manipulation
848,0.9851930693454582,1.0334843805950567,49.8157199953205,45.05865576662594,attack,power_manipulation
849,0.8303607262975379,18.036141970764668,49.92024402037945,21.461307397776423,attack,undervoltage
850,1.0090904468237707,22.779700302873827,50.00707871005428,38.22094660407352,normal,none
851,1.0257704343950105,2.073790551892661,49.92033926589942,37.67587521517624,attack,power_manipulation
852,0.7997115557131916,24.03265207460647,50.16145903359905,21.89838092171346,attack,undervoltage
853,0.7543991531697887,10.442618294259512,50.17513556546022,22.153112243408742,attack,undervoltage
854,1.3819763403227072,29.38393008350353,50.283995413197076,14.423715037034107,attack,overvoltage
855,0.954809628665687,-0.15879374599542118,49.94619129774387,24.64767461070049,normal,none
856,0.986360891183896,0.0824774497146441,50.06347103055554,45.02019567522386,attack,power_manipulation
857,0.6287047704392268,19.448827236114923,50.197361494837416,36.39987363286996,attack,undervoltage
858,0.9800662051851052,32.02765431486981,50.03500156884196,35.18505036900562,normal,none
859,0.9836601874299837,24.611644931705342,50.008068792002526,27.580023098464807,normal,none
860,0.6781917801298359,20.124511123694727,49.99746609370492,7.077593598534591,attack,undervoltage
861,0.6961442584678361,22.126764445801204,50.147828176462546,27.96859543840831,attack,undervoltage
862,0.9916831975083308,17.12898860791258,50.044487096109975,25.03627580646336,normal,none
863,0.9922440941837805,16.167656418405695,49.97256735025411,10.805546145669691,normal,none
864,1.014661739036367,12.327680883624144,50.07440956383618,20.881604132873484,normal,none
865,1.0079747217880088,27.26615004872075,49.82433437039918,40.879891751078446,normal,none
866,1.0080321611511003,22.889089615098445,49.91307908758609,37.66932302619983,normal,none
867,1.0098250265344275,23.529648912362205,49.99613070483905,38.21472380028558,normal,none
868,0.9866491446846334,20.287937027299634,50.06247482905655,31.356255896122555,normal,none
869,0.984494410742771,17.029704825928878,50.08045539752681,30.24561378805155,normal,none
870,0.9883600581291767,20.89057547878527,50.06428691752426,16.04098055008235,normal,none
871,0.8141941693427914,16.369941417635367,50.03703779523581,26.055878896042362,attack,undervoltage
872,0.996887750052617,19.080519295484446,50.0609564946221,34.5430650148213,normal,none
873,0.6760775674524903,11.183276663545236,50.03508712049024,18.66959136203753,attack,undervoltage
874,0.7208735400861649,21.44644092500823,50.033075972129694,32.878767712599746,attack,undervoltage
875,0.9942155172522346,22.52372736129319,49.95096643776832,5.415796175205326,normal,none
876,0.8463203515290457,22.312404453539685,49.963268644229345,20.813614387151073,attack,undervoltage
877,0.9868068702939963,22.2343251856456,50.030930563733996,20.156964838891025,normal,none
878,0.9980249423664976,27.957291506081745,49.77933910897344,38.07889790905256,normal,none
879,0.6795937213449865,23.581264197551604,49.85707904450023,9.750032462771344,attack,undervoltage
880,1.0023904654271976,12.878689862107938,49.94850597908406,18.364542374949266,normal,none
881,1.352305566698894,21.820929127075345,49.88901926014885,23.085501844149032,attack,overvoltage
882,0.9921033012883533,16.396887805541894,49.9026507600671,24.449764039251708,normal,none
883,1.0067047795010968,19.120409202259047,49.92296254316942,15.710889386315866,normal,none
884,0.9787514192455024,28.235814329959915,50.04573504125477,16.812713047244003,normal,none
885,1.0340656551757166,23.787391824452243,50.07211706422835,17.73272764809148,normal,none
886,1.0276791877530544,19.98963948649802,50.05068800546029,24.20419244957845,normal,none
887,0.9804337425351252,22.32482378079797,49.93702035771174,20.76280322190353,normal,none
888,0.9751855044955438,25.511294827015476,49.89940745518333,18.124876273398673,normal,none
889,0.981628217995122,2.585109299538895,50.110317914819944,23.79073011534455,attack,power_manipulation
890,0.7567553344310635,26.844890075611133,49.93858623913847,24.570918965933508,attack,undervoltage
891,1.3257704755730735,23.60940764511615,50.020995805704786,29.085569183518693,attack,overvoltage
892,0.8198641225774843,18.684880688989107,49.99613898911155,28.839338165726076,attack,undervoltage
893,0.9827719513359928,18.002533873312675,50.09140652195067,37.31424608398285,normal,none
894,1.0278355485276878,21.132076582781377,49.99254014035549,27.354281384905434,normal,none
895,1.0057641078805033,18.36075949836569,50.040719785482835,22.768529620146385,normal,none
896,1.0503689216895233,3.632293629398232,49.86543349375974,21.475100053702455,attack,power_manipulation
897,0.9768574172995482,25.47209708029565,49.759971463560944,38.49140609505092,normal,none
898,1.0031924958011949,5.900246787560061,49.9913783894128,19.77395961163944,normal,none
899,1.1905535322020344,12.793999700056723,50.09651579384789,16.747063482382934,attack,overvoltage
900,0.9491602451864861,16.43585888645381,50.036326477998365,28.915583868568607,normal,none
901,1.0059040280983547,25.393099103195922,50.05673948087121,29.058724201221555,normal,none
902,1.0359888899130074,21.619876971619068,49.96414646313234,16.354858067443708,normal,none
903,0.9909919495665039,17.480912801973794,49.95346802059872,17.078516739920826,normal,none
904,1.0124896401290098,23.54818869177355,50.004183471615505,17.122707206232995,normal,none
905,1.3521310225239795,17.8024410399649,50.07726731498324,30.931552310312647,attack,overvoltage
906,1.024677272160121,12.723118580384535,50.07302294203221,9.277235662020102,normal,none
907,1.0238672643844686,14.79379526404665,50.008612594392154,10.696993859084138,normal,none
908,1.0143117334540839,19.643226455468877,49.94389990159669,37.94182192068247,normal,none
909,0.9873931658899703,20.486164679258266,49.832868143798876,21.484952783395848,normal,none
910,0.9905944407942141,12.715469462023584,49.81944075671439,34.77354154700582,normal,none
911,0.83554227086832,15.93313128670394,49.95596070851456,26.037247708075217,attack,undervoltage
912,0.9508243706014067,23.34348178913218,49.965476850748445,19.28160729898645,normal,none
913,1.0112313079503614,27.428489311180947,50.02111507444099,32.40081069725809,normal,none
914,1.0433151484414989,22.08584638636165,49.90577500718108,27.715686050869735,normal,none
915,0.8225499013806982,17.90680955817919,50.0108075219019,28.233114294926594,attack,undervoltage
916,1.0134397254022345,12.980697761832403,50.213491194378754,31.100125700336655,normal,none
917,1.0165628999346084,26.758825435685825,50.0460753736086,21.22343366394366,normal,none
918,0.9624073956244459,18.50348413458423,50.17212678407671,25.79976173450816,normal,none
919,0.8360483269448378,21.64474967640734,49.81715935025185,25.81182049970883,attack,undervoltage
920,1.2663695296590654,15.318077542327416,49.83295266677102,17.392269231314003,attack,overvoltage
921,0.9860762843851918,19.1063301581549,49.92881553606528,41.66667748449575,normal,none
922,1.0156733118855512,18.328085831355903,49.82863143272342,24.055737170941153,normal,none
923,0.9906817224024699,22.319344998612046,50.17972551110903,25.62821800293056,normal,none
924,1.009728594542352,15.287255459512696,50.23054471637465,30.165772071076297,normal,none
925,1.0030443838948095,12.945296902769279,49.994110179779135,12.692417561427652,normal,none
926,0.9809011406671017,18.384782941200932,49.96561624364269,26.305003194115713,normal,none
927,0.6040840490087909,12.867026264512154,49.85400674397169,23.025805701309828,attack,undervoltage
928,1.0022668838689086,23.05686379454689,49.971315457105476,15.8921723790588,normal,none
929,0.999170568780016,25.90164189388012,49.93657266210034,17.975608398736366,normal,none
930,0.9957124389327153,0.5938685872270255,50.02409503335161,27.207678000146874,attack,power_manipulation
931,0.993171926940597,1.6758005061904773,50.07561579345079,24.03395512714134,attack,power_manipulation
932,0.6558976101611129,15.364606690842955,49.99867322135308,18.467798727182704,attack,undervoltage
933,0.9817425157041862,22.535005283025946,50.02421358225592,-2.766414796951967,normal,none
934,0.9885366734716322,14.408314075067914,50.04184218914503,22.548070998766885,normal,none
935,0.9964318320016876,22.06558063401243,50.09108491585265,14.751138501050146,normal,none
936,1.0073599478173485,19.437328802375593,49.95647410166151,39.71320287520494,normal,none
937,1.3489472545431571,19.452717456472307,49.95508965767443,26.665067777621694,attack,overvoltage
938,0.9971013155369267,19.03109896816445,49.935994966707774,7.052488988883642,normal,none
939,0.7113035209308306,14.520264387298145,49.897040180532365,34.197850743820105,attack,undervoltage
940,1.02296800605588,31.568720981489992,49.96962684644717,34.65289920139182,normal,none
941,0.6504203249556392,18.62959895582444,49.999798617343004,27.303776551450476,attack,undervoltage
942,1.0038120580475287,0.5864044607838542,49.86070517173898,23.32462705170319,attack,power_manipulation
943,1.0110009271062574,19.334291903621178,49.95287502186677,16.253569114773818,normal,none
944,1.0109588826105018,15.68594172512049,49.97384543933437,30.917343345771293,normal,none
945,1.0033376841285089,17.62173883831064,49.97524148557598,31.027474887070547,normal,none
946,1.2568863141410065,25.16872339146284,49.94003818322244,19.22487497030184,attack,overvoltage
947,1.0140613742612075,3.5521644484891017,49.84301138052955,33.26943806665403,attack,power_manipulation
948,1.007973110951221,19.06460262764124,49.97272130872342,34.7909861517897,normal,none
949,0.9930100870502876,8.031131044493833,49.91984384726088,16.054193993216465,normal,none
950,0.9901653774269416,20.794563187860014,49.878896695284915,20.788988421379752,normal,none
951,1.0254653880119426,20.96814313817453,50.021949017436924,38.742839956540465,normal,none
952,0.9970953977662309,29.55097580929459,49.85978499647033,14.265694311504692,normal,none
953,0.6415232316420544,14.895754221490165,50.047233886817324,25.601150207549026,attack,undervoltage
954,0.9851229416912971,21.010789483212516,49.982952965133826,20.322242440129255,normal,none
955,1.0148824023435423,17.73901232805813,49.93127929941054,30.699942138050748,normal,none
956,0.7404284599394013,10.945479519729293,49.99816850013954,19.59924055903223,attack,undervoltage
957,0.9927865419014863,17.807635037557237,50.13489784047274,21.547725745386924,normal,none
958,0.8145936111283785,12.008499015671845,50.01758735486906,34.81554206149086,attack,undervoltage
959,0.9962967640303205,27.688355961903873,49.983357573023,21.379467806461726,normal,none
960,1.191557671119106,23.48230268890802,49.90717532510289,29.685323972677885,attack,overvoltage
961,0.9861571766078356,24.552076365746707,49.98001696259003,19.008187741329937,normal,none
962,0.9939384503334184,25.18743136580698,50.11600402154371,31.600051059828395,normal,none
963,0.9946444919792916,15.738316411741861,50.130218886302224,24.46484045395542,normal,none
964,0.991306833408098,19.49439906825517,50.16555957221749,19.056751446059913,normal,none
965,0.9981853758753696,25.02692119912732,50.169758736007736,24.15874085749521,normal,none
966,1.0152480999162754,18.857861566236885,50.16853561552265,23.133842040791986,normal,none
967,0.9817312462658203,17.94013026705569,49.802388483203956,31.27716317612868,normal,none
968,1.038352769978584,4.651950001909054,49.90169218628424,15.725093713481538,attack,power_manipulation
969,1.360421871187663,20.81473695474375,49.90476264384545,14.267880940530965,attack,overvoltage
970,1.0103165076235399,13.307917102247245,49.97952491350312,34.93125355168221,normal,none
971,1.0205335224909495,18.815345615173264,50.08607209262834,27.385072155983043,normal,none
972,1.3197026657791011,21.339270113425602,50.107772600739096,15.508904022586247,attack,overvoltage
973,1.0302200459829998,22.96808257325288,50.01968843949515,19.1795609189565,normal,none
974,1.2800750933217806,15.462392131043174,49.98880857976096,17.463207669182864,attack,overvoltage
975,0.6532651844581525,21.539369722232287,50.0498253757417,35.513168761292,attack,undervoltage
976,1.0052216102069185,29.56669293003089,50.01549134512012,21.113920890070453,normal,none
977,1.014733064098159,21.52158104539801,49.99892894282715,37.587100464306886,normal,none
978,1.007552548492884,26.981437442549357,49.903046102834566,19.255738260463467,normal,none
979,1.0358665451116833,24.08682048132081,50.01517725071685,23.917217231408102,normal,none
980,0.9538808280122238,29.941737821716735,50.17778056213379,5.330511026588596,normal,none
981,1.3027992121703171,22.656812160683376,49.90004130446668,25.967434826468175,attack,overvoltage
982,1.0406400612727946,20.18870844856336,50.058790968897036,20.138270672391513,normal,none
983,1.0275836950220993,29.924661503254455,50.07610223837619,29.715461107042486,normal,none
984,1.0148940898311365,20.974119242378823,49.912763945571854,30.3209691607686,normal,none
985,1.2325453540123923,13.855517464487976,50.20054300771221,21.211200598297562,attack,overvoltage
986,0.6563475097217719,16.309524267446566,49.97730897364604,22.045263044822217,attack,undervoltage
987,1.2710986644833187,20.320061417016447,49.95994294734656,31.48949180609491,attack,overvoltage
988,1.01373539748507,4.909742575034805,50.078789374523055,13.576884150016474,attack,power_manipulation
989,0.9826659221058484,20.53016381699908,50.08666457462486,25.207246930123507,normal,none
990,1.0061164848406534,18.870389446569504,49.918685493962826,19.629346279529106,normal,none
991,1.0064970688242434,26.670362460847215,50.00373552664651,24.079825343531606,normal,none
992,1.0037610888259632,22.599822141124807,49.824309064828654,30.47423127689298,normal,none
993,1.0022603497782059,0.2465876397601513,49.84148297172314,13.322661068704047,attack,power_manipulation
994,1.0310238324226353,27.733412114541352,50.13112504829736,25.566442293925974,normal,none
995,0.9991436958666996,25.137372396761304,49.78850994445122,23.264161032173963,normal,none
996,0.9731207231009867,10.130760258955489,50.023246921682826,29.245194193006313,normal,none
997,0.9857939456611544,18.181278408320132,50.04351277331257,22.767406865685768,normal,none
998,1.0244421224597962,12.811549387531443,50.04317397409243,17.390415805708397,normal,none
999,0.9672794837972056,25.74500357575129,49.92665829024745,27.791625000030088,normal,none
1000,1.1770357570609116,25.344341771114657,49.98358276960567,12.778847228784088,attack,overvoltage
1001,0.9578277862622346,20.219067526058037,50.025169891271105,24.150801403271384,normal,none
1002,1.0219141153133506,2.2287608469039277,49.93845393912606,24.529757426889827,attack,power_manipulation
1003,1.0059664597187021,23.058449730835452,49.98095853213137,22.29462563330978,normal,none
1004,0.9909644093046083,25.564958360775023,50.08882758744164,32.31347368265418,normal,none
1005,0.7692575566089024,18.097580477803493,50.04129193566607,15.869675998354582,attack,undervoltage
1006,0.9878061248738129,1.682714000385042,49.971364478073276,19.33140258021113,attack,power_manipulation
1007,1.0247817632820375,22.69636152045302,49.827599062170755,41.151930762771485,normal,none
1008,1.0194673364086868,29.45872103811461,50.21769144372397,23.752464642783128,normal,none
1009,0.9773216302724546,0.2653737224926811,50.124004650370665,24.69561264990478,attack,power_manipulation
1010,0.8296324573273142,23.712744844548258,50.06878045442069,20.61634882187844,attack,undervoltage
1011,0.9984192140955306,20.234758847867717,49.86633880791764,37.33054410741503,normal,none
1012,1.0064711680415745,24.317105879357307,50.08964349461289,14.553196154832325,normal,none
1013,0.9989979501920537,12.83644943683938,50.00047344380185,23.742262792635344,normal,none
1014,1.0143458961244654,24.17013088372029,50.1272960683003,20.179289637365308,normal,none
1015,0.9987618367694936,12.620345185798595,49.913508453424576,22.953190156337726,normal,none
1016,1.0114258711666138,22.20568188847226,49.94550087548859,22.845171829187173,normal,none
1017,1.327294629190833,22.180399159786322,49.92021806107227,10.358409411578876,attack,overvoltage
1018,0.7189157663667461,11.224131685673127,50.060790822227894,47.36497613409596,attack,undervoltage
1019,1.2787791189018265,15.607235848895865,50.10855631364055,33.373956589241516,attack,overvoltage
1020,1.0170749529175567,18.786780305396128,50.0750785304393,29.018488312407566,normal,none
1021,1.312205794970717,19.529878041063935,49.98081751705331,24.482815441397864,attack,overvoltage
1022,1.002966959126208,13.940957536810213,50.09206176016096,31.543729927802246,normal,none
1023,1.3342276057071762,22.205664117919717,50.017295188427504,30.171968074418206,attack,overvoltage
1024,0.9803308234908868,23.12124119462592,49.94854286596749,18.460766438571486,normal,none
1025,0.9821561901710116,3.543220689833256,49.90090320284056,24.205342475206145,attack,power_manipulation
1026,1.016299775479615,19.020462669479162,50.216572854978956,13.79800599435797,normal,none
1027,0.9847943747228994,21.13572058897309,50.017139432801926,21.884795579827106,normal,none
1028,1.0126606731056866,19.914065985830078,49.927252820663654,14.701426973344663,normal,none
1029,1.1545739839423137,11.911929397174832,49.92795240411057,13.442099906644108,attack,overvoltage
1030,0.9841922850404627,18.218989915423315,50.06367059130344,39.27568581517742,normal,none
1031,0.9759351860800258,13.357472691667551,50.04636740111692,29.69497210062449,normal,none
1032,0.9976420103957564,12.260057375821427,50.08118081978359,41.46138141023326,normal,none
1033,1.0028516908042067,23.19795586767111,49.92105269168625,23.63821545748506,normal,none
1034,0.7143993197531063,13.469536134121743,49.937529127756605,25.042592571404764,attack,undervoltage
1035,1.0424876801988756,10.175397934469341,50.019103558554804,29.14375951202187,normal,none
1036,0.9818369053351409,15.72001639539933,50.175588979359695,36.52133606652111,normal,none
1037,0.7396540087778042,20.13813496918325,50.04042729515851,23.118096850294286,attack,undervoltage
1038,1.0053356832172455,18.242181214941525,50.137436246367685,10.833618870660958,normal,none
1039,1.0156565136930478,0.6186867668457496,49.95908188386231,16.90297529284925,attack,power_manipulation
1040,1.0034906182209498,14.665287568959954,49.95146479432605,24.640530894152583,normal,none
1041,1.0074143048026274,28.645130335851125,49.91460481597482,36.44643325898653,normal,none
1042,0.9810562095018504,15.971831561652612,50.0603090478666,22.220320538542943,normal,none
1043,0.9921387049775227,11.941611159036933,50.032758810914366,18.80759868383083,normal,none
1044,0.9927493336827398,19.459527336282836,50.07557066033077,28.315212488242135,normal,none
1045,0.9879469553796383,22.51766586146197,49.8665241805306,26.51900927077644,normal,none
1046,0.9969032916631322,25.68545924548036,50.07575399748626,21.785292676792945,normal,none
1047,1.009268587200716,16.41095805635599,50.06011585528475,27.824990611751062,normal,none
1048,0.6305628080307017,19.912449449278455,50.09983571172508,37.2902328434153,attack,undervoltage
1049,1.0175682964866786,22.936802276832903,50.00959808056806,32.10159972658677,normal,none
1050,1.002262236885222,14.974807059421778,49.93799718215997,27.7172462649202,normal,none
1051,1.3429615911032027,14.564311697162795,50.008424254832946,30.426610518024667,attack,overvoltage
1052,1.0077791654484463,14.647125226534174,49.96270460484095,20.062547166392683,normal,none
1053,0.9854601423897318,13.069898448806399,49.794600422809786,28.192007280595664,normal,none
1054,1.2755459641111115,26.3167643186978,50.04654187109786,23.222503233115283,attack,overvoltage
1055,1.0030260953830135,16.09307403332404,49.87495786743705,27.071357127159153,normal,none
1056,0.6641594443812067,14.636234246994334,49.94890082604779,27.411521222952405,attack,undervoltage
1057,1.022173872790501,23.37512391381436,50.00433913874468,16.368525074137946,normal,none
1058,1.0158731212477377,19.849679605358368,49.97198985771367,11.584926866586494,normal,none
1059,0.6869445361491129,15.80471156317995,49.93078660100667,27.952552130076455,attack,undervoltage
1060,1.0029071794543496,20.976014583200538,49.854875930632545,39.85183563163467,normal,none
1061,0.9849635660413559,18.19412999296483,49.90950264403496,22.428086992000846,normal,none
1062,1.024808444285564,21.7225351739806,50.04715442677547,15.692283429714086,normal,none
1063,1.009167624786698,26.747032674665892,50.16600010551164,25.170133597652207,normal,none
1064,0.973729334786939,29.106729727869094,50.017872677336776,32.079266199663614,normal,none
1065,0.9653479037196504,25.720067957906913,49.99093600996138,28.210237846138583,normal,none
1066,0.8234704327777582,16.223590355803648,49.958356788130466,17.299259367997955,attack,undervoltage
1067,0.9528469577506171,26.908526479479264,49.97401828268669,22.102466562821522,normal,none
1068,1.013881873163212,26.7063287013457,49.944742649580256,23.237891495545643,normal,none
1069,1.023473654084199,16.00817490987734,50.035969273215684,31.870139428255225,normal,none
1070,0.9966868165351408,23.50034142682256,50.04785378312886,25.447185478978913,normal,none
1071,0.993519239448154,21.06096316415044,50.09990771816978,38.815924746677474,normal,none
1072,0.7447167846199255,22.15626598076119,49.954436629032315,11.568239696351366,attack,undervoltage
1073,1.0210209836018318,13.673278820261565,49.94936477295378,9.442179686095104,normal,none
1074,1.0109780910714548,13.334171475732695,49.85512637934422,19.44320967486749,normal,none
1075,0.9796488110022346,25.84303191869908,49.91360151656227,36.71677820540962,normal,none
1076,0.9612786158651003,18.121405099559208,49.9024708327207,18.717683727805642,normal,none
1077,1.0139007271075973,17.091833185560585,49.98336408621091,21.86964858541709,normal,none
1078,0.7126024322707216,18.33017933427722,49.884526720377465,30.762850590119132,attack,undervoltage
1079,1.1987058147780887,15.895038533264461,50.063398948259405,18.035661544395214,attack,overvoltage
1080,0.703833399749482,16.334835559886375,50.12009601016793,32.25547536767106,attack,undervoltage
1081,0.9940297394660216,22.58027965095826,50.16895002399841,24.598393547855352,normal,none
1082,0.9790665378417103,21.966657685762424,50.11806566071828,26.85357474244023,normal,none
1083,0.7396053422829036,16.73239281924628,50.10956050891917,23.827749245520653,attack,undervoltage
1084,1.0109035995750082,17.51569705503212,49.94238691709053,17.445746373073845,normal,none
1085,1.1514919008776778,18.84893280924265,50.090436666473295,28.552717584264258,attack,overvoltage
1086,1.0235287331873817,17.006563411200744,50.11849293255282,33.78609362284302,normal,none
1087,1.0005021503765703,17.68969242442348,49.92441731207755,22.901324800642783,normal,none
1088,0.9966034371788624,12.27691530127328,50.14196906023763,14.969128832193618,normal,none
1089,0.8201818070352875,21.08524951491033,49.91429212132864,22.34064827482454,attack,undervoltage
1090,1.0176039120763096,20.125181131366055,49.98544774555728,42.39610771936913,normal,none
1091,1.019050195888324,21.058252199004865,50.05332643805205,25.080001522570935,normal,none
1092,1.3204256254656828,25.391211146448356,50.142359953890164,30.954688825228693,attack,overvoltage
1093,0.9958660273425877,1.5097753202093478,50.02540662321954,30.90138047091783,attack,power_manipulation
1094,0.6596752317952279,21.990131636446407,49.8300689700189,23.554924466416082,attack,undervoltage
1095,0.9874331598189363,1.0733323895358204,50.01966258817239,16.42922367795373,attack,power_manipulation
1096,0.9686186974941132,19.854180560129347,50.16629182088584,9.636590778771142,normal,none
1097,1.0162930950226243,14.198641798229287,50.02792055807687,23.648393278317972,normal,none
1098,1.0149354625605442,3.2222104382473375,50.077491351131215,26.3246868686985,attack,power_manipulation
1099,1.0031177807844398,11.012949761160879,50.06053821115339,18.90357620467133,normal,none
1100,0.9936429304613699,22.26058176791487,50.10854112759155,19.729551647124993,normal,none
1101,0.9657715037644585,21.278955240927587,49.76442503632005,15.12489518044415,normal,none
1102,0.7900721512208404,29.530933437774927,49.86604872371656,22.84210044747358,attack,undervoltage
1103,1.2442487620937892,22.559704175113488,50.170506753428384,22.966843353024835,attack,overvoltage
1104,0.9906742522410752,23.671115267187922,50.11284228820879,30.94842715274926,normal,none
1105,0.6231410750796048,18.01542689806578,50.045334971776846,13.714215767854045,attack,undervoltage
1106,0.6523729343833524,24.79942697485194,50.10810438121413,28.43747652189728,attack,undervoltage
1107,0.6652465117684128,19.920721112037324,50.106021529331805,41.095845810000554,attack,undervoltage
1108,1.1835991691235908,25.41980314503259,50.11026439530327,11.420564227535433,attack,overvoltage
1109,0.9895145740519189,1.1207611424982689,49.98356572889678,28.50158299536493,attack,power_manipulation
1110,1.157131890874191,11.282562636079769,50.09780606581834,27.727766012553037,attack,overvoltage
1111,1.319384734173413,14.82869163596365,49.81704427326805,20.89548315622959,attack,overvoltage
1112,1.0105196214521655,20.033988824011914,49.79373654349274,36.867841427967065,normal,none
1113,1.0019086842368468,24.856036936640237,49.798062168740074,31.985857381224026,normal,none
1114,0.6338802355979971,22.559573714656164,49.92140079781756,23.473690881190997,attack,undervoltage
1115,0.9987302002342769,15.58618764655748,49.936205642621566,19.499692546421763,normal,none
1116,1.0212507231605585,23.410316788717086,49.772056889943954,37.50199700444122,normal,none
1117,0.9736026401995208,24.352140541975423,50.00155279641639,16.30039758781749,normal,none
1118,0.9493708553655071,33.45394222081532,49.98816533561057,34.66588311111283,normal,none
1119,0.9678080272778445,10.931720541151686,49.939599817617456,33.7710749380929,normal,none
1120,1.0114777156766124,20.93338070188552,49.839934178141384,17.26052968072453,normal,none
1121,1.014072385368994,25.313128288040378,50.00243370830258,10.599399232414855,normal,none
1122,1.014221597647871,31.945279934016796,50.14264470210597,37.506552749749325,normal,none
1123,0.7537232374127095,27.463324609336034,49.98050715899276,31.417609463762115,attack,undervoltage
1124,0.9746811172819692,28.443811434622845,49.96630419357723,17.43555557148021,normal,none
1125,1.0045944039440318,13.103301105620023,50.05388701133035,32.09329009557474,normal,none
1126,0.7620996205728068,16.879858461683014,49.930626665204045,14.049274818623353,attack,undervoltage
1127,0.971405609337898,1.8880851289347582,50.019339103600586,45.52586704546312,attack,power_manipulation
1128,1.2501198199385737,19.389493321606142,50.05604096946878,32.41333789591643,attack,overvoltage
1129,1.3010179264999762,23.793656885284538,49.96874311698176,15.851709572220038,attack,overvoltage
1130,0.9954726155286449,12.377894655043352,49.95248431247981,26.957662371968723,normal,none
1131,0.9773234825889299,23.359326570020855,49.914699322138055,34.290964151651295,normal,none
1132,1.002483075538066,21.38386647983094,50.13716164121661,35.08532568638804,normal,none
1133,1.1922324895891274,17.90360353859792,50.14168666323522,10.53577977766955,attack,overvoltage
1134,1.042166303049468,18.765498143404173,49.94327772377861,20.63784304725148,normal,none
1135,1.0262034776541933,24.84943046786599,50.04088420037958,25.19878216182402,normal,none
1136,1.267233052094166,23.090280577771143,50.02411901720313,26.664603625240822,attack,overvoltage
1137,0.9957255993301621,22.76038781095041,50.190067812028424,25.661720458589077,normal,none
1138,1.0107585507314991,14.408662410381545,49.852902507090704,22.53429222245386,normal,none
1139,0.9842532678711182,3.2641732837503685,50.14987890948994,27.76034704911023,attack,power_manipulation
1140,0.9832375327715267,23.539376997383435,50.07342895131435,30.105246706315093,normal,none
1141,1.01704488399082,16.492169688710735,49.99031284154295,24.755349062748916,normal,none
1142,0.9780317470660396,24.0937325623885,49.95736233985663,15.27302889755133,normal,none
1143,0.9762871475739986,19.38795093395138,49.926146694997556,19.88211814185822,normal,none
1144,0.9861384665275302,21.603188332623777,49.9818276981316,19.392436186269812,normal,none
1145,0.9979900136143047,17.287576931749747,49.79090109513226,23.060310674946614,normal,none
1146,1.0074234391031514,21.497972170074227,49.817669470027504,30.83281421849993,normal,none
1147,1.0420859732432017,17.251895320680564,50.061473919033595,32.05469492955385,normal,none
1148,0.9783569652454458,1.2175098002327867,49.964262785241694,21.638128690782754,attack,power_manipulation
1149,1.000258641343357,20.98921672829842,50.004291881047266,11.080012364467015,normal,none
1150,0.9759797936869098,25.1351983174423,49.95966277942051,24.37087487896154,normal,none
1151,0.712384825327954,10.932993701781884,50.01355352140009,11.807018848033435,attack,undervoltage
1152,0.6167153863770373,23.478831984825224,49.934671115639425,18.92032660574335,attack,undervoltage
1153,1.0159532569764818,21.26007934685361,50.01292042890341,25.901192925957027,normal,none
1154,0.9692920405670257,12.475863256984871,50.025373463114484,16.182823269203585,normal,none
1155,0.9937610109848987,12.776036248483226,49.97527924492738,19.981773703905198,normal,none
1156,1.0045856785308147,14.077947644363146,49.98558641913028,20.725747472993376,normal,none
1157,0.96590038037333,27.49292670995043,49.835484267548466,25.876762109174773,normal,none
1158,1.037688265456565,17.32585968407597,50.00723867589705,19.93720534521666,normal,none
1159,0.9917500025820428,15.899476909566658,50.03616617779519,26.69429141061342,normal,none
1160,1.020570816273626,15.73733128403527,49.824549588918835,34.05054595987646,normal,none
1161,0.9973503515093037,0.3732530465641365,50.04389246889034,15.726580038404483,attack,power_manipulation
1162,0.9877089848579667,17.929143859320508,49.92253184074207,31.409786324325864,normal,none
1163,1.0079589899864532,18.44158334965735,49.97292736604943,31.4475163697861,normal,none
1164,0.9891236587747575,20.308639024238776,50.0869426013182,6.794026059749267,normal,none
1165,0.9799620952384548,28.62448102621358,49.89769284423399,26.00728972880693,normal,none
1166,0.9899184932486728,20.681537227402742,49.90725980381571,28.005910566292833,normal,none
1167,0.9912322174239266,17.989874600376236,50.11750951505086,12.386288996469778,normal,none
1168,1.021039248493425,23.708282373522366,49.82246193131662,18.444682971084767,normal,none
1169,0.9741628367562717,2.9050893907468103,50.162209827847704,18.40409806527053,attack,power_manipulation
1170,0.9850380025377925,15.418152031713808,50.0895162777676,11.726294710288952,normal,none
1171,1.0051256913295221,13.543965542966358,49.97133213726802,19.560402578918136,normal,none
1172,0.980678427874958,21.561488516570886,49.99726367845713,42.69480395174527,normal,none
1173,0.9642346424080394,20.26221258922199,49.889621778331254,15.959280667831418,normal,none
1174,0.9961340066713062,4.433577477115561,50.097627812758105,29.219091044616594,attack,power_manipulation
1175,1.3958866219232962,14.815738565379748,50.13634309010186,23.644783790459538,attack,overvoltage
1176,1.0154912790639934,12.815492531249966,50.13653338916884,23.730460887471384,normal,none
1177,0.984721496032567,4.266137993482182,50.02063452266221,24.419299473918244,attack,power_manipulation
1178,0.9969499160910065,19.951999992884307,49.93230889155953,35.790021509820214,normal,none
1179,1.0213807312856278,20.564611893748953,50.189826592064776,22.57784539168671,normal,none
1180,0.9986694536587087,19.06350614070749,49.976106178162276,13.30222440664561,normal,none
1181,1.2680440222410185,15.115980944864589,50.01651829350991,32.49671234482327,attack,overvoltage
1182,1.0055065356883126,3.161899329444103,49.83096127114883,25.539836713961673,attack,power_manipulation
1183,1.0253739478671806,3.3015577801715863,50.246422771585245,17.680961107535122,attack,power_manipulation
1184,1.0298933950652325,11.9982495000112,49.828070258891515,20.980149868150136,normal,none
1185,0.9745973499515181,24.290930515113512,50.04803722542165,20.855244328220298,normal,none
1186,0.9767576499475554,10.822053582590748,49.93527299127351,19.044950392060358,normal,none
1187,1.017535035778488,18.917095443230124,49.8028523726245,34.32285704349388,normal,none
1188,1.2936185392228206,20.72778733705168,49.952981990842304,25.11711989829719,attack,overvoltage
1189,1.1791533792817752,5.703177628511089,50.045376952444094,29.191990436076132,attack,overvoltage
1190,1.368740307457165,24.333946758659962,49.98001777351189,43.66403523909459,attack,overvoltage
1191,1.2816649993214395,16.26523901062001,50.05175170499093,17.32884026230587,attack,overvoltage
1192,0.9946327858086993,24.155298116054205,49.90235855654515,19.94797990063517,normal,none
1193,1.0410671910540537,25.512354197472362,50.20116721133231,22.06852826013196,normal,none
1194,0.9865096808998014,17.24718064480638,50.12035533804404,29.752672415806494,normal,none
1195,0.7856925730146361,15.00357284014727,50.12910523611848,15.200961371906724,attack,undervoltage
1196,0.987923302222863,22.852387229011775,49.959991564649,33.263138769501126,normal,none
1197,1.0313194412364253,9.602712805178985,49.87053413537937,39.12435481721044,normal,none
1198,1.0026684805043882,13.768347148851047,50.1364951465236,11.101711407418168,normal,none
1199,1.3250061462402902,26.054228710089053,49.990849810776346,25.720734077318312,attack,overvoltage
1200,1.001337160661163,22.610283025695747,50.228506211534636,34.96467507828792,normal,none
1201,0.9708368460093677,0.0659564004790053,50.09338822810819,26.0034217800603,attack,power_manipulation
1202,0.6647996509104954,18.8844854956252,50.08057825947423,35.3675099773357,attack,undervoltage
1203,1.012864462572833,16.53411504796078,49.885392745442914,23.578415987348325,normal,none
1204,1.3734451538021955,18.303064516795338,49.92725005225182,25.40393885074093,attack,overvoltage
1205,1.0003929187128193,26.217174557912575,50.104441997391994,14.739559772540849,normal,none
1206,0.9818074466934976,16.38392385313816,49.82835854159815,21.685434725688168,normal,none
1207,1.1732629956497345,16.101009663314823,50.03514448104795,23.223868475776385,attack,overvoltage
1208,0.9761169523374127,23.913444499443802,50.02845190563745,28.84866426292206,normal,none
1209,0.9819423073361008,18.401492616546133,49.949244463659,19.839141734997142,normal,none
1210,1.003789574569225,3.428193875072147,49.95603655253984,22.748717970825805,attack,power_manipulation
1211,1.003017988247761,18.89854699157906,49.95400476505397,33.37726985655114,normal,none
1212,0.9986565838850606,27.65893088480565,49.93985243132166,41.65165393791972,normal,none
1213,0.8243296048545643,18.315128085718726,50.13160743426483,11.347216599440916,attack,undervoltage
1214,1.0077636070484346,21.559229337970887,49.91055658384974,28.402119464151536,normal,none
1215,0.9932232287278354,28.472058679719495,49.96574548708536,32.159471823599766,normal,none
1216,0.9949335131952791,18.475799733461237,50.01528204266881,16.8783536378984,normal,none
1217,0.8110458585052267,19.89263969556431,50.03423087783341,16.12465048018973,attack,undervoltage
1218,0.6396444660278569,13.514382949907933,49.864378592641316,23.614663347507108,attack,undervoltage
1219,1.0170690389316686,19.41267464339917,50.17795886998854,27.773025220654947,normal,none
1220,0.9892229661983808,19.421434798467494,49.990723459219396,29.28356315539363,normal,none
1221,0.9718924330633634,25.285451059627064,49.984077779575436,24.173985944937673,normal,none
1222,1.013485627639184,18.629028122384206,50.103628814418805,35.46513036966825,normal,none
1223,1.0134662706957966,15.774829013348352,49.94928809617238,22.02868246135119,normal,none
1224,1.0112823201162788,20.997318397869133,50.10933423650369,27.869385798717378,normal,none
1225,1.003616645212804,27.03571077353192,50.0679684910922,32.29079381013612,normal,none
1226,1.283417486856166,15.021182521530298,49.82840631325011,38.82201834637607,attack,overvoltage
1227,0.9702215467281139,23.933398514847344,49.92524449705759,25.994574133856815,normal,none
1228,1.0302690579065892,20.43496891658883,50.0987128834376,33.61620550146277,normal,none
1229,0.9977375678872086,0.417082500826797,49.944383149018144,25.49421217264653,attack,power_manipulation
1230,0.9843862446870687,28.55641853862413,49.918146354643284,20.797840934592177,normal,none
1231,1.0101268246673574,19.898533920583645,49.96480288119372,29.119669925740617,normal,none
1232,1.3664778646074296,24.005587153578386,49.85154313769984,18.969544137733102,attack,overvoltage
1233,0.9854673553010688,20.314647582905167,50.198500553065664,15.899428122640694,normal,none
1234,1.001299455542973,17.373575618669072,50.0416320089967,19.346929369596946,normal,none
1235,0.9985076149288331,18.608186537608468,50.06321105353227,5.870168238741769,normal,none
1236,0.835036005921657,19.37636454006847,49.94218021568063,28.893474180957654,attack,undervoltage
1237,0.9853582491464953,11.38792370868303,50.173113141777,33.01791507089619,normal,none
1238,1.191189340496969,13.162825718181919,49.95222083127422,33.71423285016309,attack,overvoltage
1239,0.9681567726989255,22.348684028846964,49.84420373145832,21.7709226343499,normal,none
1240,0.9995050069314027,1.2999220278055974,50.001737583027634,11.343819777823693,attack,power_manipulation
1241,0.9968498807232259,3.662234051066262,50.15763726474791,32.8579770283845,attack,power_manipulation
1242,1.2709914429247782,31.3766004836804,49.933264627154436,36.41054393962598,attack,overvoltage
1243,1.3663953214604563,18.979768019171754,49.9637268722677,25.006136772301762,attack,overvoltage
1244,0.9762233954724826,27.63193686485682,50.130177441560356,25.144402795385417,normal,none
1245,0.8298388241226933,13.681276641099702,49.92708856047926,31.80558075636528,attack,undervoltage
1246,0.9910663946606564,20.58720058777256,49.874199971145615,29.998239842022155,normal,none
1247,1.024048019810965,18.50823745178461,49.89732768672003,35.64761312545125,normal,none
1248,0.9733718397599596,23.07560336685641,49.97939043992624,32.45780213213369,normal,none
1249,0.9862197582055656,4.48571213044551,49.876683277524876,18.873683101107446,attack,power_manipulation
1250,0.9730506381262004,21.64696146165563,49.94175109407816,14.518447231170432,normal,none
1251,0.9792066165005154,19.929655746933197,50.04194576092991,27.789088486306774,normal,none
1252,0.9837888888181541,27.435834411558194,50.16022369241665,25.924911346461794,normal,none
1253,0.7965837112812485,32.245477450508744,50.00896144028415,28.36461404455421,attack,undervoltage
1254,0.9896849316495397,15.672576328717918,50.092123918593614,34.309768293648986,normal,none
1255,1.035745823889051,19.88397430073638,49.927475352643,18.64037770585772,normal,none
1256,1.0091590916115027,12.854592547605897,50.06776560479507,23.789563913613545,normal,none
1257,0.9771840527937717,19.966862604231597,50.19878606176128,8.818779320415754,normal,none
1258,0.9990494524154375,12.717898078091867,50.01143586719714,32.583633401252435,normal,none
1259,0.9908622056001956,19.04483417731288,50.0372086944661,20.52801848368176,normal,none
1260,0.8199489643578198,25.92906157585823,49.994659760796196,37.001849073311654,attack,undervoltage
1261,0.7181192482852687,24.557425845918956,49.889975867135256,17.23037684236631,attack,undervoltage
1262,1.005205515465317,15.566627595258453,49.971051829096574,12.52453371130856,normal,none
1263,1.0004037984259702,20.887515418785163,49.959788444265676,25.485623187849264,normal,none
1264,0.979785690114139,24.90215873724989,50.080247468662144,30.698180859438793,normal,none
1265,1.0083339938049998,16.025906517088874,49.9513146283933,23.989494108357764,normal,none
1266,1.0193400657253942,9.256545467973547,49.94383167541931,36.1728105580537,normal,none
1267,1.005982414279732,19.857017117954204,50.17059878687214,38.964674433331766,normal,none
1268,0.7946750543572834,20.080946164462883,50.0391796910603,19.26114872243162,attack,undervoltage
1269,1.0226379290212468,14.464211152295352,50.000948543358874,14.523356702366089,normal,none
1270,1.0002216045835308,14.521378309675361,49.92855958451394,26.874998673016602,normal,none
1271,1.0241826349760008,12.139651112226318,49.94655282831352,24.709065209763033,normal,none
1272,1.0134659254856921,24.78474027090553,50.08818450313695,44.358125936856524,normal,none
1273,0.9803955879744327,23.36097701314386,50.058317922638174,26.68216012016459,normal,none
1274,0.9974419112428968,17.601720668679864,49.818667835062094,33.289002340948926,normal,none
1275,1.3253297209194814,14.696148549964732,50.15050836198677,33.81905401606007,attack,overvoltage
1276,1.223216461123177,26.586852094617434,50.09268390683942,31.508050488929083,attack,overvoltage
1277,1.0069887099691996,26.27303009751787,49.97055142077492,24.782083445332013,normal,none
1278,0.9762222960977296,19.168784958549796,50.08682454622888,35.57394582968295,normal,none
1279,1.3997938594969157,27.076912463845467,49.843536499553004,27.302375494392884,attack,overvoltage
1280,1.2610018678992214,15.170648876646126,50.03684254712006,23.709739218705025,attack,overvoltage
1281,0.9968565574525069,14.65206033545865,50.09397250636987,14.653671523155262,normal,none
1282,0.8216017669691837,26.84230846263559,50.04121106285829,30.433168335037937,attack,undervoltage
1283,1.001482230399013,0.41275360893670454,50.0303324298599,32.70476602536579,attack,power_manipulation
1284,0.9817618401865887,25.719090229253894,50.17629500436515,33.916933858608935,normal,none
1285,0.9750498692588396,25.141762813331464,49.92524959683017,14.385167750311433,normal,none
1286,1.0097094638049686,15.979664350859064,49.985250056950505,16.72332366411375,normal,none
1287,1.0129270911978787,24.084353051097757,50.09892724492255,31.00988850661429,normal,none
1288,1.02491514121417,15.872786186908712,49.88434880560144,32.56882864944209,normal,none
1289,0.9784785068570186,27.718459942579074,49.9636321168223,27.48024465589941,normal,none
1290,1.0071985644186903,16.382222836363752,50.0894363231721,28.91898163548962,normal,none
1291,1.0051106886475099,24.333398520130565,50.09197428582503,25.465070143650703,normal,none
1292,1.017896146377805,18.428387299255338,49.985558882547636,19.14385986943123,normal,none
1293,1.0406814804729887,17.423161811400092,49.97798810842123,22.811068548849764,normal,none
1294,0.9944398660629084,18.83350088243446,50.01882923239536,23.254767769463037,normal,none
1295,1.000400829280892,18.76444026608133,49.90949553694952,29.093285712229147,normal,none
1296,0.9817547215295533,16.562881024841914,50.03243175415302,21.124879090295707,normal,none
1297,0.9922713451229217,24.693736890862418,50.06699409727486,19.93564599384309,normal,none
1298,1.0292743224733691,18.555135086255568,49.948886946873614,32.85837698443208,normal,none
1299,0.9954296106156789,23.710448463589962,49.9562412958097,15.946060453866519,normal,none
1300,0.994653069688672,3.5686248276395744,49.990076814822835,21.000208381138783,attack,power_manipulation
1301,0.9776207699519889,14.84205713076507,49.96122996650235,7.295810666647817,normal,none
1302,0.9631802055324895,4.228483869856444,50.03555885286611,20.300145282848725,attack,power_manipulation
1303,1.1703543774869845,31.12191691902139,50.08311493940009,31.409956775501747,attack,overvoltage
1304,0.9601482823388043,17.477408931178932,49.95065515261666,34.18238734006264,normal,none
1305,0.9940149783270602,23.52597267749452,49.98318897308071,14.646742625075987,normal,none
1306,1.0426144521471834,16.577528089911482,49.94816795680071,36.67878338720349,normal,none
1307,1.0010721897673658,20.171399899535395,49.8661088492753,32.45308959922066,normal,none
1308,1.020055394494989,3.393222823480346,50.063523459582335,34.40991849025065,attack,power_manipulation
1309,1.035936299376587,10.436883966344682,49.919115637031645,31.888464855575386,normal,none
1310,1.0182084614745615,21.035818615316416,49.99924306325681,26.149544765026366,normal,none
1311,0.9884407772225815,24.314133820563175,49.949924200629056,16.258699899184766,normal,none
1312,1.0153557555640882,31.05551743682607,49.93118519854495,25.22189767619782,normal,none
1313,0.9785064970457936,12.449609724830438,50.17335490937033,33.10219285343278,normal,none
1314,0.9977413010182765,25.97584412626027,49.933557111250416,18.443077429614007,normal,none
1315,0.9987840786198728,15.850040345618169,50.04598244000343,20.781396543672745,normal,none
1316,1.3881969341032678,23.67310408239196,50.045283266582224,22.860063689227765,attack,overvoltage
1317,1.0165402339930019,24.671080278241476,49.920389398899296,35.02201255630857,normal,none
1318,1.3091331801699697,21.433927757262218,50.077035666578354,39.81208729115268,attack,overvoltage
1319,1.0056850944756754,28.2782819334417,49.874312845646685,23.363605770521072,normal,none
1320,1.0353172802778872,16.856412572744013,50.190402736093525,34.57712255260916,normal,none
1321,1.0164961902802085,23.193753068861618,50.11196051272177,18.06941550419031,normal,none
1322,1.0117375838244995,15.83429734243403,49.805160544446395,21.630034407708468,normal,none
1323,1.0044335751681015,24.589389874295456,50.04095925095659,10.469178645869462,normal,none
1324,1.2114503658463376,22.901498238127477,49.96983238631801,24.338569045197904,attack,overvoltage
1325,0.650144002022198,23.986518377141792,49.9104868176999,11.497953627448045,attack,undervoltage
1326,0.8421069823413283,23.123071808005975,50.04058906918276,32.74868584404004,attack,undervoltage
1327,1.0149438414586842,21.042272412475295,49.9960927739581,25.61452594863982,normal,none
1328,0.9890029691219173,3.1227846313154433,49.96111840326855,16.593416351122038,attack,power_manipulation
1329,1.01385055122997,1.7005243960388794,49.86221589349549,28.6728010155068,attack,power_manipulation
1330,0.9931160685115499,21.701500438287574,50.117350457492776,33.222708836848966,normal,none
1331,1.1587049498682471,11.216181512757359,49.998468973887945,25.94854767675839,attack,overvoltage
1332,1.0297158624104814,1.8547694070905352,50.12634690469582,23.962617459088747,attack,power_manipulation
1333,0.9826115300966424,15.779733752308605,49.98748648502791,16.890138619700405,normal,none
1334,0.6903249651827885,21.613671641081506,50.07590007188947,11.917194701899804,attack,undervoltage
1335,1.001007447267122,26.64157351229059,50.01721242682435,13.94773777405902,normal,none
1336,0.987074751826924,27.668503768028117,49.74200795899047,41.504025879706475,normal,none
1337,0.9853402928097956,26.059668440068386,50.02979753917993,17.79727176589586,normal,none
1338,0.6806990339230095,25.49774380060176,49.910344833085325,32.30577288629598,attack,undervoltage
1339,1.2600800207252245,25.617067052810526,49.99786115687776,35.26273658313272,attack,overvoltage
1340,0.9882621665655842,18.52244824689696,50.01683215605328,15.779784977324445,normal,none
1341,1.016918406167013,22.56449519261603,50.11409995660942,19.214230121217984,normal,none
1342,0.9956778844391758,21.687684563777456,50.09749078544965,24.994661565881422,normal,none
1343,1.0316491145790923,26.20211385196983,49.82931469711476,22.16591179032548,normal,none
1344,1.0118477876842238,21.092586568931413,49.868421282280856,34.754972720999824,normal,none
1345,1.3899533304534495,23.05898127171339,49.97655013595462,24.814841618977706,attack,overvoltage
1346,1.3742970237856382,27.225570844432845,49.9930440647373,21.63369589781451,attack,overvoltage
1347,1.013484966796378,18.273467934152844,49.87467490232932,18.379029552350467,normal,none
1348,0.9982757023748594,19.500705352712,49.9615096305428,17.572866579803772,normal,none
1349,1.029895623701723,2.1355148833073545,50.08449215865897,25.42271631103227,attack,power_manipulation
1350,1.0287117135558141,20.447708007177386,50.095813971148175,31.333018125396066,normal,none
1351,0.9676323104627784,15.169864554114293,50.06575155957981,30.93486638282818,normal,none
1352,1.0294801440883226,14.968093629523548,49.775717948921425,19.86388431209064,normal,none
1353,1.1825098962683962,30.95474768563794,50.05497384051666,26.92641414652366,attack,overvoltage
1354,0.9833916905751235,20.300171765571434,50.001824343757384,24.59842784373872,normal,none
1355,0.6144012876335267,25.063652687263936,49.95026839926615,30.01601296913143,attack,undervoltage
1356,0.9855859599701879,4.079671184804128,50.03799679471842,28.099008932381203,attack,power_manipulation
1357,0.9837888384242,14.205367554357576,49.81675435736888,20.20328288135199,normal,none
1358,0.9879108157608275,2.7756987659584587,49.880123524024945,22.701007233749973,attack,power_manipulation
1359,1.0008955962944246,26.048003103517157,49.9290660642195,35.037064465872405,normal,none
1360,0.6153615329260037,23.942132270496245,50.16019629668821,25.933266442411252,attack,undervoltage
1361,0.672418325379633,25.77341120713546,50.16079047233711,30.33275027214566,attack,undervoltage
1362,1.004148892322672,16.501186858849003,49.991511467079505,32.350911830920346,normal,none
1363,1.0214400168716498,3.390044039015463,49.99835628628436,30.606235670830397,attack,power_manipulation
1364,1.030465849078238,21.6617571511039,50.009544901980796,36.242399820027266,normal,none
1365,0.9842963305685037,24.042889210829486,50.032465787394536,37.329355540256216,normal,none
1366,0.9861220854432714,18.863968510103515,50.115902209112306,19.43340682527688,normal,none
1367,1.0314864968467632,3.388131986353182,50.05414655456369,12.898067228432549,attack,power_manipulation
1368,0.9935846000736882,17.30446849511291,49.91329393852495,6.619398333861877,normal,none
1369,1.0142391936615789,15.910309431719416,50.03933134751644,9.28454558233234,normal,none
1370,0.9941181778994242,15.1517704050875,49.90658586020062,25.025230272545645,normal,none
1371,0.9882053478151396,15.367577266092026,50.06973840839122,19.910269904458822,normal,none
1372,0.9994832140717448,16.765836940235477,50.05832842491427,14.260045266421997,normal,none
1373,0.9977193972377082,17.174300518154443,49.893032046825894,21.62535386323916,normal,none
1374,1.0160463622483962,19.394813620584795,49.906627975523385,13.12413186541118,normal,none
1375,0.9624510538887676,4.244149879145056,50.06053588554292,25.38906318744916,normal,none
1376,1.013494510422511,23.84284659313813,49.96624743424857,23.457195678591965,normal,none
1377,0.9891544168233644,11.987024566897885,49.91029840048429,24.490521070702442,normal,none
1378,1.0094087801717617,27.497497801436126,50.05869982325087,29.96233157995372,normal,none
1379,0.9797914983526589,15.318369063727413,50.210558217941156,24.384443452777614,normal,none
1380,1.0257732470783074,19.404305977182286,49.98135216315524,29.141637071649534,normal,none
1381,1.0120983357700826,24.5148539297817,49.997653341667736,3.3984146048743646,normal,none
1382,0.954060190062571,20.31678316945909,50.01657220598096,31.0536627104552,normal,none
1383,0.9857346722372904,19.007035199774812,50.044158181161784,15.069218879222221,normal,none
1384,0.9908279715508447,25.06372820870223,49.985475405788996,23.223130925561833,normal,none
1385,1.0138098286225978,15.803316810817904,49.98917905155463,25.095693217772453,normal,none
1386,1.0114066173304115,3.666953699292574,50.11721009636784,23.303285794179917,attack,power_manipulation
1387,0.9964885632828903,19.185330357236367,50.075205129075286,28.721562469766617,normal,none
1388,1.0062490017325505,19.999648136191926,50.03322015250094,19.55581055280642,normal,none
1389,1.3600184687322092,12.558328344098232,50.060149532862695,17.160408657729,attack,overvoltage
1390,1.029688433830686,22.027538005459935,49.96080586456806,25.77263576398515,normal,none
1391,0.9832050967587872,12.6547240644622,50.025151944631524,21.070107201606444,normal,none
1392,0.9805352923555644,19.51160653308256,50.071544538376926,32.18328008285135,normal,none
1393,1.2822068030084552,22.145795277303318,50.019298319346625,35.38004949990579,attack,overvoltage
1394,1.165449927755917,28.317285323076163,50.0362431206644,31.9843735208208,attack,overvoltage
1395,1.040084170764416,19.0192806822662,49.88783824581596,26.41229521053635,normal,none
1396,0.9889984486779874,26.944072676064486,49.98546421875535,30.652431617099843,normal,none
1397,0.979665767776132,15.456146445464789,49.86490189457166,22.67318019868553,normal,none
1398,0.9939341509371279,18.11547545827819,50.090218351729725,14.878728664959098,normal,none
1399,0.9639818478183929,14.605712797174633,50.09216679240817,17.597052873128558,normal,none
1400,1.0063770868713946,15.204773524355868,50.02888541740703,22.468650895768125,normal,none
1401,0.9989188056058382,19.174086754904526,50.0442329595295,23.53237957392515,normal,none
1402,0.7440534976823946,18.54545748248678,49.92748853398043,19.900728472039443,attack,undervoltage
1403,1.0282370534296803,15.41839986431752,49.98723755617498,28.775580522841697,normal,none
1404,1.0139993193859678,3.8828392955546636,50.02412754773245,24.764158722587883,attack,power_manipulation
1405,0.7290368115869814,20.255513189474602,50.01301224845867,30.500852341116012,attack,undervoltage
1406,0.999255717917754,11.735223036744394,50.150807067013346,20.090404612734993,normal,none
1407,0.988639235566979,21.533552407504878,49.96093258383298,14.573263483362215,normal,none
1408,0.9753676548609566,24.587603142190822,49.908135972038025,8.668731787377528,normal,none
1409,0.9968726826051463,0.47591641867093804,49.82955566420494,28.06084896418517,attack,power_manipulation
1410,1.0253973758813082,19.36740156074,49.98908510935908,27.7038169964675,normal,none
1411,1.0111499134043513,19.2262101905721,49.85245879691003,27.61263173107588,normal,none
1412,1.0039890805485994,14.176164390962306,50.05612564612298,24.28481366846121,normal,none
1413,1.0034651072381306,0.9671219235265938,50.12102481157679,39.987215733433345,attack,power_manipulation
1414,0.9934435301842068,23.605908582586736,49.99868499109609,22.09178394927806,normal,none
1415,1.3246424853914913,13.390605433066671,49.70884223168578,24.194348721517322,attack,overvoltage
1416,0.9798301200834166,24.07636410766352,50.011662828910815,17.261530976638507,normal,none
1417,1.3678302850043984,17.99435889377403,49.93192307100343,24.093111183350473,attack,overvoltage
1418,0.6149747510776578,25.795261621166347,50.08922229024616,31.987553147129663,attack,undervoltage
1419,0.9996788334200167,17.289775217292004,49.97311264494317,32.20993859807335,normal,none
1420,0.9776329885873296,22.003454472749738,50.080188302882384,21.698696131790967,normal,none
1421,0.9920907904329299,22.89772388612425,50.2262905999144,17.06859523593617,normal,none
1422,0.9922718780104834,19.8856462008195,49.99374565879042,29.387494740017782,normal,none
1423,1.0115535411317549,21.730936083819884,49.92461155861365,20.02896677287005,normal,none
1424,1.0110771534530125,15.19714779702025,50.11452867227595,18.238801519942868,normal,none
1425,1.0281523199952969,17.337981723304292,50.02911643824632,33.25630817543406,normal,none
1426,0.9953834807444625,21.29425921803322,49.94232876182427,42.713810757977406,normal,none
1427,1.0083399225875382,16.530940006223112,50.01865782387627,14.66393254814867,normal,none
1428,0.9580789705106545,20.14574831001076,49.90067840815054,23.328369966230294,normal,none
1429,0.9914672259740288,22.14847030003224,49.98079533717416,23.613480666407163,normal,none
1430,0.967608582470191,8.47470284943028,49.99455204197358,16.955264068756648,normal,none
1431,0.9740061649209384,17.454915568799933,49.90946360556125,12.855696808290634,normal,none
1432,0.9917430319235236,13.98017702284925,49.93543191176621,18.752175245920217,normal,none
1433,0.9709319956965817,18.404237070329167,49.92625213111503,23.303612386803017,normal,none
1434,1.0014780986348535,16.00833408228659,50.101579441436066,30.297642345403148,normal,none
1435,1.336714960025662,15.695740632422794,49.84607629710963,10.86841432153305,attack,overvoltage
1436,1.0178709982176108,21.66259684578756,50.20769184982196,22.32216116609882,normal,none
1437,1.0013367965105313,20.16233933457802,50.1246583265775,23.530550680860877,normal,none
1438,1.0008220050943057,19.790694683776387,49.8413434135868,20.890917175933033,normal,none
1439,1.0193270118539235,19.57930793475564,49.85436956742087,32.19908060501386,normal,none
1440,1.0208050734609049,21.760161752739414,49.849835604736086,31.75588724017962,normal,none
1441,0.9686204003883581,20.16148794435535,49.99476294299656,24.900940101775678,normal,none
1442,1.3062438727756858,16.84253165985173,49.90105777944697,21.375197055127636,attack,overvoltage
1443,0.9849371373985735,19.337836406764353,50.08874712909169,23.62403041976748,normal,none
1444,0.9862495430451746,4.658220253670714,49.99576875964844,10.476269396007757,attack,power_manipulation
1445,0.9703015763407897,10.620831554946026,50.07003227731573,23.15613661362205,normal,none
1446,1.0098971338203118,16.876398372788696,49.98448857715022,21.95936958809667,normal,none
1447,1.0202258747302158,22.92857266624602,49.93876084535025,15.89905460845692,normal,none
1448,1.0018887940219954,18.836591301273998,49.9986308854136,27.50676349663436,normal,none
1449,1.0022621329249537,25.54847114309006,49.92371383493323,22.78000293657765,normal,none
1450,0.9842471906611966,20.392809934707316,50.00282412551877,21.860917571905766,normal,none
1451,0.6065289611905998,20.273219584454097,49.85647325680595,33.57249977042523,attack,undervoltage
1452,1.0232900183299543,15.08787810606189,50.11251480903601,36.02139300415736,normal,none
1453,0.9778736483967019,20.147642400264726,49.94068529991344,25.302873436512826,normal,none
1454,1.0126609782823994,23.436498036756436,49.98451497680595,36.96469489733697,normal,none
1455,0.9980152749644325,20.1478452406699,50.04555956890752,37.43390968494028,normal,none
1456,1.0173030311020756,22.425397075062964,49.739684904083916,37.07584675644135,normal,none
1457,1.0247083594849684,18.02564434859276,50.05819079228034,33.951958611286365,normal,none
1458,1.3667103291079856,15.405308224798087,50.03617200980014,22.671084557370673,attack,overvoltage
1459,0.9643848650629645,13.760662657557319,49.8839587175273,20.92814831480795,normal,none
1460,1.0173525657179614,3.913215152818511,49.84259665475085,37.552169724241566,attack,power_manipulation
1461,1.0079633196551019,18.648613302681152,50.02242304397987,19.575077876396385,normal,none
1462,1.0069165575790306,6.143404415323257,49.900234715568416,23.118678923730872,normal,none
1463,0.9792554772411878,23.36743579692254,49.92515895601279,15.153489404715664,normal,none
1464,0.992089227713311,22.492770038219927,49.797343975780535,17.836538479500707,normal,none
1465,0.9526728106336957,17.60623930824698,50.047194354324596,19.279940020556836,normal,none
1466,0.9805163153807153,17.72753320983912,49.96894496999225,26.31401606208205,normal,none
1467,0.9698842477424677,1.847137597846793,50.02760171670898,21.35246999168024,attack,power_manipulation
1468,1.023749749787642,11.315054133411083,50.12757431975311,19.671503803226287,normal,none
1469,1.009542352943541,3.5890419843416894,50.11177087174002,29.680855410954052,attack,power_manipulation
1470,0.9700236547039488,30.134415530931143,49.92936794748336,32.3017706167885,normal,none
1471,0.9509845491494895,18.21916808615231,49.896210990653834,29.192505537757597,normal,none
1472,0.951764356283743,15.28513349042716,49.979852059495784,30.7094254759562,normal,none
1473,1.0120349028485474,19.240325726674545,50.03603832347432,3.3456056700061865,normal,none
1474,1.0195722983258033,21.9345003755663,50.132960871631845,30.92350722651959,normal,none
1475,0.8000454364990501,11.941202574295014,50.08276809663472,20.9396529404382,attack,undervoltage
1476,1.0375035419401253,15.49784349044884,50.025401381137165,27.75613977188807,normal,none
1477,0.9600552891309112,20.89257765075725,50.03509600029109,18.724068249816046,normal,none
1478,0.990967173832005,17.71433709862463,49.93875626295786,37.67677035300212,normal,none
1479,1.0219855965434914,15.299075427042531,50.0249415234281,10.299971858144861,normal,none
1480,1.0318575697648924,12.367786933272113,49.959249819274575,27.700032000332286,normal,none
1481,0.9695734251689403,19.499877836381298,49.954250362499806,19.903920149011327,normal,none
1482,1.0036886945182217,25.04727193957753,49.89912107393346,45.57034651751073,normal,none
1483,0.9842699426580184,24.706991409224212,50.077571977489946,31.03698789390318,normal,none
1484,1.2405747771124802,18.283093201702755,50.04374915881178,13.014364269599255,attack,overvoltage
1485,0.8222813770458555,14.622798962297955,50.12375945034863,18.904177809236998,attack,undervoltage
1486,1.011656767280941,22.014909833799358,49.98383199610043,38.55028794270883,normal,none
1487,1.0086545105168614,25.767800383865485,50.02686655647601,35.63172582374756,normal,none
1488,0.9953081842313547,18.22285146485797,50.03846758752189,32.07006093469735,normal,none
1489,1.0286356147916302,23.90105165377799,50.06995050387714,19.48488358927886,normal,none
1490,0.9928877076389083,29.410942789067924,49.89431711034086,9.396052085742138,normal,none
1491,0.988522596710861,4.069444174642789,50.17693189193473,22.798211579950138,attack,power_manipulation
1492,0.9970642013222017,19.15027549378613,49.95372813402071,7.319720317992498,normal,none
1493,0.9947095566310507,22.534344898276256,49.92234003893156,35.38587888578743,normal,none
1494,1.013168893850681,16.50172480893008,50.023348673769945,25.121283829568906,normal,none
1495,0.8008147598473585,21.474453625330817,49.92279166842167,33.108136203169806,attack,undervoltage
1496,0.9967129265011316,11.279474455527671,50.02033179307455,18.822561119108002,normal,none
1497,1.031112701102346,30.64427022082192,49.92191610837503,23.72265278685798,normal,none
1498,1.2940780784125292,18.583315197268494,49.765166321150296,21.588931505891708,attack,overvoltage
1499,0.9683778441076598,20.11836522672863,50.00419279980137,18.242212488437744,normal,none
